-- +goose Up
-- Generated by scripts/generate_decision_rule_mock.go
-- Seed: 1776902400

INSERT INTO channels ("ID", "CHANNEL_NAME", "CREATED_AT", "UPDATED_AT") VALUES
('e9553a73-4cf6-4d27-b472-0e021ca89b82', 'Home', NOW(), NOW()),
('4efbb584-63c1-4306-aeb8-b499f5f00453', 'Portfolio', NOW(), NOW()),
('4acfb9dd-ad0d-49de-972e-4152b1ba9a02', 'Wealth', NOW(), NOW()),
('9e7585cf-6ae3-4db5-aabb-e2bd241140da', 'Offer', NOW(), NOW());

INSERT INTO placements ("ID", "PLACEMENT_NAME", "CHANNEL_ID", "CREATED_AT", "UPDATED_AT") VALUES
('b1426921-e912-45b9-bcfa-ddfc0a857a5a', 'wsaLandingPage', '9e7585cf-6ae3-4db5-aabb-e2bd241140da', NOW(), NOW()),
('242c6c27-f64e-42d5-a399-ce807b885f0c', 'wsaHomeBanner', 'e9553a73-4cf6-4d27-b472-0e021ca89b82', NOW(), NOW()),
('2b59ee94-fad7-4baf-8fcf-3b3b47bf0aaa', 'wsaSplash', '4acfb9dd-ad0d-49de-972e-4152b1ba9a02', NOW(), NOW()),
('fc987d93-0a69-46f3-a5c0-f22edb9e5f83', 'wsaHomeBanner', 'e9553a73-4cf6-4d27-b472-0e021ca89b82', NOW(), NOW()),
('063121f4-987d-4ee5-9944-d164ed786ba0', 'wsaLandingPage', '9e7585cf-6ae3-4db5-aabb-e2bd241140da', NOW(), NOW()),
('e8e7e55f-d7ee-4480-846a-186495b6ef6b', 'wsaLandingPage', '9e7585cf-6ae3-4db5-aabb-e2bd241140da', NOW(), NOW()),
('cbe497c5-b7d4-4e53-bfdb-27a4576f1f49', 'wsaSplash', '4acfb9dd-ad0d-49de-972e-4152b1ba9a02', NOW(), NOW()),
('ba446df4-3952-4c65-8ed4-2cf61574d97c', 'wsaHomeBanner', 'e9553a73-4cf6-4d27-b472-0e021ca89b82', NOW(), NOW()),
('d46e5973-3958-4267-8422-53c2d726846a', 'wsaSplash', '4acfb9dd-ad0d-49de-972e-4152b1ba9a02', NOW(), NOW()),
('323826d2-6453-46ec-9b8b-79c6a74caa9a', 'wsaSplash', '4acfb9dd-ad0d-49de-972e-4152b1ba9a02', NOW(), NOW()),
('7b1aafd5-43a1-468b-a41a-755d4bce43b3', 'wsaLandingPage', '9e7585cf-6ae3-4db5-aabb-e2bd241140da', NOW(), NOW()),
('e87357bb-6346-4c2b-9f1e-1303935f7ede', 'wsaSplash', '4acfb9dd-ad0d-49de-972e-4152b1ba9a02', NOW(), NOW()),
('5f5aa59d-3734-4b80-a52c-164bc9b56a89', 'wsaLandingPage', '9e7585cf-6ae3-4db5-aabb-e2bd241140da', NOW(), NOW()),
('3da5c584-8059-4afd-b452-2bae1e54892b', 'wsaHomeBanner', 'e9553a73-4cf6-4d27-b472-0e021ca89b82', NOW(), NOW()),
('84516cad-6f37-4dcc-8dcd-306a47946064', 'wsaSplash', '4acfb9dd-ad0d-49de-972e-4152b1ba9a02', NOW(), NOW()),
('3f669951-f35f-41f2-8b7e-b0c9021e61c8', 'wsaHomeBanner', 'e9553a73-4cf6-4d27-b472-0e021ca89b82', NOW(), NOW()),
('e59c1e10-3a6b-45cc-8736-4472a3e3e7ac', 'wsaLandingPage', '9e7585cf-6ae3-4db5-aabb-e2bd241140da', NOW(), NOW()),
('65f71a59-5d29-4077-bef0-9a231951d221', 'wsaHomeBanner', 'e9553a73-4cf6-4d27-b472-0e021ca89b82', NOW(), NOW()),
('ec504147-3158-4b6a-97d4-11b257e5ee80', 'wsaSplash', '4acfb9dd-ad0d-49de-972e-4152b1ba9a02', NOW(), NOW()),
('462d4b02-fc13-48ad-9ac1-0d60bb425617', 'wsaSplash', '4acfb9dd-ad0d-49de-972e-4152b1ba9a02', NOW(), NOW()),
('3b056137-e802-4b36-aa30-e285327ce6fe', 'wsaPortBanner', '4efbb584-63c1-4306-aeb8-b499f5f00453', NOW(), NOW()),
('374609f1-bab7-4be7-8796-1b1e0c05b3ba', 'wsaSplash', '4acfb9dd-ad0d-49de-972e-4152b1ba9a02', NOW(), NOW()),
('385e01d3-ded7-415a-a969-fa1d27f97d5b', 'wsaLandingPage', '9e7585cf-6ae3-4db5-aabb-e2bd241140da', NOW(), NOW()),
('0d4308b8-aadb-436e-a466-fa59df8a0829', 'wsaPortBanner', '4efbb584-63c1-4306-aeb8-b499f5f00453', NOW(), NOW()),
('7de170da-2527-400a-88db-fa15120db0c9', 'wsaSplash', '4acfb9dd-ad0d-49de-972e-4152b1ba9a02', NOW(), NOW()),
('490de9fc-631d-4fdc-b7b6-6742fd7b59d8', 'wsaHomeBanner', 'e9553a73-4cf6-4d27-b472-0e021ca89b82', NOW(), NOW()),
('88e06979-cbdb-4a09-a415-d50aaa278257', 'wsaLandingPage', '9e7585cf-6ae3-4db5-aabb-e2bd241140da', NOW(), NOW()),
('fed52609-f2d0-457a-b9cb-3e49672c14da', 'wsaSplash', '4acfb9dd-ad0d-49de-972e-4152b1ba9a02', NOW(), NOW()),
('8a3d1b56-b743-4221-a6ed-3a2940919223', 'wsaLandingPage', '9e7585cf-6ae3-4db5-aabb-e2bd241140da', NOW(), NOW()),
('76959e0c-5222-4f3a-b692-50d047ca7fdc', 'wsaHomeBanner', 'e9553a73-4cf6-4d27-b472-0e021ca89b82', NOW(), NOW()),
('700a7f7c-0c05-43d8-9e55-53e815b772d2', 'wsaLandingPage', '9e7585cf-6ae3-4db5-aabb-e2bd241140da', NOW(), NOW()),
('7df7c66b-9c36-4bff-95eb-dfdca6183add', 'wsaPortBanner', '4efbb584-63c1-4306-aeb8-b499f5f00453', NOW(), NOW()),
('8a038072-7f62-420c-9f72-ade3ecc46c3e', 'wsaHomeBanner', 'e9553a73-4cf6-4d27-b472-0e021ca89b82', NOW(), NOW()),
('c03f6a1a-d7d4-4300-af72-25f3cbe9c1cc', 'wsaSplash', '4acfb9dd-ad0d-49de-972e-4152b1ba9a02', NOW(), NOW()),
('834a8261-1af0-4304-9d8c-c05f90f530e7', 'wsaLandingPage', '9e7585cf-6ae3-4db5-aabb-e2bd241140da', NOW(), NOW()),
('ea5bc0d4-a481-46b1-9488-296def964d82', 'wsaPortBanner', '4efbb584-63c1-4306-aeb8-b499f5f00453', NOW(), NOW()),
('1bc078bd-f947-4137-bf33-f958a0e7e887', 'wsaLandingPage', '9e7585cf-6ae3-4db5-aabb-e2bd241140da', NOW(), NOW()),
('8edf98cc-c06b-4f01-a174-4415377f50aa', 'wsaSplash', '4acfb9dd-ad0d-49de-972e-4152b1ba9a02', NOW(), NOW()),
('74b507f7-dcb4-4ccb-846d-d7c3e93bf2fd', 'wsaPortBanner', '4efbb584-63c1-4306-aeb8-b499f5f00453', NOW(), NOW()),
('ae40426c-f506-4876-a91c-44577b6ef0e5', 'wsaPortBanner', '4efbb584-63c1-4306-aeb8-b499f5f00453', NOW(), NOW()),
('1a4d017e-149f-436c-ba01-8ec0127a8397', 'wsaPortBanner', '4efbb584-63c1-4306-aeb8-b499f5f00453', NOW(), NOW()),
('5d5e88d7-75c8-42ed-8bd6-568b011b6644', 'wsaSplash', '4acfb9dd-ad0d-49de-972e-4152b1ba9a02', NOW(), NOW()),
('892b8614-f8e7-4629-b28f-744fb5ba6d91', 'wsaPortBanner', '4efbb584-63c1-4306-aeb8-b499f5f00453', NOW(), NOW()),
('16ecba3c-95ac-4695-a9b2-63643fe4e54e', 'wsaHomeBanner', 'e9553a73-4cf6-4d27-b472-0e021ca89b82', NOW(), NOW()),
('411ab576-4a9a-4f87-b51d-7c2e413236ca', 'wsaPortBanner', '4efbb584-63c1-4306-aeb8-b499f5f00453', NOW(), NOW()),
('d9ba1bda-8c53-4aec-9a85-8773c99f2541', 'wsaPortBanner', '4efbb584-63c1-4306-aeb8-b499f5f00453', NOW(), NOW()),
('27ecbc31-b223-4831-8b33-146e3ed48109', 'wsaSplash', '4acfb9dd-ad0d-49de-972e-4152b1ba9a02', NOW(), NOW()),
('d25f7d8b-39d3-4495-ad5e-eab0ce7753aa', 'wsaHomeBanner', 'e9553a73-4cf6-4d27-b472-0e021ca89b82', NOW(), NOW()),
('e34abb29-09c0-4764-b8c9-887d1910d868', 'wsaLandingPage', '9e7585cf-6ae3-4db5-aabb-e2bd241140da', NOW(), NOW()),
('ba444d22-df63-4642-a7ba-d296088bbc59', 'wsaSplash', '4acfb9dd-ad0d-49de-972e-4152b1ba9a02', NOW(), NOW());

INSERT INTO clen_schema_registry ("ID", "SCHEMA_NAME", "VERSION", "SCHEMA_DEFINITION", "IS_ACTIVE", "CREATED_AT", "UPDATED_AT") VALUES
('13822f65-d938-445b-85c0-b0893a6e464c', 'PersonalizationAudience', '1.0.0', '{"type":"object","properties":{"segment":{"type":"string"},"user_age":{"type":"number"},"region":{"type":"string"},"risk_level":{"type":"number"}}}', true, NOW(), NOW());

INSERT INTO attributes ("ID", "CLEN_SCHEMA_REGISTRY_ID", "FIELD_NAME", "DISPLAY_NAME", "DATA_TYPE", "VALUE", "DESCRIPTION", "SOURCE_SYSTEM", "IS_ACTIVE", "CREATED_AT", "UPDATED_AT") VALUES
('0d8bcd56-cdcd-4333-8d69-27dbe971640b', '13822f65-d938-445b-85c0-b0893a6e464c', 'segment', 'User Segment', 'Text', '["Mass","Affluent","VIP","Young Wealth","SME"]', 'Customer segmentation bucket from CLEN', 'CLEN', true, NOW(), NOW()),
('add991df-4a88-45cf-a9c1-18a8be96fc56', '13822f65-d938-445b-85c0-b0893a6e464c', 'user_age', 'User Age', 'Number', NULL, 'Age of the user in years', 'CLEN', true, NOW(), NOW()),
('0f715778-2891-45af-8cf2-43096aba9a7b', '13822f65-d938-445b-85c0-b0893a6e464c', 'region', 'Region', 'Text', '["Bangkok","Central","North","Northeast","South"]', 'Preferred operating region of the user', 'CLEN', true, NOW(), NOW()),
('6a4bc7c1-c99c-4338-adfb-c542f7ab5cbf', '13822f65-d938-445b-85c0-b0893a6e464c', 'risk_level', 'Risk Level', 'Number', '[1,2,3,4,5]', 'Investment risk level score', 'CLEN', true, NOW(), NOW());

INSERT INTO decision_rules ("ID", "NAME", "TYPE", "EVALUATE_TYPE", "CONTENT_PATH", "SCORE", "STATUS", "CREATED_AT", "UPDATED_AT") VALUES
('3b310a55-610d-4c0f-9509-118c956efabd', 'wsaLandingPage', 'AUDIENCE', 'SCORING', 'personalizedContent/offer/wsalandingpage-01', 8.4, 'ACTIVE', NOW(), NOW()),
('8ecfc55f-1f28-4db3-ba1a-806268e4d726', 'wsaHomeBanner', 'AUDIENCE', 'SCORING', 'personalizedContent/home/wsahomebanner-02', 2.0, 'ACTIVE', NOW(), NOW()),
('9441d812-e223-496e-8582-2c5f287a5eb1', 'wsaSplash', 'AUDIENCE', 'SCORING', 'personalizedContent/wealth/wsasplash-03', 1.8, 'ACTIVE', NOW(), NOW()),
('60599153-88ab-48f2-9bbf-ef7f6a5e9b88', 'wsaHomeBanner', 'AUDIENCE', 'SCORING', 'personalizedContent/home/wsahomebanner-04', 0.9, 'ACTIVE', NOW(), NOW()),
('d8b87179-13c4-4b46-bb36-f38ba0685266', 'wsaLandingPage', 'AUDIENCE', 'SCORING', 'personalizedContent/offer/wsalandingpage-05', 0.7, 'ACTIVE', NOW(), NOW()),
('3a61824f-fa9e-439d-9502-d355ce2c7a1d', 'wsaLandingPage', 'AUDIENCE', 'SCORING', 'personalizedContent/offer/wsalandingpage-06', 7.4, 'ACTIVE', NOW(), NOW()),
('1dc9a804-3969-434d-b808-2648c2e4eeab', 'wsaSplash', 'AUDIENCE', 'SCORING', 'personalizedContent/wealth/wsasplash-07', 7.0, 'ACTIVE', NOW(), NOW()),
('4810fffc-b9b4-4867-af73-134d4bb65fa5', 'wsaHomeBanner', 'AUDIENCE', 'SCORING', 'personalizedContent/home/wsahomebanner-08', 1.7, 'ACTIVE', NOW(), NOW()),
('1c7c6813-e7b9-4495-a714-7267c17485a8', 'wsaSplash', 'AUDIENCE', 'SCORING', 'personalizedContent/wealth/wsasplash-09', 2.2, 'ACTIVE', NOW(), NOW()),
('31653e4e-3b90-4919-b1cf-c06faa919285', 'wsaSplash', 'AUDIENCE', 'SCORING', 'personalizedContent/wealth/wsasplash-10', 1.2, 'ACTIVE', NOW(), NOW()),
('78068503-e85d-4b1f-a199-1c05f90a2903', 'wsaLandingPage', 'AUDIENCE', 'SCORING', 'personalizedContent/offer/wsalandingpage-11', 6.2, 'ACTIVE', NOW(), NOW()),
('9217ff4a-4361-4dcc-b105-20403af3b331', 'wsaSplash', 'AUDIENCE', 'SCORING', 'personalizedContent/wealth/wsasplash-12', 0.9, 'ACTIVE', NOW(), NOW()),
('76c32140-3a33-472e-98ba-92dd52274c46', 'wsaLandingPage', 'AUDIENCE', 'SCORING', 'personalizedContent/offer/wsalandingpage-13', 7.7, 'ACTIVE', NOW(), NOW()),
('562f9e7a-4dec-4c4c-9f51-a6a563ffcea2', 'wsaHomeBanner', 'AUDIENCE', 'SCORING', 'personalizedContent/home/wsahomebanner-14', 7.7, 'ACTIVE', NOW(), NOW()),
('3eb5105a-7b5a-4e35-ab9c-16a8202e1e65', 'wsaSplash', 'AUDIENCE', 'SCORING', 'personalizedContent/wealth/wsasplash-15', 8.2, 'ACTIVE', NOW(), NOW()),
('ec7f0bb2-eb1f-4359-b08e-2d7967ef65ef', 'wsaHomeBanner', 'AUDIENCE', 'SCORING', 'personalizedContent/home/wsahomebanner-16', 2.1, 'ACTIVE', NOW(), NOW()),
('69846006-674d-4939-a5d6-38bf6948d22f', 'wsaLandingPage', 'AUDIENCE', 'SCORING', 'personalizedContent/offer/wsalandingpage-17', 4.9, 'ACTIVE', NOW(), NOW()),
('d40c2f4f-b11a-4b8e-b95e-0d8616e76d66', 'wsaHomeBanner', 'AUDIENCE', 'SCORING', 'personalizedContent/home/wsahomebanner-18', 8.2, 'ACTIVE', NOW(), NOW()),
('3c1dcea8-c010-42b5-bcb5-240790144621', 'wsaSplash', 'AUDIENCE', 'SCORING', 'personalizedContent/wealth/wsasplash-19', 4.4, 'ACTIVE', NOW(), NOW()),
('10b8bf64-db5d-4320-b3a1-084e1cf5d500', 'wsaSplash', 'AUDIENCE', 'SCORING', 'personalizedContent/wealth/wsasplash-20', 8.4, 'ACTIVE', NOW(), NOW()),
('9f76e77c-0aa4-4760-aab2-c813f218510b', 'wsaPortBanner', 'AUDIENCE', 'SCORING', 'personalizedContent/portfolio/wsaportbanner-21', 2.7, 'ACTIVE', NOW(), NOW()),
('42860d8a-1dfa-4fb1-b10b-ec2030e3708f', 'wsaSplash', 'AUDIENCE', 'SCORING', 'personalizedContent/wealth/wsasplash-22', 7.5, 'ACTIVE', NOW(), NOW()),
('830a397d-4490-4272-9dc1-57db03d9231f', 'wsaLandingPage', 'AUDIENCE', 'SCORING', 'personalizedContent/offer/wsalandingpage-23', 7.7, 'ACTIVE', NOW(), NOW()),
('486cc180-83d0-46a2-8e18-902e35df2920', 'wsaPortBanner', 'AUDIENCE', 'SCORING', 'personalizedContent/portfolio/wsaportbanner-24', 1.1, 'ACTIVE', NOW(), NOW()),
('70f9a5b3-a116-4d69-91cf-0dfbe440ee0f', 'wsaSplash', 'AUDIENCE', 'SCORING', 'personalizedContent/wealth/wsasplash-25', 2.4, 'ACTIVE', NOW(), NOW()),
('2d908c41-6b24-40d7-83cc-f6a70f5bd9f2', 'wsaHomeBanner', 'AUDIENCE', 'SCORING', 'personalizedContent/home/wsahomebanner-26', 3.2, 'ACTIVE', NOW(), NOW()),
('6fb27269-79b6-4529-9aad-a9dda0db2f33', 'wsaLandingPage', 'AUDIENCE', 'SCORING', 'personalizedContent/offer/wsalandingpage-27', 1.2, 'ACTIVE', NOW(), NOW()),
('f169cef3-ccae-4216-90b0-65d488c04418', 'wsaSplash', 'AUDIENCE', 'SCORING', 'personalizedContent/wealth/wsasplash-28', 8.1, 'ACTIVE', NOW(), NOW()),
('18bac0cc-cea8-4f03-897a-a29312452eb0', 'wsaLandingPage', 'AUDIENCE', 'SCORING', 'personalizedContent/offer/wsalandingpage-29', 3.2, 'ACTIVE', NOW(), NOW()),
('6a19808c-c64d-4e55-b6f2-0cb606b5f295', 'wsaHomeBanner', 'AUDIENCE', 'SCORING', 'personalizedContent/home/wsahomebanner-30', 1.4, 'ACTIVE', NOW(), NOW()),
('da72f0d5-b592-40fe-aa4e-ff37ac00944f', 'wsaLandingPage', 'AUDIENCE', 'SCORING', 'personalizedContent/offer/wsalandingpage-31', 7.5, 'ACTIVE', NOW(), NOW()),
('c14839cd-672b-4b77-8bde-c2e507df8ecd', 'wsaPortBanner', 'AUDIENCE', 'SCORING', 'personalizedContent/portfolio/wsaportbanner-32', 4.4, 'ACTIVE', NOW(), NOW()),
('c3296a6b-e2d1-4daa-8ee7-5d4f5195ae5a', 'wsaHomeBanner', 'AUDIENCE', 'SCORING', 'personalizedContent/home/wsahomebanner-33', 1.4, 'ACTIVE', NOW(), NOW()),
('38973170-3cfd-4942-b69a-fac068c24457', 'wsaSplash', 'AUDIENCE', 'SCORING', 'personalizedContent/wealth/wsasplash-34', 7.5, 'ACTIVE', NOW(), NOW()),
('6382a24d-e597-47e0-b57d-dffbca9fac0d', 'wsaLandingPage', 'AUDIENCE', 'SCORING', 'personalizedContent/offer/wsalandingpage-35', 3.5, 'ACTIVE', NOW(), NOW()),
('a32324a9-f1ea-45a7-8551-4d364169d191', 'wsaPortBanner', 'AUDIENCE', 'SCORING', 'personalizedContent/portfolio/wsaportbanner-36', 2.9, 'ACTIVE', NOW(), NOW()),
('fd75fe3b-2c89-457e-b5f2-898625a29dba', 'wsaLandingPage', 'AUDIENCE', 'SCORING', 'personalizedContent/offer/wsalandingpage-37', 6.2, 'ACTIVE', NOW(), NOW()),
('febce4d3-92c0-4e69-ab00-ee51d087eb67', 'wsaSplash', 'AUDIENCE', 'SCORING', 'personalizedContent/wealth/wsasplash-38', 5.2, 'ACTIVE', NOW(), NOW()),
('62ca27eb-1ba6-4577-9ff7-029fb214fe43', 'wsaPortBanner', 'AUDIENCE', 'SCORING', 'personalizedContent/portfolio/wsaportbanner-39', 2.2, 'ACTIVE', NOW(), NOW()),
('3d45f77e-556d-44f5-9b33-7f52123c09db', 'wsaPortBanner', 'AUDIENCE', 'SCORING', 'personalizedContent/portfolio/wsaportbanner-40', 4.8, 'ACTIVE', NOW(), NOW()),
('4883d8ab-6ed9-4486-bf0a-960ab4b90b0e', 'wsaPortBanner', 'AUDIENCE', 'SCORING', 'personalizedContent/portfolio/wsaportbanner-41', 6.2, 'ACTIVE', NOW(), NOW()),
('584557b9-a5a7-49a1-b0e3-3558ea545483', 'wsaSplash', 'AUDIENCE', 'SCORING', 'personalizedContent/wealth/wsasplash-42', 4.2, 'ACTIVE', NOW(), NOW()),
('3135e887-9a52-414f-a8c8-e1334ab519cf', 'wsaPortBanner', 'AUDIENCE', 'SCORING', 'personalizedContent/portfolio/wsaportbanner-43', 1.2, 'ACTIVE', NOW(), NOW()),
('c01340a7-03d2-4d37-98d9-9542576a53a1', 'wsaHomeBanner', 'AUDIENCE', 'SCORING', 'personalizedContent/home/wsahomebanner-44', 5.1, 'ACTIVE', NOW(), NOW()),
('81b1f34a-f722-4cf4-b739-99653feaddfd', 'wsaPortBanner', 'AUDIENCE', 'SCORING', 'personalizedContent/portfolio/wsaportbanner-45', 7.7, 'ACTIVE', NOW(), NOW()),
('6edc9b63-6515-4a20-8cfa-976986083c2f', 'wsaPortBanner', 'AUDIENCE', 'SCORING', 'personalizedContent/portfolio/wsaportbanner-46', 4.6, 'ACTIVE', NOW(), NOW()),
('53894eea-017a-495d-8ef3-c93c861d8b3c', 'wsaSplash', 'AUDIENCE', 'SCORING', 'personalizedContent/wealth/wsasplash-47', 1.5, 'ACTIVE', NOW(), NOW()),
('fb037355-fd74-4b3e-8ea8-4227f11ea119', 'wsaHomeBanner', 'AUDIENCE', 'SCORING', 'personalizedContent/home/wsahomebanner-48', 7.7, 'ACTIVE', NOW(), NOW()),
('c32b9003-4feb-4c2d-9991-f56064949d11', 'wsaLandingPage', 'AUDIENCE', 'SCORING', 'personalizedContent/offer/wsalandingpage-49', 3.1, 'ACTIVE', NOW(), NOW()),
('227818fb-14bc-4fb9-9215-f4d20fa35cc8', 'wsaSplash', 'AUDIENCE', 'SCORING', 'personalizedContent/wealth/wsasplash-50', 8.2, 'ACTIVE', NOW(), NOW());

INSERT INTO rule_conditions ("ID", "SEQUENCE", "DECISION_RULE_ID", "ATTRIBUTE_ID", "LOGICAL_OPERATOR", "CONNECTOR_OPERATOR", "CREATED_AT", "UPDATED_AT") VALUES
('3283fe7e-56db-4b3e-9fdb-65426e3f7701', 1, '3b310a55-610d-4c0f-9509-118c956efabd', 'add991df-4a88-45cf-a9c1-18a8be96fc56', '>=', 'AND', NOW(), NOW()),
('3b806b6b-948e-44a7-9a6a-6e490dd376ce', 1, '8ecfc55f-1f28-4db3-ba1a-806268e4d726', '0f715778-2891-45af-8cf2-43096aba9a7b', '=', 'AND', NOW(), NOW()),
('036e5aa3-833e-4e83-aa15-1950b732feea', 1, '9441d812-e223-496e-8582-2c5f287a5eb1', '0f715778-2891-45af-8cf2-43096aba9a7b', '=', 'AND', NOW(), NOW()),
('dc108443-e16e-4430-9702-1bef4daa260c', 1, '60599153-88ab-48f2-9bbf-ef7f6a5e9b88', 'add991df-4a88-45cf-a9c1-18a8be96fc56', '<=', 'AND', NOW(), NOW()),
('a7dc169b-bf5e-48f7-b86d-636bf355a4df', 1, 'd8b87179-13c4-4b46-bb36-f38ba0685266', 'add991df-4a88-45cf-a9c1-18a8be96fc56', '>=', 'AND', NOW(), NOW()),
('897e8071-4c5b-4fa8-88cf-9c07a2a74aee', 1, '3a61824f-fa9e-439d-9502-d355ce2c7a1d', '6a4bc7c1-c99c-4338-adfb-c542f7ab5cbf', '>=', 'AND', NOW(), NOW()),
('59d618ee-8644-4d79-b88b-3f0a30330314', 1, '1dc9a804-3969-434d-b808-2648c2e4eeab', '6a4bc7c1-c99c-4338-adfb-c542f7ab5cbf', '>=', 'AND', NOW(), NOW()),
('dcac8d3e-7583-4526-b6d0-adc182607b68', 1, '4810fffc-b9b4-4867-af73-134d4bb65fa5', '6a4bc7c1-c99c-4338-adfb-c542f7ab5cbf', '<=', 'AND', NOW(), NOW()),
('23d13410-32d6-42d1-8405-83066324475f', 1, '1c7c6813-e7b9-4495-a714-7267c17485a8', '0f715778-2891-45af-8cf2-43096aba9a7b', '=', 'AND', NOW(), NOW()),
('434301ce-6c97-4e48-82fe-821a6900376e', 1, '31653e4e-3b90-4919-b1cf-c06faa919285', '0f715778-2891-45af-8cf2-43096aba9a7b', '=', 'AND', NOW(), NOW()),
('3c0a811f-54c1-44ad-a7a0-2fb45793936e', 1, '78068503-e85d-4b1f-a199-1c05f90a2903', '6a4bc7c1-c99c-4338-adfb-c542f7ab5cbf', '>=', 'AND', NOW(), NOW()),
('e93a70e3-8b31-4864-be5a-5bb075a584a2', 1, '9217ff4a-4361-4dcc-b105-20403af3b331', '6a4bc7c1-c99c-4338-adfb-c542f7ab5cbf', '>=', 'AND', NOW(), NOW()),
('c64d6350-41cd-4105-b4c0-75d8ca4dda78', 1, '76c32140-3a33-472e-98ba-92dd52274c46', 'add991df-4a88-45cf-a9c1-18a8be96fc56', '<=', 'AND', NOW(), NOW()),
('68da4c45-21b8-4883-aa13-7b07c3f88480', 1, '562f9e7a-4dec-4c4c-9f51-a6a563ffcea2', 'add991df-4a88-45cf-a9c1-18a8be96fc56', '<=', 'AND', NOW(), NOW()),
('90f84e9c-e23f-4847-a3a3-aaaaa7158ef8', 1, '3eb5105a-7b5a-4e35-ab9c-16a8202e1e65', 'add991df-4a88-45cf-a9c1-18a8be96fc56', '>=', 'AND', NOW(), NOW()),
('ab16e513-97dd-41c4-9b3d-b12f4e6269f8', 1, 'ec7f0bb2-eb1f-4359-b08e-2d7967ef65ef', '0d8bcd56-cdcd-4333-8d69-27dbe971640b', '=', 'AND', NOW(), NOW()),
('c5e48408-274a-4096-90e2-fc7f307ea864', 1, '69846006-674d-4939-a5d6-38bf6948d22f', '0f715778-2891-45af-8cf2-43096aba9a7b', '=', 'AND', NOW(), NOW()),
('2d3dc0d7-24a9-42a8-aa46-81deddc80199', 1, 'd40c2f4f-b11a-4b8e-b95e-0d8616e76d66', '0d8bcd56-cdcd-4333-8d69-27dbe971640b', '=', 'AND', NOW(), NOW()),
('d34461ac-1145-43cd-bd35-307ac207235e', 1, '3c1dcea8-c010-42b5-bcb5-240790144621', '0f715778-2891-45af-8cf2-43096aba9a7b', '=', 'AND', NOW(), NOW()),
('5e8cf922-be4f-4e27-9dfe-6c31c7430b17', 1, '10b8bf64-db5d-4320-b3a1-084e1cf5d500', '0d8bcd56-cdcd-4333-8d69-27dbe971640b', '=', 'AND', NOW(), NOW()),
('ea243168-c2e1-484a-9e8c-ed76ee744afe', 1, '9f76e77c-0aa4-4760-aab2-c813f218510b', '6a4bc7c1-c99c-4338-adfb-c542f7ab5cbf', '>=', 'AND', NOW(), NOW()),
('598751c9-513d-4789-b669-ff860dc8d71c', 1, '42860d8a-1dfa-4fb1-b10b-ec2030e3708f', '0d8bcd56-cdcd-4333-8d69-27dbe971640b', '=', 'AND', NOW(), NOW()),
('898f5b32-bb8c-44bc-b389-76721dcb9552', 1, '830a397d-4490-4272-9dc1-57db03d9231f', 'add991df-4a88-45cf-a9c1-18a8be96fc56', '>=', 'AND', NOW(), NOW()),
('7c7594c0-db13-43ed-816d-e21f517eda6c', 1, '486cc180-83d0-46a2-8e18-902e35df2920', '0d8bcd56-cdcd-4333-8d69-27dbe971640b', '=', 'AND', NOW(), NOW()),
('d763334e-5dd9-4009-94b2-fca0a09def60', 1, '70f9a5b3-a116-4d69-91cf-0dfbe440ee0f', '6a4bc7c1-c99c-4338-adfb-c542f7ab5cbf', '<=', 'AND', NOW(), NOW()),
('ce63398a-4f20-420c-9b49-06bdd0d6de83', 1, '2d908c41-6b24-40d7-83cc-f6a70f5bd9f2', '0f715778-2891-45af-8cf2-43096aba9a7b', '=', 'AND', NOW(), NOW()),
('35c10de7-c444-444b-9e97-956971b0e1c6', 1, '6fb27269-79b6-4529-9aad-a9dda0db2f33', '0d8bcd56-cdcd-4333-8d69-27dbe971640b', '=', 'AND', NOW(), NOW()),
('45404303-a3a0-402f-98c9-e44e0c64a63b', 1, 'f169cef3-ccae-4216-90b0-65d488c04418', 'add991df-4a88-45cf-a9c1-18a8be96fc56', '<=', 'AND', NOW(), NOW()),
('16c6efa9-05b0-48b0-9a63-5b769fc86a50', 1, '18bac0cc-cea8-4f03-897a-a29312452eb0', '6a4bc7c1-c99c-4338-adfb-c542f7ab5cbf', '>=', 'AND', NOW(), NOW()),
('ced8729c-7d1a-4834-8c79-fdf66a9b53ee', 1, '6a19808c-c64d-4e55-b6f2-0cb606b5f295', '0f715778-2891-45af-8cf2-43096aba9a7b', '=', 'AND', NOW(), NOW()),
('bf04aa47-cf11-4bfa-8156-15b564aca433', 1, 'da72f0d5-b592-40fe-aa4e-ff37ac00944f', 'add991df-4a88-45cf-a9c1-18a8be96fc56', '<=', 'AND', NOW(), NOW()),
('813b2124-3693-4c43-9d10-0925628b52f5', 1, 'c14839cd-672b-4b77-8bde-c2e507df8ecd', '6a4bc7c1-c99c-4338-adfb-c542f7ab5cbf', '>=', 'AND', NOW(), NOW()),
('d98ffd51-cb73-4cd9-b152-105ec4d8b815', 1, 'c3296a6b-e2d1-4daa-8ee7-5d4f5195ae5a', 'add991df-4a88-45cf-a9c1-18a8be96fc56', '<=', 'AND', NOW(), NOW()),
('54a3dda2-fbae-49d0-90ab-cee1dca33c85', 1, '38973170-3cfd-4942-b69a-fac068c24457', '0d8bcd56-cdcd-4333-8d69-27dbe971640b', '=', 'AND', NOW(), NOW()),
('af615c3b-7c4d-4182-8240-cc654287466a', 1, '6382a24d-e597-47e0-b57d-dffbca9fac0d', 'add991df-4a88-45cf-a9c1-18a8be96fc56', '>=', 'AND', NOW(), NOW()),
('625ccbe1-1e7b-4318-b387-3b72c08fdcad', 1, 'a32324a9-f1ea-45a7-8551-4d364169d191', '6a4bc7c1-c99c-4338-adfb-c542f7ab5cbf', '>=', 'AND', NOW(), NOW()),
('33118bb5-4b4a-45b5-9266-4a698726bbb4', 1, 'fd75fe3b-2c89-457e-b5f2-898625a29dba', '6a4bc7c1-c99c-4338-adfb-c542f7ab5cbf', '<=', 'AND', NOW(), NOW()),
('a5069c8c-94a2-478e-bb41-92811f6753d4', 1, 'febce4d3-92c0-4e69-ab00-ee51d087eb67', '0d8bcd56-cdcd-4333-8d69-27dbe971640b', '=', 'AND', NOW(), NOW()),
('bbf7e238-76b5-4d16-a08f-dba6822cb007', 1, '62ca27eb-1ba6-4577-9ff7-029fb214fe43', '6a4bc7c1-c99c-4338-adfb-c542f7ab5cbf', '<=', 'AND', NOW(), NOW()),
('3101bb9e-8343-4e84-b7d3-c0f24ac6a1a6', 1, '3d45f77e-556d-44f5-9b33-7f52123c09db', '0f715778-2891-45af-8cf2-43096aba9a7b', '=', 'AND', NOW(), NOW()),
('80365305-4009-4ead-af0f-726b821b5dba', 1, '4883d8ab-6ed9-4486-bf0a-960ab4b90b0e', '0f715778-2891-45af-8cf2-43096aba9a7b', '=', 'AND', NOW(), NOW()),
('7f648002-bfee-474d-8c5f-a910cda8914d', 1, '584557b9-a5a7-49a1-b0e3-3558ea545483', 'add991df-4a88-45cf-a9c1-18a8be96fc56', '>=', 'AND', NOW(), NOW()),
('9429d1be-ffb0-4f4b-b4be-4035f4a5c674', 1, '3135e887-9a52-414f-a8c8-e1334ab519cf', '0f715778-2891-45af-8cf2-43096aba9a7b', '=', 'AND', NOW(), NOW()),
('abae7f77-4bf1-426b-949e-f26f8c7dd613', 1, 'c01340a7-03d2-4d37-98d9-9542576a53a1', '0f715778-2891-45af-8cf2-43096aba9a7b', '=', 'AND', NOW(), NOW()),
('2fc34084-0e26-44c0-894f-3613fe2936b5', 1, '81b1f34a-f722-4cf4-b739-99653feaddfd', 'add991df-4a88-45cf-a9c1-18a8be96fc56', '>=', 'AND', NOW(), NOW()),
('cc56516f-597a-4cdb-bd0f-6305334ff32f', 1, '6edc9b63-6515-4a20-8cfa-976986083c2f', 'add991df-4a88-45cf-a9c1-18a8be96fc56', '>=', 'AND', NOW(), NOW()),
('d4d1fba3-615e-4e9b-9e61-5c60281f5245', 1, '53894eea-017a-495d-8ef3-c93c861d8b3c', 'add991df-4a88-45cf-a9c1-18a8be96fc56', '<=', 'AND', NOW(), NOW()),
('bf7c95fb-a535-4cad-9c53-f10866ad709f', 1, 'fb037355-fd74-4b3e-8ea8-4227f11ea119', 'add991df-4a88-45cf-a9c1-18a8be96fc56', '<=', 'AND', NOW(), NOW()),
('b5bc484b-818d-48fa-acfc-2f7c9bdd116b', 1, 'c32b9003-4feb-4c2d-9991-f56064949d11', '6a4bc7c1-c99c-4338-adfb-c542f7ab5cbf', '<=', 'AND', NOW(), NOW()),
('a9bf6464-56ad-4c24-9e45-13ae6d2032b2', 1, '227818fb-14bc-4fb9-9215-f4d20fa35cc8', 'add991df-4a88-45cf-a9c1-18a8be96fc56', '>=', 'AND', NOW(), NOW());

INSERT INTO rules ("ID", "DECISION_RULE_ID", "VARIATION_NAME", "SCORE", "ORDER_NO", "CREATED_AT", "UPDATED_AT") VALUES
('718163c9-fbab-4870-adb8-cfdc6a6b8bef', '3b310a55-610d-4c0f-9509-118c956efabd', 'Focus Age >= 32 01', 26.6, 1, NOW(), NOW()),
('1a8dcc45-44d9-4820-bc1a-016990ca39c5', '8ecfc55f-1f28-4db3-ba1a-806268e4d726', 'Momentum Region Central 02', 24.3, 1, NOW(), NOW()),
('135023e5-a42b-46f2-b40c-0495cc1b004e', '9441d812-e223-496e-8582-2c5f287a5eb1', 'Select Region South 03', 5.1, 1, NOW(), NOW()),
('5ab5b1f8-6bfa-4c2b-acec-fd8c75d050ec', '60599153-88ab-48f2-9bbf-ef7f6a5e9b88', 'Priority Age <= 63 04', 25.5, 1, NOW(), NOW()),
('26c4d924-efaf-4338-804b-659cfc9ad519', 'd8b87179-13c4-4b46-bb36-f38ba0685266', 'Momentum Age >= 50 05', 10.5, 1, NOW(), NOW()),
('189b28fa-52c4-488e-899a-cd8358daf85f', '3a61824f-fa9e-439d-9502-d355ce2c7a1d', 'Select Risk >= 1 06', 8.3, 1, NOW(), NOW()),
('4db70b99-4557-412b-bf32-ee8cdd8ee8cc', '1dc9a804-3969-434d-b808-2648c2e4eeab', 'Prime Risk >= 3 07', 25.6, 1, NOW(), NOW()),
('a253e3b1-0c9c-487d-9c47-ffbafbfae04d', '4810fffc-b9b4-4867-af73-134d4bb65fa5', 'Focus Risk <= 4 08', 28.9, 1, NOW(), NOW()),
('1f2cf22e-01ce-4e15-ad97-9f91a3ad1fed', '1c7c6813-e7b9-4495-a714-7267c17485a8', 'Priority Region North 09', 26.8, 1, NOW(), NOW()),
('73cc6694-4a2d-4059-8a91-23d20cc5c630', '31653e4e-3b90-4919-b1cf-c06faa919285', 'Momentum Region South 10', 24.9, 1, NOW(), NOW()),
('bb5932c8-fbf7-4278-a685-9d406f83a05c', '78068503-e85d-4b1f-a199-1c05f90a2903', 'Priority Risk >= 3 11', 26.8, 1, NOW(), NOW()),
('e59a98f0-c230-4b40-8211-e8783cb9959e', '9217ff4a-4361-4dcc-b105-20403af3b331', 'Select Risk >= 5 12', 27.5, 1, NOW(), NOW()),
('fae1e014-b92f-4b83-9d47-580b9c1c17a3', '76c32140-3a33-472e-98ba-92dd52274c46', 'Prime Age <= 40 13', 12.2, 1, NOW(), NOW()),
('7527c7f4-6e52-4e04-acb2-150fe5141ad6', '562f9e7a-4dec-4c4c-9f51-a6a563ffcea2', 'Growth Age <= 24 14', 14.7, 1, NOW(), NOW()),
('dd2d2a10-8330-42b6-9077-a5b8229ab314', '3eb5105a-7b5a-4e35-ab9c-16a8202e1e65', 'Momentum Age >= 38 15', 24.7, 1, NOW(), NOW()),
('18a1232b-0228-45ba-8aff-8aa1014baf4f', 'ec7f0bb2-eb1f-4359-b08e-2d7967ef65ef', 'Prime Segment SME 16', 5.1, 1, NOW(), NOW()),
('7edbf5c5-13ef-4773-8153-6d8f44a5edc6', '69846006-674d-4939-a5d6-38bf6948d22f', 'Prime Region Central 17', 18.2, 1, NOW(), NOW()),
('99fba7a4-1d32-40ce-b156-0db41e2e47d5', 'd40c2f4f-b11a-4b8e-b95e-0d8616e76d66', 'Priority Segment SME 18', 22.8, 1, NOW(), NOW()),
('919de5fd-a13e-4790-a9bc-4e02f6cb0b8f', '3c1dcea8-c010-42b5-bcb5-240790144621', 'Focus Region Central 19', 28.8, 1, NOW(), NOW()),
('ae1190d8-1195-493f-923a-21f9cfe9cccd', '10b8bf64-db5d-4320-b3a1-084e1cf5d500', 'Focus Segment Young Wealth 20', 24.6, 1, NOW(), NOW()),
('75e05d1f-de69-472d-b03f-650c16767ba8', '9f76e77c-0aa4-4760-aab2-c813f218510b', 'Momentum Risk >= 3 21', 28.6, 1, NOW(), NOW()),
('cd35c0e8-7ff1-4a1a-90e5-84d2b8076251', '42860d8a-1dfa-4fb1-b10b-ec2030e3708f', 'Prime Segment Affluent 22', 13.5, 1, NOW(), NOW()),
('beb7be5f-9a44-4b17-a4ea-7d1f7f040c3d', '830a397d-4490-4272-9dc1-57db03d9231f', 'Prime Age >= 21 23', 22.8, 1, NOW(), NOW()),
('7cabbb5a-7a47-488d-b636-90f0ab0f5087', '486cc180-83d0-46a2-8e18-902e35df2920', 'Select Segment Young Wealth 24', 9.1, 1, NOW(), NOW()),
('25c45f29-fddd-4e7d-91c5-63581fec4182', '70f9a5b3-a116-4d69-91cf-0dfbe440ee0f', 'Prime Risk <= 5 25', 25.4, 1, NOW(), NOW()),
('cd019bb4-98cb-4409-bef5-76f35eda0f7a', '2d908c41-6b24-40d7-83cc-f6a70f5bd9f2', 'Prime Region Bangkok 26', 23.3, 1, NOW(), NOW()),
('5a169603-49c9-4385-b95a-6f92d0a9d739', '6fb27269-79b6-4529-9aad-a9dda0db2f33', 'Select Segment VIP 27', 18.2, 1, NOW(), NOW()),
('aedff74e-3f80-4585-a8a3-9ff7a41a94c6', 'f169cef3-ccae-4216-90b0-65d488c04418', 'Momentum Age <= 49 28', 28.5, 1, NOW(), NOW()),
('8c3f4b75-d608-4873-b37f-0f05a9bab7b0', '18bac0cc-cea8-4f03-897a-a29312452eb0', 'Select Risk >= 1 29', 10.1, 1, NOW(), NOW()),
('4609174e-d7ae-4b0c-82bc-f0db49c48167', '6a19808c-c64d-4e55-b6f2-0cb606b5f295', 'Prime Region Bangkok 30', 21.4, 1, NOW(), NOW()),
('14399457-7edb-42a4-840e-40922a3588c9', 'da72f0d5-b592-40fe-aa4e-ff37ac00944f', 'Prime Age <= 53 31', 22.1, 1, NOW(), NOW()),
('c90848bc-0dc1-468b-b3b2-90182cbd4639', 'c14839cd-672b-4b77-8bde-c2e507df8ecd', 'Focus Risk >= 1 32', 13.7, 1, NOW(), NOW()),
('ca29a8f7-67d0-481c-9bdc-a54d2c54909c', 'c3296a6b-e2d1-4daa-8ee7-5d4f5195ae5a', 'Priority Age <= 57 33', 22.2, 1, NOW(), NOW()),
('eb325a98-ca92-41b0-9fae-1090520f7315', '38973170-3cfd-4942-b69a-fac068c24457', 'Focus Segment Young Wealth 34', 27.4, 1, NOW(), NOW()),
('19260828-17aa-4707-9211-32d58edbee2d', '6382a24d-e597-47e0-b57d-dffbca9fac0d', 'Select Age >= 60 35', 24.6, 1, NOW(), NOW()),
('4eca5643-0e90-4feb-8ee3-e6baf58a442f', 'a32324a9-f1ea-45a7-8551-4d364169d191', 'Focus Risk >= 1 36', 21.2, 1, NOW(), NOW()),
('d2de2e6c-c7ed-41e7-8bb2-5612346ef1c0', 'fd75fe3b-2c89-457e-b5f2-898625a29dba', 'Growth Risk <= 1 37', 20.9, 1, NOW(), NOW()),
('8fcafdd6-8481-408e-b84e-69a5f7fe08f3', 'febce4d3-92c0-4e69-ab00-ee51d087eb67', 'Focus Segment Young Wealth 38', 13.1, 1, NOW(), NOW()),
('bedf5182-90e2-426f-b288-822a31d7f33d', '62ca27eb-1ba6-4577-9ff7-029fb214fe43', 'Select Risk <= 2 39', 27.0, 1, NOW(), NOW()),
('c1ad8a3a-2ccd-4cd5-b4b1-3d10e1163af9', '3d45f77e-556d-44f5-9b33-7f52123c09db', 'Priority Region South 40', 12.5, 1, NOW(), NOW()),
('edb52f7f-03dc-4e23-9c67-98972e3777e1', '4883d8ab-6ed9-4486-bf0a-960ab4b90b0e', 'Priority Region North 41', 13.5, 1, NOW(), NOW()),
('0e53713e-8dbb-4fd2-b34e-536ff938c066', '584557b9-a5a7-49a1-b0e3-3558ea545483', 'Select Age >= 48 42', 18.6, 1, NOW(), NOW()),
('aae5ad31-ea7b-4e4b-abbf-31d827f7236d', '3135e887-9a52-414f-a8c8-e1334ab519cf', 'Priority Region Central 43', 25.9, 1, NOW(), NOW()),
('833678a0-e4ba-4091-90d0-fd591d0c5dc3', 'c01340a7-03d2-4d37-98d9-9542576a53a1', 'Prime Region Bangkok 44', 8.1, 1, NOW(), NOW()),
('f4687da2-c5b9-4ae1-9bd3-4143a5a0cd51', '81b1f34a-f722-4cf4-b739-99653feaddfd', 'Focus Age >= 33 45', 15.8, 1, NOW(), NOW()),
('c59fdf86-c0e3-4dbe-87bd-e4b119fa90c4', '6edc9b63-6515-4a20-8cfa-976986083c2f', 'Priority Age >= 21 46', 11.9, 1, NOW(), NOW()),
('bf0ec01a-be94-4235-a96e-f2f78b1ec0b9', '53894eea-017a-495d-8ef3-c93c861d8b3c', 'Focus Age <= 63 47', 18.9, 1, NOW(), NOW()),
('67cbe696-e3db-4090-b784-d8c1aa52c647', 'fb037355-fd74-4b3e-8ea8-4227f11ea119', 'Priority Age <= 61 48', 13.6, 1, NOW(), NOW()),
('e649c998-78dc-4ce1-87b5-a1b4e71fd59f', 'c32b9003-4feb-4c2d-9991-f56064949d11', 'Priority Risk <= 4 49', 8.1, 1, NOW(), NOW()),
('a14df9c7-2280-44e4-8069-9a02ecbe2eee', '227818fb-14bc-4fb9-9215-f4d20fa35cc8', 'Prime Age >= 60 50', 18.6, 1, NOW(), NOW());

INSERT INTO rule_attributes ("ID", "RULE_ID", "ATTRIBUTE_ID", "VALUE", "CREATED_AT", "UPDATED_AT") VALUES
('91bac47a-5b06-4005-9625-5dbdab5933de', '718163c9-fbab-4870-adb8-cfdc6a6b8bef', 'add991df-4a88-45cf-a9c1-18a8be96fc56', '32', NOW(), NOW()),
('3d16cb5f-e3ba-4faa-a70c-718ab51eab44', '1a8dcc45-44d9-4820-bc1a-016990ca39c5', '0f715778-2891-45af-8cf2-43096aba9a7b', '"Central"', NOW(), NOW()),
('b4f3d393-f8c9-43ae-b935-602e0f4f2f6e', '135023e5-a42b-46f2-b40c-0495cc1b004e', '0f715778-2891-45af-8cf2-43096aba9a7b', '"South"', NOW(), NOW()),
('f7c6b256-b15c-421d-9c60-e0a147d44a84', '5ab5b1f8-6bfa-4c2b-acec-fd8c75d050ec', 'add991df-4a88-45cf-a9c1-18a8be96fc56', '63', NOW(), NOW()),
('cbeaae56-ee51-4a2b-9f5b-f92500b6f351', '26c4d924-efaf-4338-804b-659cfc9ad519', 'add991df-4a88-45cf-a9c1-18a8be96fc56', '50', NOW(), NOW()),
('35b446e8-07ee-47b1-9ea2-83ddfcbaf3e3', '189b28fa-52c4-488e-899a-cd8358daf85f', '6a4bc7c1-c99c-4338-adfb-c542f7ab5cbf', '1', NOW(), NOW()),
('d6b73b69-cc21-47d3-9166-c4a0b61941c9', '4db70b99-4557-412b-bf32-ee8cdd8ee8cc', '6a4bc7c1-c99c-4338-adfb-c542f7ab5cbf', '3', NOW(), NOW()),
('bfdc70cd-2ac3-4a96-a50a-18e63e99bb67', 'a253e3b1-0c9c-487d-9c47-ffbafbfae04d', '6a4bc7c1-c99c-4338-adfb-c542f7ab5cbf', '4', NOW(), NOW()),
('d8c4d017-fd44-49a8-9c97-94926fe35ba9', '1f2cf22e-01ce-4e15-ad97-9f91a3ad1fed', '0f715778-2891-45af-8cf2-43096aba9a7b', '"North"', NOW(), NOW()),
('88a86626-3028-4f03-b7e6-fb2680fcbafd', '73cc6694-4a2d-4059-8a91-23d20cc5c630', '0f715778-2891-45af-8cf2-43096aba9a7b', '"South"', NOW(), NOW()),
('e646f84b-f20d-4e20-a2db-e1f84243b921', 'bb5932c8-fbf7-4278-a685-9d406f83a05c', '6a4bc7c1-c99c-4338-adfb-c542f7ab5cbf', '3', NOW(), NOW()),
('68dad79f-1e9f-40e0-9101-01bb8b5fae7f', 'e59a98f0-c230-4b40-8211-e8783cb9959e', '6a4bc7c1-c99c-4338-adfb-c542f7ab5cbf', '5', NOW(), NOW()),
('59eec1b8-ba20-486a-8a28-6aa706223630', 'fae1e014-b92f-4b83-9d47-580b9c1c17a3', 'add991df-4a88-45cf-a9c1-18a8be96fc56', '40', NOW(), NOW()),
('a29b8841-ded3-4fb1-9d10-407ff4d733f2', '7527c7f4-6e52-4e04-acb2-150fe5141ad6', 'add991df-4a88-45cf-a9c1-18a8be96fc56', '24', NOW(), NOW()),
('7c4a5313-d238-463e-8177-00985c0ded1c', 'dd2d2a10-8330-42b6-9077-a5b8229ab314', 'add991df-4a88-45cf-a9c1-18a8be96fc56', '38', NOW(), NOW()),
('f2925e9c-9509-4e99-b485-b7606395b5b7', '18a1232b-0228-45ba-8aff-8aa1014baf4f', '0d8bcd56-cdcd-4333-8d69-27dbe971640b', '"SME"', NOW(), NOW()),
('fb2bbeeb-01dd-4df9-8454-b2d45f2d2c62', '7edbf5c5-13ef-4773-8153-6d8f44a5edc6', '0f715778-2891-45af-8cf2-43096aba9a7b', '"Central"', NOW(), NOW()),
('ad577b49-adcf-4961-9161-45972dc664fb', '99fba7a4-1d32-40ce-b156-0db41e2e47d5', '0d8bcd56-cdcd-4333-8d69-27dbe971640b', '"SME"', NOW(), NOW()),
('114fb502-83de-495b-9843-96bd92a1994d', '919de5fd-a13e-4790-a9bc-4e02f6cb0b8f', '0f715778-2891-45af-8cf2-43096aba9a7b', '"Central"', NOW(), NOW()),
('14d1b43f-8889-425b-a884-72ce9dd0f90a', 'ae1190d8-1195-493f-923a-21f9cfe9cccd', '0d8bcd56-cdcd-4333-8d69-27dbe971640b', '"Young Wealth"', NOW(), NOW()),
('57ca34c4-69d3-4a3c-beaa-0910edfdecff', '75e05d1f-de69-472d-b03f-650c16767ba8', '6a4bc7c1-c99c-4338-adfb-c542f7ab5cbf', '3', NOW(), NOW()),
('4b9b4908-243e-46d6-8b35-2537e34501b5', 'cd35c0e8-7ff1-4a1a-90e5-84d2b8076251', '0d8bcd56-cdcd-4333-8d69-27dbe971640b', '"Affluent"', NOW(), NOW()),
('1dc9d1ff-1eb7-4b9f-814d-f4dcd678c359', 'beb7be5f-9a44-4b17-a4ea-7d1f7f040c3d', 'add991df-4a88-45cf-a9c1-18a8be96fc56', '21', NOW(), NOW()),
('c4e1be16-423c-4dfe-8be1-6380764c2e0d', '7cabbb5a-7a47-488d-b636-90f0ab0f5087', '0d8bcd56-cdcd-4333-8d69-27dbe971640b', '"Young Wealth"', NOW(), NOW()),
('a3409f02-61ae-45bf-a381-473b31f17892', '25c45f29-fddd-4e7d-91c5-63581fec4182', '6a4bc7c1-c99c-4338-adfb-c542f7ab5cbf', '5', NOW(), NOW()),
('9ee239d6-4c66-48e9-9077-d43c1746a34f', 'cd019bb4-98cb-4409-bef5-76f35eda0f7a', '0f715778-2891-45af-8cf2-43096aba9a7b', '"Bangkok"', NOW(), NOW()),
('5731fcd4-8353-4879-9a77-cde50a66eabc', '5a169603-49c9-4385-b95a-6f92d0a9d739', '0d8bcd56-cdcd-4333-8d69-27dbe971640b', '"VIP"', NOW(), NOW()),
('1145ea28-ce3a-421f-980a-bbcb40ad4ed7', 'aedff74e-3f80-4585-a8a3-9ff7a41a94c6', 'add991df-4a88-45cf-a9c1-18a8be96fc56', '49', NOW(), NOW()),
('6378c58e-87f8-4536-b7b8-22be19c2fd41', '8c3f4b75-d608-4873-b37f-0f05a9bab7b0', '6a4bc7c1-c99c-4338-adfb-c542f7ab5cbf', '1', NOW(), NOW()),
('e71e42c6-df31-45da-9f05-223fe769260a', '4609174e-d7ae-4b0c-82bc-f0db49c48167', '0f715778-2891-45af-8cf2-43096aba9a7b', '"Bangkok"', NOW(), NOW()),
('82b522b3-26a9-4127-8221-57cd71bc8991', '14399457-7edb-42a4-840e-40922a3588c9', 'add991df-4a88-45cf-a9c1-18a8be96fc56', '53', NOW(), NOW()),
('10805f8e-208f-4c32-9ceb-a55f442c7b34', 'c90848bc-0dc1-468b-b3b2-90182cbd4639', '6a4bc7c1-c99c-4338-adfb-c542f7ab5cbf', '1', NOW(), NOW()),
('a1ed7fd2-b1a3-4a8c-97b2-f00af41c2811', 'ca29a8f7-67d0-481c-9bdc-a54d2c54909c', 'add991df-4a88-45cf-a9c1-18a8be96fc56', '57', NOW(), NOW()),
('9524b2bc-3501-4b4d-a034-e9bbd3af9add', 'eb325a98-ca92-41b0-9fae-1090520f7315', '0d8bcd56-cdcd-4333-8d69-27dbe971640b', '"Young Wealth"', NOW(), NOW()),
('9d3a2ccb-3dbc-48e8-adc5-10395f992c2e', '19260828-17aa-4707-9211-32d58edbee2d', 'add991df-4a88-45cf-a9c1-18a8be96fc56', '60', NOW(), NOW()),
('2359c702-91c0-498d-9cfc-5008281d4af8', '4eca5643-0e90-4feb-8ee3-e6baf58a442f', '6a4bc7c1-c99c-4338-adfb-c542f7ab5cbf', '1', NOW(), NOW()),
('6e917c95-110e-4bb6-aa03-449e3aee11c1', 'd2de2e6c-c7ed-41e7-8bb2-5612346ef1c0', '6a4bc7c1-c99c-4338-adfb-c542f7ab5cbf', '1', NOW(), NOW()),
('820feb37-9fa9-4394-8f55-380e60e449bb', '8fcafdd6-8481-408e-b84e-69a5f7fe08f3', '0d8bcd56-cdcd-4333-8d69-27dbe971640b', '"Young Wealth"', NOW(), NOW()),
('15b19a1e-855f-4f9f-a0c1-d7a77cae5938', 'bedf5182-90e2-426f-b288-822a31d7f33d', '6a4bc7c1-c99c-4338-adfb-c542f7ab5cbf', '2', NOW(), NOW()),
('4d9d9629-54d1-474a-b8ac-2b29ee5ccacd', 'c1ad8a3a-2ccd-4cd5-b4b1-3d10e1163af9', '0f715778-2891-45af-8cf2-43096aba9a7b', '"South"', NOW(), NOW()),
('e4f03c42-3e3b-412f-83f6-5f9efb360249', 'edb52f7f-03dc-4e23-9c67-98972e3777e1', '0f715778-2891-45af-8cf2-43096aba9a7b', '"North"', NOW(), NOW()),
('331ab020-cd67-455b-9c92-8a0e82f766b7', '0e53713e-8dbb-4fd2-b34e-536ff938c066', 'add991df-4a88-45cf-a9c1-18a8be96fc56', '48', NOW(), NOW()),
('02f4e1f7-846a-4faa-a130-e1ac69f9b3fe', 'aae5ad31-ea7b-4e4b-abbf-31d827f7236d', '0f715778-2891-45af-8cf2-43096aba9a7b', '"Central"', NOW(), NOW()),
('19ca9fb4-df5c-41b0-b52c-346770e078da', '833678a0-e4ba-4091-90d0-fd591d0c5dc3', '0f715778-2891-45af-8cf2-43096aba9a7b', '"Bangkok"', NOW(), NOW()),
('0fd6ae2a-124c-46bf-83a8-270e742560de', 'f4687da2-c5b9-4ae1-9bd3-4143a5a0cd51', 'add991df-4a88-45cf-a9c1-18a8be96fc56', '33', NOW(), NOW()),
('a8dfb1f4-c066-40a7-8d7c-fd03f2b84525', 'c59fdf86-c0e3-4dbe-87bd-e4b119fa90c4', 'add991df-4a88-45cf-a9c1-18a8be96fc56', '21', NOW(), NOW()),
('b5d3d86a-6c61-4160-8486-f619df724742', 'bf0ec01a-be94-4235-a96e-f2f78b1ec0b9', 'add991df-4a88-45cf-a9c1-18a8be96fc56', '63', NOW(), NOW()),
('cc02141e-c182-49c6-a1c0-18d12edef5bc', '67cbe696-e3db-4090-b784-d8c1aa52c647', 'add991df-4a88-45cf-a9c1-18a8be96fc56', '61', NOW(), NOW()),
('f84e5cb0-5c2c-4266-87e0-71484ba3d7df', 'e649c998-78dc-4ce1-87b5-a1b4e71fd59f', '6a4bc7c1-c99c-4338-adfb-c542f7ab5cbf', '4', NOW(), NOW()),
('a2fce5a1-39fc-4b8f-adbc-6a68ef6587e4', 'a14df9c7-2280-44e4-8069-9a02ecbe2eee', 'add991df-4a88-45cf-a9c1-18a8be96fc56', '60', NOW(), NOW());

INSERT INTO schedules ("ID", "DECISION_RULE_ID", "PLACEMENT_ID", "RECURRENCE_TYPE", "EFFECTIVE_FROM", "EFFECTIVE_UNTIL", "IS_ACTIVE", "CREATED_AT", "UPDATED_AT") VALUES
('03bfc53a-6fb8-4ba0-b266-b137310cee24', '3b310a55-610d-4c0f-9509-118c956efabd', 'b1426921-e912-45b9-bcfa-ddfc0a857a5a', 'ONCE', NOW() - interval '13 day', NOW() + interval '138 day', true, NOW(), NOW()),
('acc099c6-f795-450c-be27-9060b8b846bf', '8ecfc55f-1f28-4db3-ba1a-806268e4d726', '242c6c27-f64e-42d5-a399-ce807b885f0c', 'ONCE', NOW() - interval '17 day', NOW() + interval '290 day', true, NOW(), NOW()),
('28af8929-d38c-43c8-813f-5f8f594c235d', '9441d812-e223-496e-8582-2c5f287a5eb1', '2b59ee94-fad7-4baf-8fcf-3b3b47bf0aaa', 'ONCE', NOW() - interval '19 day', NOW() + interval '342 day', true, NOW(), NOW()),
('c8dc7124-18e3-4860-92da-0759a5a78701', '60599153-88ab-48f2-9bbf-ef7f6a5e9b88', 'fc987d93-0a69-46f3-a5c0-f22edb9e5f83', 'ONCE', NOW() - interval '45 day', NOW() + interval '159 day', true, NOW(), NOW()),
('ae8ad4f9-0442-4037-96bb-cc9b53da1374', 'd8b87179-13c4-4b46-bb36-f38ba0685266', '063121f4-987d-4ee5-9944-d164ed786ba0', 'ONCE', NOW() - interval '13 day', NOW() + interval '339 day', true, NOW(), NOW()),
('c283f638-b120-41f1-9283-aeb4503fb878', '3a61824f-fa9e-439d-9502-d355ce2c7a1d', 'e8e7e55f-d7ee-4480-846a-186495b6ef6b', 'ONCE', NOW() - interval '13 day', NOW() + interval '297 day', true, NOW(), NOW()),
('7fe6a0ef-94bb-4cd1-9106-f0f8d878647a', '1dc9a804-3969-434d-b808-2648c2e4eeab', 'cbe497c5-b7d4-4e53-bfdb-27a4576f1f49', 'ONCE', NOW() - interval '44 day', NOW() + interval '321 day', true, NOW(), NOW()),
('2d1728fb-d8df-4064-a329-333550decd82', '4810fffc-b9b4-4867-af73-134d4bb65fa5', 'ba446df4-3952-4c65-8ed4-2cf61574d97c', 'ONCE', NOW() - interval '21 day', NOW() + interval '278 day', true, NOW(), NOW()),
('cdb25840-7a1b-4e89-a283-cb7fb046c99d', '1c7c6813-e7b9-4495-a714-7267c17485a8', 'd46e5973-3958-4267-8422-53c2d726846a', 'ONCE', NOW() - interval '31 day', NOW() + interval '314 day', true, NOW(), NOW()),
('b16ff6b9-3998-41a7-87c4-1eade9c530f0', '31653e4e-3b90-4919-b1cf-c06faa919285', '323826d2-6453-46ec-9b8b-79c6a74caa9a', 'ONCE', NOW() - interval '38 day', NOW() + interval '307 day', true, NOW(), NOW()),
('98cc8753-f638-48cc-aadb-6be10d88677f', '78068503-e85d-4b1f-a199-1c05f90a2903', '7b1aafd5-43a1-468b-a41a-755d4bce43b3', 'ONCE', NOW() - interval '45 day', NOW() + interval '308 day', true, NOW(), NOW()),
('7d99c3b7-b23b-4835-a061-3a6a339fc7a6', '9217ff4a-4361-4dcc-b105-20403af3b331', 'e87357bb-6346-4c2b-9f1e-1303935f7ede', 'ONCE', NOW() - interval '10 day', NOW() + interval '146 day', true, NOW(), NOW()),
('42b3d660-2e18-4164-8357-2ae416227e0b', '76c32140-3a33-472e-98ba-92dd52274c46', '5f5aa59d-3734-4b80-a52c-164bc9b56a89', 'ONCE', NOW() - interval '44 day', NOW() + interval '283 day', true, NOW(), NOW()),
('cc2dfaad-b86b-46f8-87f7-aaa4937148a6', '562f9e7a-4dec-4c4c-9f51-a6a563ffcea2', '3da5c584-8059-4afd-b452-2bae1e54892b', 'ONCE', NOW() - interval '26 day', NOW() + interval '101 day', true, NOW(), NOW()),
('fc0bce32-bf89-4f40-9e13-6d072f93ba7a', '3eb5105a-7b5a-4e35-ab9c-16a8202e1e65', '84516cad-6f37-4dcc-8dcd-306a47946064', 'ONCE', NOW() - interval '42 day', NOW() + interval '327 day', true, NOW(), NOW()),
('b3d651c6-cbb7-4a8b-bf73-38ddae99e674', 'ec7f0bb2-eb1f-4359-b08e-2d7967ef65ef', '3f669951-f35f-41f2-8b7e-b0c9021e61c8', 'ONCE', NOW() - interval '37 day', NOW() + interval '302 day', true, NOW(), NOW()),
('7de2f312-4829-4eaa-9b97-43c69bbc83ef', '69846006-674d-4939-a5d6-38bf6948d22f', 'e59c1e10-3a6b-45cc-8736-4472a3e3e7ac', 'ONCE', NOW() - interval '20 day', NOW() + interval '289 day', true, NOW(), NOW()),
('34372dca-e8ef-42bd-a667-251aee7418c4', 'd40c2f4f-b11a-4b8e-b95e-0d8616e76d66', '65f71a59-5d29-4077-bef0-9a231951d221', 'ONCE', NOW() - interval '26 day', NOW() + interval '188 day', true, NOW(), NOW()),
('f5776de8-b405-47bb-acaa-68af9b8cd9ec', '3c1dcea8-c010-42b5-bcb5-240790144621', 'ec504147-3158-4b6a-97d4-11b257e5ee80', 'ONCE', NOW() - interval '4 day', NOW() + interval '256 day', true, NOW(), NOW()),
('3fa9eac3-0a6f-44dc-a347-6b77f3acb74f', '10b8bf64-db5d-4320-b3a1-084e1cf5d500', '462d4b02-fc13-48ad-9ac1-0d60bb425617', 'ONCE', NOW() - interval '4 day', NOW() + interval '246 day', true, NOW(), NOW()),
('d60b1938-d05e-48cf-9270-aa1a66868a11', '9f76e77c-0aa4-4760-aab2-c813f218510b', '3b056137-e802-4b36-aa30-e285327ce6fe', 'ONCE', NOW() - interval '38 day', NOW() + interval '292 day', true, NOW(), NOW()),
('e9d51d19-73db-4de2-ab8a-d290fd139a0f', '42860d8a-1dfa-4fb1-b10b-ec2030e3708f', '374609f1-bab7-4be7-8796-1b1e0c05b3ba', 'ONCE', NOW() - interval '6 day', NOW() + interval '164 day', true, NOW(), NOW()),
('ed11816e-a601-4a6e-96ee-035e3a5c4f30', '830a397d-4490-4272-9dc1-57db03d9231f', '385e01d3-ded7-415a-a969-fa1d27f97d5b', 'ONCE', NOW() - interval '13 day', NOW() + interval '343 day', true, NOW(), NOW()),
('e0c2b3c8-f6a1-4ce3-95a8-fb051a1ea2be', '486cc180-83d0-46a2-8e18-902e35df2920', '0d4308b8-aadb-436e-a466-fa59df8a0829', 'ONCE', NOW() - interval '28 day', NOW() + interval '342 day', true, NOW(), NOW()),
('bfeaf90f-e859-4d60-97c0-48eb38de3c2f', '70f9a5b3-a116-4d69-91cf-0dfbe440ee0f', '7de170da-2527-400a-88db-fa15120db0c9', 'ONCE', NOW() - interval '36 day', NOW() + interval '211 day', true, NOW(), NOW()),
('fdcc9308-6273-4fd7-8e65-85576bc0ab8d', '2d908c41-6b24-40d7-83cc-f6a70f5bd9f2', '490de9fc-631d-4fdc-b7b6-6742fd7b59d8', 'ONCE', NOW() - interval '8 day', NOW() + interval '253 day', true, NOW(), NOW()),
('ac3ddcc2-9c8a-4412-9dd2-12f98a9cfa1e', '6fb27269-79b6-4529-9aad-a9dda0db2f33', '88e06979-cbdb-4a09-a415-d50aaa278257', 'ONCE', NOW() - interval '38 day', NOW() + interval '154 day', true, NOW(), NOW()),
('265f0abc-b439-447e-8cdc-076aac646b7b', 'f169cef3-ccae-4216-90b0-65d488c04418', 'fed52609-f2d0-457a-b9cb-3e49672c14da', 'ONCE', NOW() - interval '40 day', NOW() + interval '103 day', true, NOW(), NOW()),
('835ca303-d441-4f68-b384-a1c939b6643b', '18bac0cc-cea8-4f03-897a-a29312452eb0', '8a3d1b56-b743-4221-a6ed-3a2940919223', 'ONCE', NOW() - interval '15 day', NOW() + interval '346 day', true, NOW(), NOW()),
('758a5b37-f46a-45fe-a485-b22a597642bf', '6a19808c-c64d-4e55-b6f2-0cb606b5f295', '76959e0c-5222-4f3a-b692-50d047ca7fdc', 'ONCE', NOW() - interval '24 day', NOW() + interval '129 day', true, NOW(), NOW()),
('b0ef0c5e-93df-4b9b-b297-b3683b4b0ab4', 'da72f0d5-b592-40fe-aa4e-ff37ac00944f', '700a7f7c-0c05-43d8-9e55-53e815b772d2', 'ONCE', NOW() - interval '34 day', NOW() + interval '272 day', true, NOW(), NOW()),
('d77f5661-d315-4a8c-839a-67ed756d5f08', 'c14839cd-672b-4b77-8bde-c2e507df8ecd', '7df7c66b-9c36-4bff-95eb-dfdca6183add', 'ONCE', NOW() - interval '35 day', NOW() + interval '239 day', true, NOW(), NOW()),
('2fa675cc-483b-4bde-9d6f-9ead15973465', 'c3296a6b-e2d1-4daa-8ee7-5d4f5195ae5a', '8a038072-7f62-420c-9f72-ade3ecc46c3e', 'ONCE', NOW() - interval '0 day', NOW() + interval '329 day', true, NOW(), NOW()),
('ca16e278-2dd9-4ff2-9372-2578ba99eb41', '38973170-3cfd-4942-b69a-fac068c24457', 'c03f6a1a-d7d4-4300-af72-25f3cbe9c1cc', 'ONCE', NOW() - interval '37 day', NOW() + interval '227 day', true, NOW(), NOW()),
('6509fe49-fbdf-41b0-bfee-e53de82e03fb', '6382a24d-e597-47e0-b57d-dffbca9fac0d', '834a8261-1af0-4304-9d8c-c05f90f530e7', 'ONCE', NOW() - interval '13 day', NOW() + interval '349 day', true, NOW(), NOW()),
('1f23a10f-5364-4abc-b02d-8532ec2806f1', 'a32324a9-f1ea-45a7-8551-4d364169d191', 'ea5bc0d4-a481-46b1-9488-296def964d82', 'ONCE', NOW() - interval '30 day', NOW() + interval '317 day', true, NOW(), NOW()),
('64bba779-fb7f-4484-a7e0-b8e83f3c3567', 'fd75fe3b-2c89-457e-b5f2-898625a29dba', '1bc078bd-f947-4137-bf33-f958a0e7e887', 'ONCE', NOW() - interval '8 day', NOW() + interval '127 day', true, NOW(), NOW()),
('ff79e03b-e7af-4096-922c-9d6c28dae0d1', 'febce4d3-92c0-4e69-ab00-ee51d087eb67', '8edf98cc-c06b-4f01-a174-4415377f50aa', 'ONCE', NOW() - interval '25 day', NOW() + interval '109 day', true, NOW(), NOW()),
('8c1b61d4-5785-4809-bb90-980626cb204b', '62ca27eb-1ba6-4577-9ff7-029fb214fe43', '74b507f7-dcb4-4ccb-846d-d7c3e93bf2fd', 'ONCE', NOW() - interval '38 day', NOW() + interval '261 day', true, NOW(), NOW()),
('3efd56a8-d995-47a3-b407-c84e9d40c942', '3d45f77e-556d-44f5-9b33-7f52123c09db', 'ae40426c-f506-4876-a91c-44577b6ef0e5', 'ONCE', NOW() - interval '30 day', NOW() + interval '218 day', true, NOW(), NOW()),
('5540537e-1fab-41e5-ae67-8532e482f9a1', '4883d8ab-6ed9-4486-bf0a-960ab4b90b0e', '1a4d017e-149f-436c-ba01-8ec0127a8397', 'ONCE', NOW() - interval '6 day', NOW() + interval '165 day', true, NOW(), NOW()),
('bac17974-42da-42d2-8048-7499c84a0c02', '584557b9-a5a7-49a1-b0e3-3558ea545483', '5d5e88d7-75c8-42ed-8bd6-568b011b6644', 'ONCE', NOW() - interval '17 day', NOW() + interval '309 day', true, NOW(), NOW()),
('966fb8eb-377f-441a-91d1-869a88982a50', '3135e887-9a52-414f-a8c8-e1334ab519cf', '892b8614-f8e7-4629-b28f-744fb5ba6d91', 'ONCE', NOW() - interval '12 day', NOW() + interval '363 day', true, NOW(), NOW()),
('ff9dafd2-fc8d-4647-be0e-ff81e7b88454', 'c01340a7-03d2-4d37-98d9-9542576a53a1', '16ecba3c-95ac-4695-a9b2-63643fe4e54e', 'ONCE', NOW() - interval '38 day', NOW() + interval '141 day', true, NOW(), NOW()),
('b9a6e789-0a66-483d-be56-f39ab0842c15', '81b1f34a-f722-4cf4-b739-99653feaddfd', '411ab576-4a9a-4f87-b51d-7c2e413236ca', 'ONCE', NOW() - interval '28 day', NOW() + interval '106 day', true, NOW(), NOW()),
('fd91712e-88a3-4bc6-b6c8-42907ea239a1', '6edc9b63-6515-4a20-8cfa-976986083c2f', 'd9ba1bda-8c53-4aec-9a85-8773c99f2541', 'ONCE', NOW() - interval '20 day', NOW() + interval '115 day', true, NOW(), NOW()),
('3f66c154-777f-4178-a02e-7f27297fc950', '53894eea-017a-495d-8ef3-c93c861d8b3c', '27ecbc31-b223-4831-8b33-146e3ed48109', 'ONCE', NOW() - interval '24 day', NOW() + interval '278 day', true, NOW(), NOW()),
('354c7cae-13cf-48eb-8cdb-fdf43dc9d36a', 'fb037355-fd74-4b3e-8ea8-4227f11ea119', 'd25f7d8b-39d3-4495-ad5e-eab0ce7753aa', 'ONCE', NOW() - interval '34 day', NOW() + interval '183 day', true, NOW(), NOW()),
('ff8d1e4a-ddc7-433b-820d-ad903a1e2165', 'c32b9003-4feb-4c2d-9991-f56064949d11', 'e34abb29-09c0-4764-b8c9-887d1910d868', 'ONCE', NOW() - interval '7 day', NOW() + interval '274 day', true, NOW(), NOW()),
('754441ae-8c6b-4add-805f-b4c7b3555aeb', '227818fb-14bc-4fb9-9215-f4d20fa35cc8', 'ba444d22-df63-4642-a7ba-d296088bbc59', 'ONCE', NOW() - interval '43 day', NOW() + interval '271 day', true, NOW(), NOW());

-- +goose Down
DELETE FROM schedules WHERE "ID" IN (
    '03bfc53a-6fb8-4ba0-b266-b137310cee24',
    'acc099c6-f795-450c-be27-9060b8b846bf',
    '28af8929-d38c-43c8-813f-5f8f594c235d',
    'c8dc7124-18e3-4860-92da-0759a5a78701',
    'ae8ad4f9-0442-4037-96bb-cc9b53da1374',
    'c283f638-b120-41f1-9283-aeb4503fb878',
    '7fe6a0ef-94bb-4cd1-9106-f0f8d878647a',
    '2d1728fb-d8df-4064-a329-333550decd82',
    'cdb25840-7a1b-4e89-a283-cb7fb046c99d',
    'b16ff6b9-3998-41a7-87c4-1eade9c530f0',
    '98cc8753-f638-48cc-aadb-6be10d88677f',
    '7d99c3b7-b23b-4835-a061-3a6a339fc7a6',
    '42b3d660-2e18-4164-8357-2ae416227e0b',
    'cc2dfaad-b86b-46f8-87f7-aaa4937148a6',
    'fc0bce32-bf89-4f40-9e13-6d072f93ba7a',
    'b3d651c6-cbb7-4a8b-bf73-38ddae99e674',
    '7de2f312-4829-4eaa-9b97-43c69bbc83ef',
    '34372dca-e8ef-42bd-a667-251aee7418c4',
    'f5776de8-b405-47bb-acaa-68af9b8cd9ec',
    '3fa9eac3-0a6f-44dc-a347-6b77f3acb74f',
    'd60b1938-d05e-48cf-9270-aa1a66868a11',
    'e9d51d19-73db-4de2-ab8a-d290fd139a0f',
    'ed11816e-a601-4a6e-96ee-035e3a5c4f30',
    'e0c2b3c8-f6a1-4ce3-95a8-fb051a1ea2be',
    'bfeaf90f-e859-4d60-97c0-48eb38de3c2f',
    'fdcc9308-6273-4fd7-8e65-85576bc0ab8d',
    'ac3ddcc2-9c8a-4412-9dd2-12f98a9cfa1e',
    '265f0abc-b439-447e-8cdc-076aac646b7b',
    '835ca303-d441-4f68-b384-a1c939b6643b',
    '758a5b37-f46a-45fe-a485-b22a597642bf',
    'b0ef0c5e-93df-4b9b-b297-b3683b4b0ab4',
    'd77f5661-d315-4a8c-839a-67ed756d5f08',
    '2fa675cc-483b-4bde-9d6f-9ead15973465',
    'ca16e278-2dd9-4ff2-9372-2578ba99eb41',
    '6509fe49-fbdf-41b0-bfee-e53de82e03fb',
    '1f23a10f-5364-4abc-b02d-8532ec2806f1',
    '64bba779-fb7f-4484-a7e0-b8e83f3c3567',
    'ff79e03b-e7af-4096-922c-9d6c28dae0d1',
    '8c1b61d4-5785-4809-bb90-980626cb204b',
    '3efd56a8-d995-47a3-b407-c84e9d40c942',
    '5540537e-1fab-41e5-ae67-8532e482f9a1',
    'bac17974-42da-42d2-8048-7499c84a0c02',
    '966fb8eb-377f-441a-91d1-869a88982a50',
    'ff9dafd2-fc8d-4647-be0e-ff81e7b88454',
    'b9a6e789-0a66-483d-be56-f39ab0842c15',
    'fd91712e-88a3-4bc6-b6c8-42907ea239a1',
    '3f66c154-777f-4178-a02e-7f27297fc950',
    '354c7cae-13cf-48eb-8cdb-fdf43dc9d36a',
    'ff8d1e4a-ddc7-433b-820d-ad903a1e2165',
    '754441ae-8c6b-4add-805f-b4c7b3555aeb'
);
DELETE FROM rule_attributes WHERE "ID" IN (
    '91bac47a-5b06-4005-9625-5dbdab5933de',
    '3d16cb5f-e3ba-4faa-a70c-718ab51eab44',
    'b4f3d393-f8c9-43ae-b935-602e0f4f2f6e',
    'f7c6b256-b15c-421d-9c60-e0a147d44a84',
    'cbeaae56-ee51-4a2b-9f5b-f92500b6f351',
    '35b446e8-07ee-47b1-9ea2-83ddfcbaf3e3',
    'd6b73b69-cc21-47d3-9166-c4a0b61941c9',
    'bfdc70cd-2ac3-4a96-a50a-18e63e99bb67',
    'd8c4d017-fd44-49a8-9c97-94926fe35ba9',
    '88a86626-3028-4f03-b7e6-fb2680fcbafd',
    'e646f84b-f20d-4e20-a2db-e1f84243b921',
    '68dad79f-1e9f-40e0-9101-01bb8b5fae7f',
    '59eec1b8-ba20-486a-8a28-6aa706223630',
    'a29b8841-ded3-4fb1-9d10-407ff4d733f2',
    '7c4a5313-d238-463e-8177-00985c0ded1c',
    'f2925e9c-9509-4e99-b485-b7606395b5b7',
    'fb2bbeeb-01dd-4df9-8454-b2d45f2d2c62',
    'ad577b49-adcf-4961-9161-45972dc664fb',
    '114fb502-83de-495b-9843-96bd92a1994d',
    '14d1b43f-8889-425b-a884-72ce9dd0f90a',
    '57ca34c4-69d3-4a3c-beaa-0910edfdecff',
    '4b9b4908-243e-46d6-8b35-2537e34501b5',
    '1dc9d1ff-1eb7-4b9f-814d-f4dcd678c359',
    'c4e1be16-423c-4dfe-8be1-6380764c2e0d',
    'a3409f02-61ae-45bf-a381-473b31f17892',
    '9ee239d6-4c66-48e9-9077-d43c1746a34f',
    '5731fcd4-8353-4879-9a77-cde50a66eabc',
    '1145ea28-ce3a-421f-980a-bbcb40ad4ed7',
    '6378c58e-87f8-4536-b7b8-22be19c2fd41',
    'e71e42c6-df31-45da-9f05-223fe769260a',
    '82b522b3-26a9-4127-8221-57cd71bc8991',
    '10805f8e-208f-4c32-9ceb-a55f442c7b34',
    'a1ed7fd2-b1a3-4a8c-97b2-f00af41c2811',
    '9524b2bc-3501-4b4d-a034-e9bbd3af9add',
    '9d3a2ccb-3dbc-48e8-adc5-10395f992c2e',
    '2359c702-91c0-498d-9cfc-5008281d4af8',
    '6e917c95-110e-4bb6-aa03-449e3aee11c1',
    '820feb37-9fa9-4394-8f55-380e60e449bb',
    '15b19a1e-855f-4f9f-a0c1-d7a77cae5938',
    '4d9d9629-54d1-474a-b8ac-2b29ee5ccacd',
    'e4f03c42-3e3b-412f-83f6-5f9efb360249',
    '331ab020-cd67-455b-9c92-8a0e82f766b7',
    '02f4e1f7-846a-4faa-a130-e1ac69f9b3fe',
    '19ca9fb4-df5c-41b0-b52c-346770e078da',
    '0fd6ae2a-124c-46bf-83a8-270e742560de',
    'a8dfb1f4-c066-40a7-8d7c-fd03f2b84525',
    'b5d3d86a-6c61-4160-8486-f619df724742',
    'cc02141e-c182-49c6-a1c0-18d12edef5bc',
    'f84e5cb0-5c2c-4266-87e0-71484ba3d7df',
    'a2fce5a1-39fc-4b8f-adbc-6a68ef6587e4'
);
DELETE FROM rules WHERE "ID" IN (
    '718163c9-fbab-4870-adb8-cfdc6a6b8bef',
    '1a8dcc45-44d9-4820-bc1a-016990ca39c5',
    '135023e5-a42b-46f2-b40c-0495cc1b004e',
    '5ab5b1f8-6bfa-4c2b-acec-fd8c75d050ec',
    '26c4d924-efaf-4338-804b-659cfc9ad519',
    '189b28fa-52c4-488e-899a-cd8358daf85f',
    '4db70b99-4557-412b-bf32-ee8cdd8ee8cc',
    'a253e3b1-0c9c-487d-9c47-ffbafbfae04d',
    '1f2cf22e-01ce-4e15-ad97-9f91a3ad1fed',
    '73cc6694-4a2d-4059-8a91-23d20cc5c630',
    'bb5932c8-fbf7-4278-a685-9d406f83a05c',
    'e59a98f0-c230-4b40-8211-e8783cb9959e',
    'fae1e014-b92f-4b83-9d47-580b9c1c17a3',
    '7527c7f4-6e52-4e04-acb2-150fe5141ad6',
    'dd2d2a10-8330-42b6-9077-a5b8229ab314',
    '18a1232b-0228-45ba-8aff-8aa1014baf4f',
    '7edbf5c5-13ef-4773-8153-6d8f44a5edc6',
    '99fba7a4-1d32-40ce-b156-0db41e2e47d5',
    '919de5fd-a13e-4790-a9bc-4e02f6cb0b8f',
    'ae1190d8-1195-493f-923a-21f9cfe9cccd',
    '75e05d1f-de69-472d-b03f-650c16767ba8',
    'cd35c0e8-7ff1-4a1a-90e5-84d2b8076251',
    'beb7be5f-9a44-4b17-a4ea-7d1f7f040c3d',
    '7cabbb5a-7a47-488d-b636-90f0ab0f5087',
    '25c45f29-fddd-4e7d-91c5-63581fec4182',
    'cd019bb4-98cb-4409-bef5-76f35eda0f7a',
    '5a169603-49c9-4385-b95a-6f92d0a9d739',
    'aedff74e-3f80-4585-a8a3-9ff7a41a94c6',
    '8c3f4b75-d608-4873-b37f-0f05a9bab7b0',
    '4609174e-d7ae-4b0c-82bc-f0db49c48167',
    '14399457-7edb-42a4-840e-40922a3588c9',
    'c90848bc-0dc1-468b-b3b2-90182cbd4639',
    'ca29a8f7-67d0-481c-9bdc-a54d2c54909c',
    'eb325a98-ca92-41b0-9fae-1090520f7315',
    '19260828-17aa-4707-9211-32d58edbee2d',
    '4eca5643-0e90-4feb-8ee3-e6baf58a442f',
    'd2de2e6c-c7ed-41e7-8bb2-5612346ef1c0',
    '8fcafdd6-8481-408e-b84e-69a5f7fe08f3',
    'bedf5182-90e2-426f-b288-822a31d7f33d',
    'c1ad8a3a-2ccd-4cd5-b4b1-3d10e1163af9',
    'edb52f7f-03dc-4e23-9c67-98972e3777e1',
    '0e53713e-8dbb-4fd2-b34e-536ff938c066',
    'aae5ad31-ea7b-4e4b-abbf-31d827f7236d',
    '833678a0-e4ba-4091-90d0-fd591d0c5dc3',
    'f4687da2-c5b9-4ae1-9bd3-4143a5a0cd51',
    'c59fdf86-c0e3-4dbe-87bd-e4b119fa90c4',
    'bf0ec01a-be94-4235-a96e-f2f78b1ec0b9',
    '67cbe696-e3db-4090-b784-d8c1aa52c647',
    'e649c998-78dc-4ce1-87b5-a1b4e71fd59f',
    'a14df9c7-2280-44e4-8069-9a02ecbe2eee'
);
DELETE FROM rule_conditions WHERE "ID" IN (
    '3283fe7e-56db-4b3e-9fdb-65426e3f7701',
    '3b806b6b-948e-44a7-9a6a-6e490dd376ce',
    '036e5aa3-833e-4e83-aa15-1950b732feea',
    'dc108443-e16e-4430-9702-1bef4daa260c',
    'a7dc169b-bf5e-48f7-b86d-636bf355a4df',
    '897e8071-4c5b-4fa8-88cf-9c07a2a74aee',
    '59d618ee-8644-4d79-b88b-3f0a30330314',
    'dcac8d3e-7583-4526-b6d0-adc182607b68',
    '23d13410-32d6-42d1-8405-83066324475f',
    '434301ce-6c97-4e48-82fe-821a6900376e',
    '3c0a811f-54c1-44ad-a7a0-2fb45793936e',
    'e93a70e3-8b31-4864-be5a-5bb075a584a2',
    'c64d6350-41cd-4105-b4c0-75d8ca4dda78',
    '68da4c45-21b8-4883-aa13-7b07c3f88480',
    '90f84e9c-e23f-4847-a3a3-aaaaa7158ef8',
    'ab16e513-97dd-41c4-9b3d-b12f4e6269f8',
    'c5e48408-274a-4096-90e2-fc7f307ea864',
    '2d3dc0d7-24a9-42a8-aa46-81deddc80199',
    'd34461ac-1145-43cd-bd35-307ac207235e',
    '5e8cf922-be4f-4e27-9dfe-6c31c7430b17',
    'ea243168-c2e1-484a-9e8c-ed76ee744afe',
    '598751c9-513d-4789-b669-ff860dc8d71c',
    '898f5b32-bb8c-44bc-b389-76721dcb9552',
    '7c7594c0-db13-43ed-816d-e21f517eda6c',
    'd763334e-5dd9-4009-94b2-fca0a09def60',
    'ce63398a-4f20-420c-9b49-06bdd0d6de83',
    '35c10de7-c444-444b-9e97-956971b0e1c6',
    '45404303-a3a0-402f-98c9-e44e0c64a63b',
    '16c6efa9-05b0-48b0-9a63-5b769fc86a50',
    'ced8729c-7d1a-4834-8c79-fdf66a9b53ee',
    'bf04aa47-cf11-4bfa-8156-15b564aca433',
    '813b2124-3693-4c43-9d10-0925628b52f5',
    'd98ffd51-cb73-4cd9-b152-105ec4d8b815',
    '54a3dda2-fbae-49d0-90ab-cee1dca33c85',
    'af615c3b-7c4d-4182-8240-cc654287466a',
    '625ccbe1-1e7b-4318-b387-3b72c08fdcad',
    '33118bb5-4b4a-45b5-9266-4a698726bbb4',
    'a5069c8c-94a2-478e-bb41-92811f6753d4',
    'bbf7e238-76b5-4d16-a08f-dba6822cb007',
    '3101bb9e-8343-4e84-b7d3-c0f24ac6a1a6',
    '80365305-4009-4ead-af0f-726b821b5dba',
    '7f648002-bfee-474d-8c5f-a910cda8914d',
    '9429d1be-ffb0-4f4b-b4be-4035f4a5c674',
    'abae7f77-4bf1-426b-949e-f26f8c7dd613',
    '2fc34084-0e26-44c0-894f-3613fe2936b5',
    'cc56516f-597a-4cdb-bd0f-6305334ff32f',
    'd4d1fba3-615e-4e9b-9e61-5c60281f5245',
    'bf7c95fb-a535-4cad-9c53-f10866ad709f',
    'b5bc484b-818d-48fa-acfc-2f7c9bdd116b',
    'a9bf6464-56ad-4c24-9e45-13ae6d2032b2'
);
DELETE FROM decision_rules WHERE "ID" IN (
    '3b310a55-610d-4c0f-9509-118c956efabd',
    '8ecfc55f-1f28-4db3-ba1a-806268e4d726',
    '9441d812-e223-496e-8582-2c5f287a5eb1',
    '60599153-88ab-48f2-9bbf-ef7f6a5e9b88',
    'd8b87179-13c4-4b46-bb36-f38ba0685266',
    '3a61824f-fa9e-439d-9502-d355ce2c7a1d',
    '1dc9a804-3969-434d-b808-2648c2e4eeab',
    '4810fffc-b9b4-4867-af73-134d4bb65fa5',
    '1c7c6813-e7b9-4495-a714-7267c17485a8',
    '31653e4e-3b90-4919-b1cf-c06faa919285',
    '78068503-e85d-4b1f-a199-1c05f90a2903',
    '9217ff4a-4361-4dcc-b105-20403af3b331',
    '76c32140-3a33-472e-98ba-92dd52274c46',
    '562f9e7a-4dec-4c4c-9f51-a6a563ffcea2',
    '3eb5105a-7b5a-4e35-ab9c-16a8202e1e65',
    'ec7f0bb2-eb1f-4359-b08e-2d7967ef65ef',
    '69846006-674d-4939-a5d6-38bf6948d22f',
    'd40c2f4f-b11a-4b8e-b95e-0d8616e76d66',
    '3c1dcea8-c010-42b5-bcb5-240790144621',
    '10b8bf64-db5d-4320-b3a1-084e1cf5d500',
    '9f76e77c-0aa4-4760-aab2-c813f218510b',
    '42860d8a-1dfa-4fb1-b10b-ec2030e3708f',
    '830a397d-4490-4272-9dc1-57db03d9231f',
    '486cc180-83d0-46a2-8e18-902e35df2920',
    '70f9a5b3-a116-4d69-91cf-0dfbe440ee0f',
    '2d908c41-6b24-40d7-83cc-f6a70f5bd9f2',
    '6fb27269-79b6-4529-9aad-a9dda0db2f33',
    'f169cef3-ccae-4216-90b0-65d488c04418',
    '18bac0cc-cea8-4f03-897a-a29312452eb0',
    '6a19808c-c64d-4e55-b6f2-0cb606b5f295',
    'da72f0d5-b592-40fe-aa4e-ff37ac00944f',
    'c14839cd-672b-4b77-8bde-c2e507df8ecd',
    'c3296a6b-e2d1-4daa-8ee7-5d4f5195ae5a',
    '38973170-3cfd-4942-b69a-fac068c24457',
    '6382a24d-e597-47e0-b57d-dffbca9fac0d',
    'a32324a9-f1ea-45a7-8551-4d364169d191',
    'fd75fe3b-2c89-457e-b5f2-898625a29dba',
    'febce4d3-92c0-4e69-ab00-ee51d087eb67',
    '62ca27eb-1ba6-4577-9ff7-029fb214fe43',
    '3d45f77e-556d-44f5-9b33-7f52123c09db',
    '4883d8ab-6ed9-4486-bf0a-960ab4b90b0e',
    '584557b9-a5a7-49a1-b0e3-3558ea545483',
    '3135e887-9a52-414f-a8c8-e1334ab519cf',
    'c01340a7-03d2-4d37-98d9-9542576a53a1',
    '81b1f34a-f722-4cf4-b739-99653feaddfd',
    '6edc9b63-6515-4a20-8cfa-976986083c2f',
    '53894eea-017a-495d-8ef3-c93c861d8b3c',
    'fb037355-fd74-4b3e-8ea8-4227f11ea119',
    'c32b9003-4feb-4c2d-9991-f56064949d11',
    '227818fb-14bc-4fb9-9215-f4d20fa35cc8'
);
DELETE FROM attributes WHERE "ID" IN (
    '0d8bcd56-cdcd-4333-8d69-27dbe971640b',
    'add991df-4a88-45cf-a9c1-18a8be96fc56',
    '0f715778-2891-45af-8cf2-43096aba9a7b',
    '6a4bc7c1-c99c-4338-adfb-c542f7ab5cbf'
);
DELETE FROM clen_schema_registry WHERE "ID" = '13822f65-d938-445b-85c0-b0893a6e464c';
DELETE FROM placements WHERE "ID" IN (
    'b1426921-e912-45b9-bcfa-ddfc0a857a5a',
    '242c6c27-f64e-42d5-a399-ce807b885f0c',
    '2b59ee94-fad7-4baf-8fcf-3b3b47bf0aaa',
    'fc987d93-0a69-46f3-a5c0-f22edb9e5f83',
    '063121f4-987d-4ee5-9944-d164ed786ba0',
    'e8e7e55f-d7ee-4480-846a-186495b6ef6b',
    'cbe497c5-b7d4-4e53-bfdb-27a4576f1f49',
    'ba446df4-3952-4c65-8ed4-2cf61574d97c',
    'd46e5973-3958-4267-8422-53c2d726846a',
    '323826d2-6453-46ec-9b8b-79c6a74caa9a',
    '7b1aafd5-43a1-468b-a41a-755d4bce43b3',
    'e87357bb-6346-4c2b-9f1e-1303935f7ede',
    '5f5aa59d-3734-4b80-a52c-164bc9b56a89',
    '3da5c584-8059-4afd-b452-2bae1e54892b',
    '84516cad-6f37-4dcc-8dcd-306a47946064',
    '3f669951-f35f-41f2-8b7e-b0c9021e61c8',
    'e59c1e10-3a6b-45cc-8736-4472a3e3e7ac',
    '65f71a59-5d29-4077-bef0-9a231951d221',
    'ec504147-3158-4b6a-97d4-11b257e5ee80',
    '462d4b02-fc13-48ad-9ac1-0d60bb425617',
    '3b056137-e802-4b36-aa30-e285327ce6fe',
    '374609f1-bab7-4be7-8796-1b1e0c05b3ba',
    '385e01d3-ded7-415a-a969-fa1d27f97d5b',
    '0d4308b8-aadb-436e-a466-fa59df8a0829',
    '7de170da-2527-400a-88db-fa15120db0c9',
    '490de9fc-631d-4fdc-b7b6-6742fd7b59d8',
    '88e06979-cbdb-4a09-a415-d50aaa278257',
    'fed52609-f2d0-457a-b9cb-3e49672c14da',
    '8a3d1b56-b743-4221-a6ed-3a2940919223',
    '76959e0c-5222-4f3a-b692-50d047ca7fdc',
    '700a7f7c-0c05-43d8-9e55-53e815b772d2',
    '7df7c66b-9c36-4bff-95eb-dfdca6183add',
    '8a038072-7f62-420c-9f72-ade3ecc46c3e',
    'c03f6a1a-d7d4-4300-af72-25f3cbe9c1cc',
    '834a8261-1af0-4304-9d8c-c05f90f530e7',
    'ea5bc0d4-a481-46b1-9488-296def964d82',
    '1bc078bd-f947-4137-bf33-f958a0e7e887',
    '8edf98cc-c06b-4f01-a174-4415377f50aa',
    '74b507f7-dcb4-4ccb-846d-d7c3e93bf2fd',
    'ae40426c-f506-4876-a91c-44577b6ef0e5',
    '1a4d017e-149f-436c-ba01-8ec0127a8397',
    '5d5e88d7-75c8-42ed-8bd6-568b011b6644',
    '892b8614-f8e7-4629-b28f-744fb5ba6d91',
    '16ecba3c-95ac-4695-a9b2-63643fe4e54e',
    '411ab576-4a9a-4f87-b51d-7c2e413236ca',
    'd9ba1bda-8c53-4aec-9a85-8773c99f2541',
    '27ecbc31-b223-4831-8b33-146e3ed48109',
    'd25f7d8b-39d3-4495-ad5e-eab0ce7753aa',
    'e34abb29-09c0-4764-b8c9-887d1910d868',
    'ba444d22-df63-4642-a7ba-d296088bbc59'
);
DELETE FROM channels WHERE "ID" IN (
    'e9553a73-4cf6-4d27-b472-0e021ca89b82',
    '4efbb584-63c1-4306-aeb8-b499f5f00453',
    '4acfb9dd-ad0d-49de-972e-4152b1ba9a02',
    '9e7585cf-6ae3-4db5-aabb-e2bd241140da'
);
