-- +goose Up
-- Generated by scripts/generate_decision_rule_mock.go
-- Seed: 1776470400

INSERT INTO placements ("ID", "NAME", "DESCRIPTION", "MAX_RESULTS", "CREATED_AT", "UPDATED_AT") VALUES
('673c23b3-d3d8-41e6-8f24-5afdc2bad3ea', 'wsaPortBanner', 'Insight popup placement for middle zone', 5, NOW(), NOW()),
('b4e4e904-ee2e-4e8f-9b00-4c6c111bf06e', 'wsaPortBanner', 'Reward widget placement for sidebar zone', 9, NOW(), NOW()),
('1617c233-2ff5-4186-8149-64985fafc5f6', 'wsaHomeBanner', 'Home widget placement for middle zone', 10, NOW(), NOW()),
('5f5e1b42-a864-4492-83ec-9e0c2c6466b1', 'wsaPortBanner', 'Offer banner placement for bottom zone', 6, NOW(), NOW()),
('d136d507-1322-4548-9c4e-2d12e146d16c', 'wsaLandingPage', 'Insight carousel placement for hero zone', 8, NOW(), NOW()),
('50d40484-0eef-4ef0-a40b-22c6189a840c', 'wsaLandingPage', 'Offer carousel placement for middle zone', 7, NOW(), NOW()),
('c56214bd-b45b-4fa3-a140-9e6da5141569', 'wsaSplash', 'Wealth popup placement for bottom zone', 10, NOW(), NOW()),
('906254aa-d473-4dcc-9262-6099889fd140', 'wsaPortBanner', 'Home spotlight placement for bottom zone', 9, NOW(), NOW()),
('d3dd3306-81a5-470f-9cc4-746f8172a78b', 'wsaLandingPage', 'Wealth widget placement for top zone', 6, NOW(), NOW()),
('c2e4e16a-4ee6-4575-88c9-37db7dccf1db', 'wsaLandingPage', 'Credit popup placement for sidebar zone', 4, NOW(), NOW()),
('9d513a65-4e30-4478-a343-6be4c963b344', 'wsaLandingPage', 'Credit tile placement for sidebar zone', 6, NOW(), NOW()),
('da6da6c8-ec6e-4a9a-a776-5631512833c0', 'wsaPortBanner', 'Credit tile placement for hero zone', 5, NOW(), NOW()),
('afdd5a0d-0fcd-44b3-b041-e80079401797', 'wsaPortBanner', 'Deposit banner placement for hero zone', 3, NOW(), NOW()),
('bbb1b7d2-9d05-4e05-8e43-ab86f499bb00', 'wsaLandingPage', 'Insight banner placement for top zone', 9, NOW(), NOW()),
('cdc82b4e-a85a-4148-8b91-57dfb52b942b', 'wsaLandingPage', 'Offer widget placement for sidebar zone', 7, NOW(), NOW()),
('7eb46bfe-63ec-4bdc-8527-7391539f16b7', 'wsaSplash', 'Wealth banner placement for middle zone', 10, NOW(), NOW()),
('9fd99869-741a-4d6a-a44a-2914b08b4f02', 'wsaHomeBanner', 'Wealth popup placement for bottom zone', 8, NOW(), NOW()),
('2d42005b-8ad4-4596-ab0a-461214019f11', 'wsaPortBanner', 'Wealth popup placement for hero zone', 7, NOW(), NOW()),
('6b9c73cd-776d-40cd-8b71-a5788032d2f4', 'wsaHomeBanner', 'Portfolio popup placement for bottom zone', 6, NOW(), NOW()),
('c60a7b9f-dcbd-4080-bed8-6117d0db5b79', 'wsaHomeBanner', 'Wealth carousel placement for bottom zone', 6, NOW(), NOW()),
('87f1fd6d-18a3-496c-94c6-34659347c54d', 'wsaLandingPage', 'Wealth widget placement for top zone', 1, NOW(), NOW()),
('ffd0ec47-55f6-454f-91f8-9f4183d0d16c', 'wsaHomeBanner', 'Deposit widget placement for top zone', 9, NOW(), NOW()),
('3a6eb9a5-a846-441b-b757-8ce86c2788de', 'wsaSplash', 'Offer popup placement for middle zone', 10, NOW(), NOW()),
('7fd52bb5-81e7-433e-9c8d-0341b7eb4690', 'wsaSplash', 'Reward popup placement for middle zone', 10, NOW(), NOW()),
('5b310c00-00c2-49fa-a0dd-7973a214e682', 'wsaPortBanner', 'Wealth spotlight placement for middle zone', 4, NOW(), NOW()),
('b2d38bca-0697-4545-ab69-e71e1312d306', 'wsaPortBanner', 'Portfolio widget placement for bottom zone', 4, NOW(), NOW()),
('aa469bcf-b64f-4db6-a866-65f58c6edb58', 'wsaHomeBanner', 'Portfolio tile placement for top zone', 9, NOW(), NOW()),
('48bdb0fe-f3f2-4ed6-8111-e5a8a3e5a582', 'wsaSplash', 'Deposit widget placement for sidebar zone', 10, NOW(), NOW()),
('eeed9ebe-2876-45ba-b6a3-75411ab0f1cb', 'wsaHomeBanner', 'Home widget placement for bottom zone', 10, NOW(), NOW()),
('5b9b3b89-11f3-404f-a74d-4b1221b2fc2e', 'wsaSplash', 'Portfolio banner placement for middle zone', 9, NOW(), NOW()),
('0add89c3-ddb3-4237-a455-2ec41fecc3a1', 'wsaSplash', 'Home banner placement for hero zone', 6, NOW(), NOW()),
('57f4bcd8-8798-4224-af5d-57ec8b31d804', 'wsaLandingPage', 'Deposit banner placement for middle zone', 2, NOW(), NOW()),
('aefac28b-ec99-4f7f-b25a-46a36f27ceb1', 'wsaHomeBanner', 'Offer popup placement for middle zone', 9, NOW(), NOW()),
('5a78f442-8496-46c4-9d32-c6f96822beea', 'wsaSplash', 'Insight tile placement for sidebar zone', 2, NOW(), NOW()),
('3e8af94f-8815-4476-951a-905ed834778d', 'wsaLandingPage', 'Home popup placement for top zone', 1, NOW(), NOW()),
('b3374e93-47e1-4268-ad21-4c35be557190', 'wsaPortBanner', 'Deposit carousel placement for middle zone', 3, NOW(), NOW()),
('3d3a7d2b-c590-4b23-b78a-bc7a11e5713f', 'wsaPortBanner', 'Credit banner placement for hero zone', 1, NOW(), NOW()),
('fe75de69-d61c-4c8b-b0ce-8dc7f7820c71', 'wsaSplash', 'Credit carousel placement for top zone', 4, NOW(), NOW()),
('037a5d97-4c80-4185-9666-5db4bcb3a3f9', 'wsaPortBanner', 'Reward tile placement for hero zone', 1, NOW(), NOW()),
('6d3d7daf-8953-4068-92fd-cb335d69c7df', 'wsaLandingPage', 'Credit widget placement for sidebar zone', 3, NOW(), NOW()),
('43b355d3-c630-4ff0-a530-5d2ee56cabbd', 'wsaPortBanner', 'Wealth popup placement for hero zone', 10, NOW(), NOW()),
('b3be96c5-a1ab-4e90-8a9e-37c7fb569678', 'wsaLandingPage', 'Portfolio popup placement for sidebar zone', 7, NOW(), NOW()),
('266b7778-a6b0-4440-969f-12dbbac5b238', 'wsaSplash', 'Wealth tile placement for middle zone', 4, NOW(), NOW()),
('91c1b678-b2e6-48e4-a4e9-8889bc337377', 'wsaPortBanner', 'Deposit tile placement for bottom zone', 8, NOW(), NOW()),
('5262fb15-0d7a-4e37-ad1c-5b7aad2419b5', 'wsaHomeBanner', 'Portfolio popup placement for hero zone', 8, NOW(), NOW()),
('e0e0d8e0-1390-453c-89c6-7d8ba023433b', 'wsaLandingPage', 'Offer popup placement for hero zone', 9, NOW(), NOW()),
('73a2ebec-5951-49e6-83bd-33cbc20a2d13', 'wsaPortBanner', 'Home carousel placement for sidebar zone', 8, NOW(), NOW()),
('ce1cbef0-6883-483a-917c-ce2006db11cb', 'wsaSplash', 'Reward popup placement for bottom zone', 3, NOW(), NOW()),
('a238b97b-383c-4458-affa-9139a02170ff', 'wsaHomeBanner', 'Insight carousel placement for middle zone', 1, NOW(), NOW()),
('c288a1ae-c587-4166-bd80-2c17ea44f714', 'wsaPortBanner', 'Deposit spotlight placement for bottom zone', 8, NOW(), NOW());

INSERT INTO clen_schema_registry ("ID", "SCHEMA_NAME", "VERSION", "SCHEMA_DEFINITION", "IS_ACTIVE", "CREATED_AT", "UPDATED_AT") VALUES
('1b953399-da29-4082-81c9-d6aad4a1ac9f', 'PersonalizationAudience', '1.0.0', '{"type":"object","properties":{"segment":{"type":"string"},"user_age":{"type":"number"},"region":{"type":"string"},"risk_level":{"type":"number"}}}', true, NOW(), NOW());

INSERT INTO attributes ("ID", "CLEN_SCHEMA_REGISTRY_ID", "FIELD_NAME", "DISPLAY_NAME", "DATA_TYPE", "VALUE", "DESCRIPTION", "SOURCE_SYSTEM", "IS_ACTIVE", "CREATED_AT", "UPDATED_AT") VALUES
('b48e1fce-d061-4d47-9845-6b9022e19361', '1b953399-da29-4082-81c9-d6aad4a1ac9f', 'segment', 'User Segment', 'Text', '["Mass","Affluent","VIP","Young Wealth","SME"]', 'Customer segmentation bucket from CLEN', 'CLEN', true, NOW(), NOW()),
('9953ad6b-f683-4ae4-a93d-b4dba619d109', '1b953399-da29-4082-81c9-d6aad4a1ac9f', 'user_age', 'User Age', 'Number', NULL, 'Age of the user in years', 'CLEN', true, NOW(), NOW()),
('5dae579a-be32-4a5a-afa4-a07846b7e21c', '1b953399-da29-4082-81c9-d6aad4a1ac9f', 'region', 'Region', 'Text', '["Bangkok","Central","North","Northeast","South"]', 'Preferred operating region of the user', 'CLEN', true, NOW(), NOW()),
('6678c712-f299-437c-b818-dd4d275a0681', '1b953399-da29-4082-81c9-d6aad4a1ac9f', 'risk_level', 'Risk Level', 'Number', '[1,2,3,4,5]', 'Investment risk level score', 'CLEN', true, NOW(), NOW());

INSERT INTO decision_rules ("ID", "NAME", "TYPE", "EVALUATE_TYPE", "CONTENT_PATH", "SCORE", "STATUS", "CREATED_AT", "UPDATED_AT") VALUES
('66a1dbc6-be01-4bfb-aba1-2a2fa637ffd6', 'wsaPortBanner', 'AUDIENCE', 'SCORING', 'personalizedContent/insight/popup-01', 1.2, 'ACTIVE', NOW(), NOW()),
('f23d01e3-b1e1-4740-abef-7b816d64cef8', 'wsaPortBanner', 'AUDIENCE', 'SCORING', 'personalizedContent/reward/widget-02', 2.6, 'ACTIVE', NOW(), NOW()),
('41a22dae-1f49-4ddb-9815-f9353a5e049a', 'wsaHomeBanner', 'AUDIENCE', 'SCORING', 'personalizedContent/home/widget-03', 1.3, 'ACTIVE', NOW(), NOW()),
('2a2e5f3d-4c54-4e22-a2fd-13fc4e6ceafc', 'wsaPortBanner', 'AUDIENCE', 'SCORING', 'personalizedContent/offer/banner-04', 3.6, 'ACTIVE', NOW(), NOW()),
('d3f59e23-cfd5-4db1-b1d3-ce56f032f168', 'wsaLandingPage', 'AUDIENCE', 'SCORING', 'personalizedContent/insight/carousel-05', 5.8, 'ACTIVE', NOW(), NOW()),
('b3a88624-f663-488a-9a0d-2da7563c95c2', 'wsaLandingPage', 'AUDIENCE', 'SCORING', 'personalizedContent/offer/carousel-06', 1.6, 'ACTIVE', NOW(), NOW()),
('0495cf4f-94ea-42a7-ae63-ee3cdade8f8c', 'wsaSplash', 'AUDIENCE', 'SCORING', 'personalizedContent/wealth/popup-07', 2.1, 'ACTIVE', NOW(), NOW()),
('c27ae315-ce16-4a2c-a6fd-7cf8d4b3b4f2', 'wsaPortBanner', 'AUDIENCE', 'SCORING', 'personalizedContent/home/spotlight-08', 1.6, 'ACTIVE', NOW(), NOW()),
('45bfae16-5090-408f-9c5b-6f9918e556b2', 'wsaLandingPage', 'AUDIENCE', 'SCORING', 'personalizedContent/wealth/widget-09', 5.0, 'ACTIVE', NOW(), NOW()),
('62ac41c1-c44b-45df-9a27-23495589690d', 'wsaLandingPage', 'AUDIENCE', 'SCORING', 'personalizedContent/credit/popup-10', 1.5, 'ACTIVE', NOW(), NOW()),
('cb30250c-2126-41ae-b408-21ddab4dca5e', 'wsaLandingPage', 'AUDIENCE', 'SCORING', 'personalizedContent/credit/tile-11', 2.3, 'ACTIVE', NOW(), NOW()),
('a601b1b5-8a89-4a9a-9456-5a3ec7cb1198', 'wsaPortBanner', 'AUDIENCE', 'SCORING', 'personalizedContent/credit/tile-12', 7.8, 'ACTIVE', NOW(), NOW()),
('13e02920-4b48-40ba-8c66-e1b3cd34e41e', 'wsaPortBanner', 'AUDIENCE', 'SCORING', 'personalizedContent/deposit/banner-13', 3.0, 'ACTIVE', NOW(), NOW()),
('5baeed9f-1ec4-4393-a260-901e1e131fdd', 'wsaLandingPage', 'AUDIENCE', 'SCORING', 'personalizedContent/insight/banner-14', 8.4, 'ACTIVE', NOW(), NOW()),
('6647fec8-2459-4666-ba06-650611811b0b', 'wsaLandingPage', 'AUDIENCE', 'SCORING', 'personalizedContent/offer/widget-15', 2.7, 'ACTIVE', NOW(), NOW()),
('37aa1806-5a4b-44b5-8cb0-20d350973777', 'wsaSplash', 'AUDIENCE', 'SCORING', 'personalizedContent/wealth/banner-16', 1.5, 'ACTIVE', NOW(), NOW()),
('7580a01b-608b-4986-b708-cbdec66b074b', 'wsaHomeBanner', 'AUDIENCE', 'SCORING', 'personalizedContent/wealth/popup-17', 4.3, 'ACTIVE', NOW(), NOW()),
('68ce99e0-d1b1-4c77-b6fb-6e2670745e0b', 'wsaPortBanner', 'AUDIENCE', 'SCORING', 'personalizedContent/wealth/popup-18', 3.3, 'ACTIVE', NOW(), NOW()),
('e82570c6-3ce5-43d1-a65f-682ba33893cd', 'wsaHomeBanner', 'AUDIENCE', 'SCORING', 'personalizedContent/portfolio/popup-19', 5.5, 'ACTIVE', NOW(), NOW()),
('3b97c457-c8c3-4240-8826-b666c44c167a', 'wsaHomeBanner', 'AUDIENCE', 'SCORING', 'personalizedContent/wealth/carousel-20', 4.1, 'ACTIVE', NOW(), NOW()),
('66537f4e-f3a0-4193-bc34-31a4a40082dc', 'wsaLandingPage', 'AUDIENCE', 'SCORING', 'personalizedContent/wealth/widget-21', 1.3, 'ACTIVE', NOW(), NOW()),
('008786e9-c624-487c-82ca-7e832b7634e8', 'wsaHomeBanner', 'AUDIENCE', 'SCORING', 'personalizedContent/deposit/widget-22', 6.3, 'ACTIVE', NOW(), NOW()),
('ee2b83a2-b132-4624-b385-b6ddc2826696', 'wsaSplash', 'AUDIENCE', 'SCORING', 'personalizedContent/offer/popup-23', 6.8, 'ACTIVE', NOW(), NOW()),
('9b69fe1d-b696-4d13-9f9b-0a6476a1ad4d', 'wsaSplash', 'AUDIENCE', 'SCORING', 'personalizedContent/reward/popup-24', 4.1, 'ACTIVE', NOW(), NOW()),
('61f4d9b9-4f0e-434e-9f95-0a8094e46eab', 'wsaPortBanner', 'AUDIENCE', 'SCORING', 'personalizedContent/wealth/spotlight-25', 7.5, 'ACTIVE', NOW(), NOW()),
('db0c3a49-541f-43e0-abd3-5e099cc0fcf3', 'wsaPortBanner', 'AUDIENCE', 'SCORING', 'personalizedContent/portfolio/widget-26', 4.7, 'ACTIVE', NOW(), NOW()),
('54f48943-ea19-446b-9376-833bc2e7060c', 'wsaHomeBanner', 'AUDIENCE', 'SCORING', 'personalizedContent/portfolio/tile-27', 7.7, 'ACTIVE', NOW(), NOW()),
('be23a525-e3df-434a-a7ea-9bac24f11986', 'wsaSplash', 'AUDIENCE', 'SCORING', 'personalizedContent/deposit/widget-28', 7.7, 'ACTIVE', NOW(), NOW()),
('735a2e9e-79a5-4c46-8f19-d3e92178aeb5', 'wsaHomeBanner', 'AUDIENCE', 'SCORING', 'personalizedContent/home/widget-29', 6.4, 'ACTIVE', NOW(), NOW()),
('6a26f782-ee97-4399-9b51-f7df33ea49d1', 'wsaSplash', 'AUDIENCE', 'SCORING', 'personalizedContent/portfolio/banner-30', 2.8, 'ACTIVE', NOW(), NOW()),
('40775835-b99d-44a3-9d08-17385d121118', 'wsaSplash', 'AUDIENCE', 'SCORING', 'personalizedContent/home/banner-31', 4.7, 'ACTIVE', NOW(), NOW()),
('0787bfa0-913d-4bbe-9010-cb614c950d98', 'wsaLandingPage', 'AUDIENCE', 'SCORING', 'personalizedContent/deposit/banner-32', 7.7, 'ACTIVE', NOW(), NOW()),
('af5cdcba-9e33-441b-a592-dc461ce5a23b', 'wsaHomeBanner', 'AUDIENCE', 'SCORING', 'personalizedContent/offer/popup-33', 1.8, 'ACTIVE', NOW(), NOW()),
('f20e1acd-c0fd-4988-b1d8-545225e4c57e', 'wsaSplash', 'AUDIENCE', 'SCORING', 'personalizedContent/insight/tile-34', 3.1, 'ACTIVE', NOW(), NOW()),
('fc074fa3-fcaf-4724-9553-741415ebd837', 'wsaLandingPage', 'AUDIENCE', 'SCORING', 'personalizedContent/home/popup-35', 0.9, 'ACTIVE', NOW(), NOW()),
('f00e1716-b2e5-4739-84e7-6b426c024751', 'wsaPortBanner', 'AUDIENCE', 'SCORING', 'personalizedContent/deposit/carousel-36', 1.7, 'ACTIVE', NOW(), NOW()),
('453cf689-2821-4578-9395-aa2a3bc49e86', 'wsaPortBanner', 'AUDIENCE', 'SCORING', 'personalizedContent/credit/banner-37', 4.2, 'ACTIVE', NOW(), NOW()),
('66d62519-732b-42eb-ae61-c2375a90338d', 'wsaSplash', 'AUDIENCE', 'SCORING', 'personalizedContent/credit/carousel-38', 6.4, 'ACTIVE', NOW(), NOW()),
('dcd87376-e74a-45d7-a469-ac6b12520665', 'wsaPortBanner', 'AUDIENCE', 'SCORING', 'personalizedContent/reward/tile-39', 1.8, 'ACTIVE', NOW(), NOW()),
('b33043d3-30ce-40cb-8cee-1f421a725cbc', 'wsaLandingPage', 'AUDIENCE', 'SCORING', 'personalizedContent/credit/widget-40', 5.3, 'ACTIVE', NOW(), NOW()),
('eb0ca27f-46ce-4b95-ab69-f136ddfbdf2e', 'wsaPortBanner', 'AUDIENCE', 'SCORING', 'personalizedContent/wealth/popup-41', 0.6, 'ACTIVE', NOW(), NOW()),
('462cdd62-1315-4a95-b913-40360764bd52', 'wsaLandingPage', 'AUDIENCE', 'SCORING', 'personalizedContent/portfolio/popup-42', 7.4, 'ACTIVE', NOW(), NOW()),
('b67266eb-f990-42bc-84b0-ff067dca0fd9', 'wsaSplash', 'AUDIENCE', 'SCORING', 'personalizedContent/wealth/tile-43', 3.0, 'ACTIVE', NOW(), NOW()),
('5a105fa1-746a-45c8-942e-a203067aeb6d', 'wsaPortBanner', 'AUDIENCE', 'SCORING', 'personalizedContent/deposit/tile-44', 8.1, 'ACTIVE', NOW(), NOW()),
('f615fbd6-4f7b-4d0e-9d50-a9092c73cc38', 'wsaHomeBanner', 'AUDIENCE', 'SCORING', 'personalizedContent/portfolio/popup-45', 0.8, 'ACTIVE', NOW(), NOW()),
('ca3897f7-ef79-4532-bdc6-f15ce6ba2941', 'wsaLandingPage', 'AUDIENCE', 'SCORING', 'personalizedContent/offer/popup-46', 1.8, 'ACTIVE', NOW(), NOW()),
('6d021bcb-1d7f-4595-b4c4-36e0cac45e6c', 'wsaPortBanner', 'AUDIENCE', 'SCORING', 'personalizedContent/home/carousel-47', 6.5, 'ACTIVE', NOW(), NOW()),
('c5d6fb4d-03f9-47a2-ae37-ed4c624fddf9', 'wsaSplash', 'AUDIENCE', 'SCORING', 'personalizedContent/reward/popup-48', 2.1, 'ACTIVE', NOW(), NOW()),
('44759485-2cfb-445c-a060-651277b48c62', 'wsaHomeBanner', 'AUDIENCE', 'SCORING', 'personalizedContent/insight/carousel-49', 6.1, 'ACTIVE', NOW(), NOW()),
('ebcd9adb-6521-472f-b692-9e96ffa1e46f', 'wsaPortBanner', 'AUDIENCE', 'SCORING', 'personalizedContent/deposit/spotlight-50', 0.5, 'ACTIVE', NOW(), NOW());

INSERT INTO rule_conditions ("ID", "SEQUENCE", "DECISION_RULE_ID", "ATTRIBUTE_ID", "LOGICAL_OPERATOR", "CONNECTOR_OPERATOR", "CREATED_AT", "UPDATED_AT") VALUES
('0acfebf0-3886-41d6-8e8e-d3140f74a6b9', 1, '66a1dbc6-be01-4bfb-aba1-2a2fa637ffd6', '5dae579a-be32-4a5a-afa4-a07846b7e21c', '=', 'AND', NOW(), NOW()),
('563e2d0f-b44c-4806-af23-7fbff0f64cfe', 1, 'f23d01e3-b1e1-4740-abef-7b816d64cef8', '5dae579a-be32-4a5a-afa4-a07846b7e21c', '=', 'AND', NOW(), NOW()),
('df293370-b678-48b8-a8d6-6aa655339453', 1, '41a22dae-1f49-4ddb-9815-f9353a5e049a', '6678c712-f299-437c-b818-dd4d275a0681', '>=', 'AND', NOW(), NOW()),
('a5592671-8009-40b3-9e52-bcb1e93ca6c8', 1, '2a2e5f3d-4c54-4e22-a2fd-13fc4e6ceafc', 'b48e1fce-d061-4d47-9845-6b9022e19361', '=', 'AND', NOW(), NOW()),
('7987657f-2817-4638-b564-7c602bc8b13c', 1, 'd3f59e23-cfd5-4db1-b1d3-ce56f032f168', 'b48e1fce-d061-4d47-9845-6b9022e19361', '=', 'AND', NOW(), NOW()),
('79462c36-5624-4657-a834-073cefa1e28d', 1, 'b3a88624-f663-488a-9a0d-2da7563c95c2', 'b48e1fce-d061-4d47-9845-6b9022e19361', '=', 'AND', NOW(), NOW()),
('8270f2c5-27d6-4cb3-bacf-830044d1bf14', 1, '0495cf4f-94ea-42a7-ae63-ee3cdade8f8c', '5dae579a-be32-4a5a-afa4-a07846b7e21c', '=', 'AND', NOW(), NOW()),
('ce4d896e-9916-423d-b433-b2165c277cb2', 1, 'c27ae315-ce16-4a2c-a6fd-7cf8d4b3b4f2', '5dae579a-be32-4a5a-afa4-a07846b7e21c', '=', 'AND', NOW(), NOW()),
('ac8868c4-4e76-49fe-b6b6-d0755b07b6e9', 1, '45bfae16-5090-408f-9c5b-6f9918e556b2', '9953ad6b-f683-4ae4-a93d-b4dba619d109', '>=', 'AND', NOW(), NOW()),
('d2869d0b-6134-449f-8718-a3cab4de2d37', 1, '62ac41c1-c44b-45df-9a27-23495589690d', '5dae579a-be32-4a5a-afa4-a07846b7e21c', '=', 'AND', NOW(), NOW()),
('d00991a3-f1b6-4eb3-a7c9-24e15eef5591', 1, 'cb30250c-2126-41ae-b408-21ddab4dca5e', '6678c712-f299-437c-b818-dd4d275a0681', '>=', 'AND', NOW(), NOW()),
('b1e0ac3d-023b-4e7c-be92-6e772b966e40', 1, 'a601b1b5-8a89-4a9a-9456-5a3ec7cb1198', '9953ad6b-f683-4ae4-a93d-b4dba619d109', '>=', 'AND', NOW(), NOW()),
('aa811746-1fff-4b40-8af0-ece164eb998a', 1, '13e02920-4b48-40ba-8c66-e1b3cd34e41e', '6678c712-f299-437c-b818-dd4d275a0681', '>=', 'AND', NOW(), NOW()),
('b4889471-e937-4396-a774-a1e59ccf2647', 1, '5baeed9f-1ec4-4393-a260-901e1e131fdd', 'b48e1fce-d061-4d47-9845-6b9022e19361', '=', 'AND', NOW(), NOW()),
('b0712515-2ddd-4c93-b4f4-5077e1948b74', 1, '6647fec8-2459-4666-ba06-650611811b0b', '6678c712-f299-437c-b818-dd4d275a0681', '>=', 'AND', NOW(), NOW()),
('89b1069d-5c44-4cc9-b786-4744766e2196', 1, '37aa1806-5a4b-44b5-8cb0-20d350973777', '5dae579a-be32-4a5a-afa4-a07846b7e21c', '=', 'AND', NOW(), NOW()),
('287a04ee-d92b-4db7-b0c8-cf4d65b633cd', 1, '7580a01b-608b-4986-b708-cbdec66b074b', '9953ad6b-f683-4ae4-a93d-b4dba619d109', '<=', 'AND', NOW(), NOW()),
('07378783-d59a-4b2d-8d78-e4c9c46b910e', 1, '68ce99e0-d1b1-4c77-b6fb-6e2670745e0b', '9953ad6b-f683-4ae4-a93d-b4dba619d109', '>=', 'AND', NOW(), NOW()),
('c396af02-07a4-4c71-b6f5-5f688d01fff5', 1, 'e82570c6-3ce5-43d1-a65f-682ba33893cd', '9953ad6b-f683-4ae4-a93d-b4dba619d109', '>=', 'AND', NOW(), NOW()),
('a78f102f-d8e9-4917-a797-0cbd6c1c31c8', 1, '3b97c457-c8c3-4240-8826-b666c44c167a', 'b48e1fce-d061-4d47-9845-6b9022e19361', '=', 'AND', NOW(), NOW()),
('831a01b1-a25a-4085-8a3f-a6dd449d8403', 1, '66537f4e-f3a0-4193-bc34-31a4a40082dc', '9953ad6b-f683-4ae4-a93d-b4dba619d109', '<=', 'AND', NOW(), NOW()),
('67099181-e2f1-4094-a1c3-22c1393c2128', 1, '008786e9-c624-487c-82ca-7e832b7634e8', '9953ad6b-f683-4ae4-a93d-b4dba619d109', '<=', 'AND', NOW(), NOW()),
('9d806668-bfe2-4aa3-9520-df9cdcf3303d', 1, 'ee2b83a2-b132-4624-b385-b6ddc2826696', '5dae579a-be32-4a5a-afa4-a07846b7e21c', '=', 'AND', NOW(), NOW()),
('7aef259c-9eab-4891-9b85-ed3aed60c8ad', 1, '9b69fe1d-b696-4d13-9f9b-0a6476a1ad4d', '6678c712-f299-437c-b818-dd4d275a0681', '<=', 'AND', NOW(), NOW()),
('65a54f8c-b4c4-4c1b-80af-2907843c848d', 1, '61f4d9b9-4f0e-434e-9f95-0a8094e46eab', '9953ad6b-f683-4ae4-a93d-b4dba619d109', '>=', 'AND', NOW(), NOW()),
('3b5c17e6-bd0b-4838-81fa-d03048f21078', 1, 'db0c3a49-541f-43e0-abd3-5e099cc0fcf3', '5dae579a-be32-4a5a-afa4-a07846b7e21c', '=', 'AND', NOW(), NOW()),
('c57f4feb-0186-4a56-aa28-3b32b82d3ac9', 1, '54f48943-ea19-446b-9376-833bc2e7060c', '9953ad6b-f683-4ae4-a93d-b4dba619d109', '<=', 'AND', NOW(), NOW()),
('17dc6ac4-9e84-4b8a-a008-e16ce00797d9', 1, 'be23a525-e3df-434a-a7ea-9bac24f11986', '6678c712-f299-437c-b818-dd4d275a0681', '<=', 'AND', NOW(), NOW()),
('eb3c51fd-566b-416b-921c-6e7f84ac4ff2', 1, '735a2e9e-79a5-4c46-8f19-d3e92178aeb5', '5dae579a-be32-4a5a-afa4-a07846b7e21c', '=', 'AND', NOW(), NOW()),
('db80e8cd-a2a7-4a48-8fdd-d29079b03fe8', 1, '6a26f782-ee97-4399-9b51-f7df33ea49d1', '6678c712-f299-437c-b818-dd4d275a0681', '<=', 'AND', NOW(), NOW()),
('0a98572e-7f92-471f-a32e-ed782671dfd2', 1, '40775835-b99d-44a3-9d08-17385d121118', 'b48e1fce-d061-4d47-9845-6b9022e19361', '=', 'AND', NOW(), NOW()),
('755f1e34-4430-4cc3-8bc1-590f4e15afd4', 1, '0787bfa0-913d-4bbe-9010-cb614c950d98', '6678c712-f299-437c-b818-dd4d275a0681', '>=', 'AND', NOW(), NOW()),
('8a5d047d-1c26-4b69-a1af-6a498e808c23', 1, 'af5cdcba-9e33-441b-a592-dc461ce5a23b', 'b48e1fce-d061-4d47-9845-6b9022e19361', '=', 'AND', NOW(), NOW()),
('6957d07b-c82d-4bb4-978b-eac84f9e8e9d', 1, 'f20e1acd-c0fd-4988-b1d8-545225e4c57e', '6678c712-f299-437c-b818-dd4d275a0681', '<=', 'AND', NOW(), NOW()),
('b7724f8b-4279-4ae0-aeaf-3d8456fca73c', 1, 'fc074fa3-fcaf-4724-9553-741415ebd837', '9953ad6b-f683-4ae4-a93d-b4dba619d109', '<=', 'AND', NOW(), NOW()),
('f050f5e9-cb37-4bb6-b261-2fe5b8d633ea', 1, 'f00e1716-b2e5-4739-84e7-6b426c024751', '5dae579a-be32-4a5a-afa4-a07846b7e21c', '=', 'AND', NOW(), NOW()),
('79403605-c5c5-4761-9e0f-4ae6ad3872ef', 1, '453cf689-2821-4578-9395-aa2a3bc49e86', '9953ad6b-f683-4ae4-a93d-b4dba619d109', '>=', 'AND', NOW(), NOW()),
('3de5bd73-4b05-4a5e-a062-57c773c3c945', 1, '66d62519-732b-42eb-ae61-c2375a90338d', '9953ad6b-f683-4ae4-a93d-b4dba619d109', '>=', 'AND', NOW(), NOW()),
('98b6d7ed-64f9-459a-88ac-f30b8baebaee', 1, 'dcd87376-e74a-45d7-a469-ac6b12520665', '5dae579a-be32-4a5a-afa4-a07846b7e21c', '=', 'AND', NOW(), NOW()),
('e4a8a2f5-9a3b-401b-891c-09d7ed16ec44', 1, 'b33043d3-30ce-40cb-8cee-1f421a725cbc', 'b48e1fce-d061-4d47-9845-6b9022e19361', '=', 'AND', NOW(), NOW()),
('baf857a7-57c2-4d01-a85d-18736cacfff3', 1, 'eb0ca27f-46ce-4b95-ab69-f136ddfbdf2e', '9953ad6b-f683-4ae4-a93d-b4dba619d109', '<=', 'AND', NOW(), NOW()),
('600f1307-0c01-4cd7-b1e4-f5c876761968', 1, '462cdd62-1315-4a95-b913-40360764bd52', '9953ad6b-f683-4ae4-a93d-b4dba619d109', '<=', 'AND', NOW(), NOW()),
('855ac4e5-f37e-4461-8aae-b84b8b9b61e7', 1, 'b67266eb-f990-42bc-84b0-ff067dca0fd9', '6678c712-f299-437c-b818-dd4d275a0681', '>=', 'AND', NOW(), NOW()),
('501a98b7-b047-4e15-a51a-dd207909952a', 1, '5a105fa1-746a-45c8-942e-a203067aeb6d', '9953ad6b-f683-4ae4-a93d-b4dba619d109', '>=', 'AND', NOW(), NOW()),
('354af2e7-67ca-4e17-90dd-ac1aa43e5539', 1, 'f615fbd6-4f7b-4d0e-9d50-a9092c73cc38', '6678c712-f299-437c-b818-dd4d275a0681', '<=', 'AND', NOW(), NOW()),
('2658ebbb-b15b-423e-930b-febf1aee4765', 1, 'ca3897f7-ef79-4532-bdc6-f15ce6ba2941', 'b48e1fce-d061-4d47-9845-6b9022e19361', '=', 'AND', NOW(), NOW()),
('20d88dfd-628e-4193-8ac9-5ebb4da8755d', 1, '6d021bcb-1d7f-4595-b4c4-36e0cac45e6c', 'b48e1fce-d061-4d47-9845-6b9022e19361', '=', 'AND', NOW(), NOW()),
('16cfa344-8350-48ff-afed-6f367f20dc62', 1, 'c5d6fb4d-03f9-47a2-ae37-ed4c624fddf9', '6678c712-f299-437c-b818-dd4d275a0681', '<=', 'AND', NOW(), NOW()),
('fba55d77-f104-4d9b-b2d2-c1c64f8680b7', 1, '44759485-2cfb-445c-a060-651277b48c62', '5dae579a-be32-4a5a-afa4-a07846b7e21c', '=', 'AND', NOW(), NOW()),
('08b137a8-9537-415c-a178-a729cc0ce684', 1, 'ebcd9adb-6521-472f-b692-9e96ffa1e46f', '9953ad6b-f683-4ae4-a93d-b4dba619d109', '>=', 'AND', NOW(), NOW());

INSERT INTO rules ("ID", "DECISION_RULE_ID", "VARIATION_NAME", "SCORE", "ORDER_NO", "CREATED_AT", "UPDATED_AT") VALUES
('e09dd577-ce7e-4317-973f-b27b63a10c87', '66a1dbc6-be01-4bfb-aba1-2a2fa637ffd6', 'Prime Region Northeast 01', 9.1, 1, NOW(), NOW()),
('e8af0414-8fdb-45cd-b566-af459db351b1', 'f23d01e3-b1e1-4740-abef-7b816d64cef8', 'Focus Region Central 02', 14.7, 1, NOW(), NOW()),
('00580450-7c1d-4d20-a9aa-9f62fcf4d083', '41a22dae-1f49-4ddb-9815-f9353a5e049a', 'Select Risk >= 2 03', 17.7, 1, NOW(), NOW()),
('76d656e6-6514-49a1-a015-617103d4f727', '2a2e5f3d-4c54-4e22-a2fd-13fc4e6ceafc', 'Momentum Segment SME 04', 8.2, 1, NOW(), NOW()),
('0c73e339-ef52-4866-93ba-68692277693b', 'd3f59e23-cfd5-4db1-b1d3-ce56f032f168', 'Momentum Segment SME 05', 9.1, 1, NOW(), NOW()),
('de4b8e80-b9a9-4a7b-8ef6-508ff00925d0', 'b3a88624-f663-488a-9a0d-2da7563c95c2', 'Prime Segment Mass 06', 13.6, 1, NOW(), NOW()),
('7a217d5f-0314-4d57-aa66-42cfd20f6ad2', '0495cf4f-94ea-42a7-ae63-ee3cdade8f8c', 'Momentum Region South 07', 22.7, 1, NOW(), NOW()),
('4f929ed5-d7e4-4dd3-b8c6-e6f8dfe13616', 'c27ae315-ce16-4a2c-a6fd-7cf8d4b3b4f2', 'Focus Region South 08', 28.2, 1, NOW(), NOW()),
('6d6364a5-f4d1-4681-833e-5c23b5ae9b7b', '45bfae16-5090-408f-9c5b-6f9918e556b2', 'Priority Age >= 56 09', 23.1, 1, NOW(), NOW()),
('16aa5545-171c-4d2c-af38-05ce047da4bb', '62ac41c1-c44b-45df-9a27-23495589690d', 'Momentum Region Central 10', 14.5, 1, NOW(), NOW()),
('0eb4ebfd-0191-45b9-8eb0-647f0ae3c922', 'cb30250c-2126-41ae-b408-21ddab4dca5e', 'Momentum Risk >= 4 11', 9.1, 1, NOW(), NOW()),
('58a3f427-8b94-4fe8-a2f7-b894f6e0db41', 'a601b1b5-8a89-4a9a-9456-5a3ec7cb1198', 'Momentum Age >= 45 12', 24.7, 1, NOW(), NOW()),
('9932355b-fe44-42fe-957e-052ad3ee4dc7', '13e02920-4b48-40ba-8c66-e1b3cd34e41e', 'Priority Risk >= 5 13', 29.0, 1, NOW(), NOW()),
('b7aecc3c-47b6-469d-aa4a-541ed619d29f', '5baeed9f-1ec4-4393-a260-901e1e131fdd', 'Priority Segment SME 14', 19.2, 1, NOW(), NOW()),
('6a0a068a-9413-4c7d-b63a-19ba946fed4b', '6647fec8-2459-4666-ba06-650611811b0b', 'Growth Risk >= 5 15', 6.0, 1, NOW(), NOW()),
('043a6db6-453e-4ab1-945a-74895d570598', '37aa1806-5a4b-44b5-8cb0-20d350973777', 'Growth Region Northeast 16', 11.1, 1, NOW(), NOW()),
('7d6551bf-874e-4133-a7a9-4e05cdadb1b1', '7580a01b-608b-4986-b708-cbdec66b074b', 'Select Age <= 38 17', 17.9, 1, NOW(), NOW()),
('b599d1f3-a1eb-4bf8-adfe-c04220f999fc', '68ce99e0-d1b1-4c77-b6fb-6e2670745e0b', 'Select Age >= 56 18', 7.6, 1, NOW(), NOW()),
('e566a9e4-e56f-4d7c-b833-0cc1cec7d60f', 'e82570c6-3ce5-43d1-a65f-682ba33893cd', 'Priority Age >= 25 19', 17.4, 1, NOW(), NOW()),
('61acc793-621d-40e1-b7eb-e413d4de0650', '3b97c457-c8c3-4240-8826-b666c44c167a', 'Select Segment Young Wealth 20', 19.2, 1, NOW(), NOW()),
('5581a931-d5ef-4515-ad08-b99f6ec46625', '66537f4e-f3a0-4193-bc34-31a4a40082dc', 'Momentum Age <= 44 21', 24.1, 1, NOW(), NOW()),
('d099117e-dba9-4891-b996-9bedddb5215a', '008786e9-c624-487c-82ca-7e832b7634e8', 'Focus Age <= 24 22', 10.4, 1, NOW(), NOW()),
('f5f1feb7-9c48-4fea-affa-317ae4eda6e2', 'ee2b83a2-b132-4624-b385-b6ddc2826696', 'Momentum Region South 23', 28.2, 1, NOW(), NOW()),
('e9bece35-86fa-4f5d-ae20-a30b966e836e', '9b69fe1d-b696-4d13-9f9b-0a6476a1ad4d', 'Select Risk <= 1 24', 8.0, 1, NOW(), NOW()),
('767ad868-c73c-40ff-b093-02881bf791c6', '61f4d9b9-4f0e-434e-9f95-0a8094e46eab', 'Prime Age >= 32 25', 17.0, 1, NOW(), NOW()),
('a4a07730-7a98-4b6f-9a9c-6917ac71d605', 'db0c3a49-541f-43e0-abd3-5e099cc0fcf3', 'Priority Region Bangkok 26', 21.6, 1, NOW(), NOW()),
('15fd5190-d5a6-4964-b675-f5b2d09ee222', '54f48943-ea19-446b-9376-833bc2e7060c', 'Growth Age <= 57 27', 8.6, 1, NOW(), NOW()),
('8ff0f19f-0194-4092-818e-5bcf544c4859', 'be23a525-e3df-434a-a7ea-9bac24f11986', 'Growth Risk <= 1 28', 9.3, 1, NOW(), NOW()),
('40bb411c-98d5-4dc7-a341-c942f180d29e', '735a2e9e-79a5-4c46-8f19-d3e92178aeb5', 'Growth Region South 29', 21.8, 1, NOW(), NOW()),
('ad7b6613-3968-46c5-9593-b75e5d1df61d', '6a26f782-ee97-4399-9b51-f7df33ea49d1', 'Growth Risk <= 3 30', 20.8, 1, NOW(), NOW()),
('299109ae-12cd-4c0f-bf46-c9f5c5230ef7', '40775835-b99d-44a3-9d08-17385d121118', 'Focus Segment VIP 31', 5.2, 1, NOW(), NOW()),
('c5a51e04-0a1c-45d9-8e99-aba378c6b76b', '0787bfa0-913d-4bbe-9010-cb614c950d98', 'Focus Risk >= 2 32', 19.2, 1, NOW(), NOW()),
('ca78fff1-da00-4afd-9bbb-265061475ac7', 'af5cdcba-9e33-441b-a592-dc461ce5a23b', 'Priority Segment VIP 33', 11.7, 1, NOW(), NOW()),
('42ed778e-d800-46d3-824c-c8fa2ac1ba18', 'f20e1acd-c0fd-4988-b1d8-545225e4c57e', 'Priority Risk <= 2 34', 6.6, 1, NOW(), NOW()),
('dfc215d8-202e-4e3c-b2d4-20f0d63537d9', 'fc074fa3-fcaf-4724-9553-741415ebd837', 'Prime Age <= 45 35', 27.9, 1, NOW(), NOW()),
('9c4324ac-c40b-49ad-bc21-bc288dfb9d4f', 'f00e1716-b2e5-4739-84e7-6b426c024751', 'Focus Region Central 36', 16.3, 1, NOW(), NOW()),
('064885f8-14d7-49c3-bb79-669800cabdc4', '453cf689-2821-4578-9395-aa2a3bc49e86', 'Prime Age >= 56 37', 24.1, 1, NOW(), NOW()),
('ba10a4f7-d7eb-45dd-b796-24009f2b1ce2', '66d62519-732b-42eb-ae61-c2375a90338d', 'Focus Age >= 23 38', 5.6, 1, NOW(), NOW()),
('f397bdc8-d584-49b0-b17e-abf36eac6075', 'dcd87376-e74a-45d7-a469-ac6b12520665', 'Priority Region Northeast 39', 5.3, 1, NOW(), NOW()),
('f3db7f8f-ae66-45cf-8c59-39992c09a4c3', 'b33043d3-30ce-40cb-8cee-1f421a725cbc', 'Prime Segment Young Wealth 40', 14.4, 1, NOW(), NOW()),
('4c618371-3800-485c-8d57-49561f076f95', 'eb0ca27f-46ce-4b95-ab69-f136ddfbdf2e', 'Growth Age <= 60 41', 12.7, 1, NOW(), NOW()),
('849d8534-7749-4671-be70-8cc690c7c831', '462cdd62-1315-4a95-b913-40360764bd52', 'Momentum Age <= 20 42', 20.2, 1, NOW(), NOW()),
('ba7b0b73-ed11-4d3b-add4-54d2019b151f', 'b67266eb-f990-42bc-84b0-ff067dca0fd9', 'Select Risk >= 1 43', 18.9, 1, NOW(), NOW()),
('362b2253-d257-444d-9594-03041fd9cc2d', '5a105fa1-746a-45c8-942e-a203067aeb6d', 'Growth Age >= 29 44', 14.2, 1, NOW(), NOW()),
('e69c70b0-1e2b-4bbe-84f2-5597d3d2db11', 'f615fbd6-4f7b-4d0e-9d50-a9092c73cc38', 'Growth Risk <= 3 45', 6.7, 1, NOW(), NOW()),
('8fa6be65-c740-47ec-bbfa-3032487624e3', 'ca3897f7-ef79-4532-bdc6-f15ce6ba2941', 'Priority Segment SME 46', 18.3, 1, NOW(), NOW()),
('3d72ca3a-f335-4c1c-ba60-bd6c75451305', '6d021bcb-1d7f-4595-b4c4-36e0cac45e6c', 'Focus Segment Young Wealth 47', 26.8, 1, NOW(), NOW()),
('2ed02067-ef31-4c51-9ad7-7ea6a5bafa7c', 'c5d6fb4d-03f9-47a2-ae37-ed4c624fddf9', 'Select Risk <= 2 48', 26.3, 1, NOW(), NOW()),
('1436221b-add9-4408-9246-d56b5c8f476e', '44759485-2cfb-445c-a060-651277b48c62', 'Momentum Region Northeast 49', 22.6, 1, NOW(), NOW()),
('a68271a6-66c9-4c27-b1f3-eb0527f42985', 'ebcd9adb-6521-472f-b692-9e96ffa1e46f', 'Priority Age >= 59 50', 15.6, 1, NOW(), NOW());

INSERT INTO rule_attributes ("ID", "RULE_ID", "ATTRIBUTE_ID", "VALUE", "CREATED_AT", "UPDATED_AT") VALUES
('0e512c27-4d03-49ef-8066-880a5a6c6e0c', 'e09dd577-ce7e-4317-973f-b27b63a10c87', '5dae579a-be32-4a5a-afa4-a07846b7e21c', '"Northeast"', NOW(), NOW()),
('17e38b6e-ebcb-499d-a404-46ec278dab65', 'e8af0414-8fdb-45cd-b566-af459db351b1', '5dae579a-be32-4a5a-afa4-a07846b7e21c', '"Central"', NOW(), NOW()),
('2f6b7927-3e71-44d0-9f03-d44bd2a8eab9', '00580450-7c1d-4d20-a9aa-9f62fcf4d083', '6678c712-f299-437c-b818-dd4d275a0681', '2', NOW(), NOW()),
('f44d2486-6113-433a-9586-a18b2ccc0754', '76d656e6-6514-49a1-a015-617103d4f727', 'b48e1fce-d061-4d47-9845-6b9022e19361', '"SME"', NOW(), NOW()),
('7adc1ba5-698e-4808-b5c6-4ff90cd33884', '0c73e339-ef52-4866-93ba-68692277693b', 'b48e1fce-d061-4d47-9845-6b9022e19361', '"SME"', NOW(), NOW()),
('4ed5bfc3-3e7e-4e7c-9018-06dd5717cee0', 'de4b8e80-b9a9-4a7b-8ef6-508ff00925d0', 'b48e1fce-d061-4d47-9845-6b9022e19361', '"Mass"', NOW(), NOW()),
('66cb2c17-0102-487f-ad64-faef4cf226e6', '7a217d5f-0314-4d57-aa66-42cfd20f6ad2', '5dae579a-be32-4a5a-afa4-a07846b7e21c', '"South"', NOW(), NOW()),
('dfc6b56a-b736-4649-b3df-46233835f66e', '4f929ed5-d7e4-4dd3-b8c6-e6f8dfe13616', '5dae579a-be32-4a5a-afa4-a07846b7e21c', '"South"', NOW(), NOW()),
('77d7a879-e334-487f-92fd-2e5510f064f4', '6d6364a5-f4d1-4681-833e-5c23b5ae9b7b', '9953ad6b-f683-4ae4-a93d-b4dba619d109', '56', NOW(), NOW()),
('f5ad7110-e191-4398-8a5a-2030d994f9e0', '16aa5545-171c-4d2c-af38-05ce047da4bb', '5dae579a-be32-4a5a-afa4-a07846b7e21c', '"Central"', NOW(), NOW()),
('b3944152-65cf-43e0-8b8b-11aa4642e6dc', '0eb4ebfd-0191-45b9-8eb0-647f0ae3c922', '6678c712-f299-437c-b818-dd4d275a0681', '4', NOW(), NOW()),
('b2314122-e12e-430e-9c9d-69d506097f08', '58a3f427-8b94-4fe8-a2f7-b894f6e0db41', '9953ad6b-f683-4ae4-a93d-b4dba619d109', '45', NOW(), NOW()),
('611f3c2e-9328-4d9a-8ef8-d4ecc699a885', '9932355b-fe44-42fe-957e-052ad3ee4dc7', '6678c712-f299-437c-b818-dd4d275a0681', '5', NOW(), NOW()),
('f2f4aabe-6a75-438c-bd94-5aaf127179ef', 'b7aecc3c-47b6-469d-aa4a-541ed619d29f', 'b48e1fce-d061-4d47-9845-6b9022e19361', '"SME"', NOW(), NOW()),
('e3d7b98b-aca0-4fe1-a710-05abfcd5c6f0', '6a0a068a-9413-4c7d-b63a-19ba946fed4b', '6678c712-f299-437c-b818-dd4d275a0681', '5', NOW(), NOW()),
('b841e12c-c795-4f04-b0aa-c4c16b4f9a52', '043a6db6-453e-4ab1-945a-74895d570598', '5dae579a-be32-4a5a-afa4-a07846b7e21c', '"Northeast"', NOW(), NOW()),
('7282929f-b6d7-4a48-bfec-231debb84b3c', '7d6551bf-874e-4133-a7a9-4e05cdadb1b1', '9953ad6b-f683-4ae4-a93d-b4dba619d109', '38', NOW(), NOW()),
('ce0ff022-bd04-417b-9dbb-c7d463080635', 'b599d1f3-a1eb-4bf8-adfe-c04220f999fc', '9953ad6b-f683-4ae4-a93d-b4dba619d109', '56', NOW(), NOW()),
('eacf16e9-97f1-4475-b74a-25f05dbcc177', 'e566a9e4-e56f-4d7c-b833-0cc1cec7d60f', '9953ad6b-f683-4ae4-a93d-b4dba619d109', '25', NOW(), NOW()),
('5d0969ba-664b-4e85-8f09-8d5537d0b125', '61acc793-621d-40e1-b7eb-e413d4de0650', 'b48e1fce-d061-4d47-9845-6b9022e19361', '"Young Wealth"', NOW(), NOW()),
('24fbe5be-7e9e-4399-943f-9c5796145eea', '5581a931-d5ef-4515-ad08-b99f6ec46625', '9953ad6b-f683-4ae4-a93d-b4dba619d109', '44', NOW(), NOW()),
('8187ff5c-4ec4-456d-ad8e-e90a7f0d475d', 'd099117e-dba9-4891-b996-9bedddb5215a', '9953ad6b-f683-4ae4-a93d-b4dba619d109', '24', NOW(), NOW()),
('1e21fe4b-6264-40e1-b533-4d2f8d633d85', 'f5f1feb7-9c48-4fea-affa-317ae4eda6e2', '5dae579a-be32-4a5a-afa4-a07846b7e21c', '"South"', NOW(), NOW()),
('69181602-4a2d-41d6-aec6-64b40646c7a6', 'e9bece35-86fa-4f5d-ae20-a30b966e836e', '6678c712-f299-437c-b818-dd4d275a0681', '1', NOW(), NOW()),
('1b2e7406-a926-41ef-9dcf-500da4a9780c', '767ad868-c73c-40ff-b093-02881bf791c6', '9953ad6b-f683-4ae4-a93d-b4dba619d109', '32', NOW(), NOW()),
('c7ea324d-9c8d-4183-9bd0-0b2b66cfdd2e', 'a4a07730-7a98-4b6f-9a9c-6917ac71d605', '5dae579a-be32-4a5a-afa4-a07846b7e21c', '"Bangkok"', NOW(), NOW()),
('f931fd42-33a5-4a7b-8fac-433654b4827f', '15fd5190-d5a6-4964-b675-f5b2d09ee222', '9953ad6b-f683-4ae4-a93d-b4dba619d109', '57', NOW(), NOW()),
('b7db2b17-3a5f-4dc8-be9d-a52c97c47476', '8ff0f19f-0194-4092-818e-5bcf544c4859', '6678c712-f299-437c-b818-dd4d275a0681', '1', NOW(), NOW()),
('0e24cccb-b852-460a-a520-b59190436841', '40bb411c-98d5-4dc7-a341-c942f180d29e', '5dae579a-be32-4a5a-afa4-a07846b7e21c', '"South"', NOW(), NOW()),
('1f6545d7-5fb5-44fa-b402-d1235ed161c1', 'ad7b6613-3968-46c5-9593-b75e5d1df61d', '6678c712-f299-437c-b818-dd4d275a0681', '3', NOW(), NOW()),
('c035c212-c5b4-4537-8ba0-0980307ff323', '299109ae-12cd-4c0f-bf46-c9f5c5230ef7', 'b48e1fce-d061-4d47-9845-6b9022e19361', '"VIP"', NOW(), NOW()),
('c3a37b10-494d-4497-9819-6e27b711b45b', 'c5a51e04-0a1c-45d9-8e99-aba378c6b76b', '6678c712-f299-437c-b818-dd4d275a0681', '2', NOW(), NOW()),
('20950071-12c7-4117-a2f5-c1da81703dd8', 'ca78fff1-da00-4afd-9bbb-265061475ac7', 'b48e1fce-d061-4d47-9845-6b9022e19361', '"VIP"', NOW(), NOW()),
('d302f0de-e199-4c81-8a20-0aaa505a0752', '42ed778e-d800-46d3-824c-c8fa2ac1ba18', '6678c712-f299-437c-b818-dd4d275a0681', '2', NOW(), NOW()),
('48230658-a9cd-4564-9601-16b9b519b6de', 'dfc215d8-202e-4e3c-b2d4-20f0d63537d9', '9953ad6b-f683-4ae4-a93d-b4dba619d109', '45', NOW(), NOW()),
('244f7989-229b-4c48-9024-5e0e140ca6cd', '9c4324ac-c40b-49ad-bc21-bc288dfb9d4f', '5dae579a-be32-4a5a-afa4-a07846b7e21c', '"Central"', NOW(), NOW()),
('f5810149-7bcc-428f-bff8-255368a74bfc', '064885f8-14d7-49c3-bb79-669800cabdc4', '9953ad6b-f683-4ae4-a93d-b4dba619d109', '56', NOW(), NOW()),
('b0f8d352-3800-4715-982d-3e88afbef81b', 'ba10a4f7-d7eb-45dd-b796-24009f2b1ce2', '9953ad6b-f683-4ae4-a93d-b4dba619d109', '23', NOW(), NOW()),
('db6cc135-11b6-4b8e-a327-d6b05a74b597', 'f397bdc8-d584-49b0-b17e-abf36eac6075', '5dae579a-be32-4a5a-afa4-a07846b7e21c', '"Northeast"', NOW(), NOW()),
('46434da6-aa57-4d4f-8cfe-6a6899483541', 'f3db7f8f-ae66-45cf-8c59-39992c09a4c3', 'b48e1fce-d061-4d47-9845-6b9022e19361', '"Young Wealth"', NOW(), NOW()),
('1dbea3de-0f64-4975-bfa0-82a842a597bc', '4c618371-3800-485c-8d57-49561f076f95', '9953ad6b-f683-4ae4-a93d-b4dba619d109', '60', NOW(), NOW()),
('8ece3354-fa41-4194-aa5c-bfff90bb28ef', '849d8534-7749-4671-be70-8cc690c7c831', '9953ad6b-f683-4ae4-a93d-b4dba619d109', '20', NOW(), NOW()),
('4e3c8612-09bb-4edd-8276-95aedb04292e', 'ba7b0b73-ed11-4d3b-add4-54d2019b151f', '6678c712-f299-437c-b818-dd4d275a0681', '1', NOW(), NOW()),
('da6ad1ba-d757-4086-9597-24be6f393c0a', '362b2253-d257-444d-9594-03041fd9cc2d', '9953ad6b-f683-4ae4-a93d-b4dba619d109', '29', NOW(), NOW()),
('9e3a986a-dc1d-47d1-9a11-dafa0d9f505f', 'e69c70b0-1e2b-4bbe-84f2-5597d3d2db11', '6678c712-f299-437c-b818-dd4d275a0681', '3', NOW(), NOW()),
('c51bdbb5-04a6-4485-acb4-2e136793b67d', '8fa6be65-c740-47ec-bbfa-3032487624e3', 'b48e1fce-d061-4d47-9845-6b9022e19361', '"SME"', NOW(), NOW()),
('d63522e9-1c6e-4a1c-ba50-5ba77df566ab', '3d72ca3a-f335-4c1c-ba60-bd6c75451305', 'b48e1fce-d061-4d47-9845-6b9022e19361', '"Young Wealth"', NOW(), NOW()),
('0b302787-8ced-49eb-b5aa-1c86527fe494', '2ed02067-ef31-4c51-9ad7-7ea6a5bafa7c', '6678c712-f299-437c-b818-dd4d275a0681', '2', NOW(), NOW()),
('38b60f70-7f7f-4a02-8151-8d67cf55694f', '1436221b-add9-4408-9246-d56b5c8f476e', '5dae579a-be32-4a5a-afa4-a07846b7e21c', '"Northeast"', NOW(), NOW()),
('921cfc3c-09a1-4483-8c72-8633ea47a9a3', 'a68271a6-66c9-4c27-b1f3-eb0527f42985', '9953ad6b-f683-4ae4-a93d-b4dba619d109', '59', NOW(), NOW());

INSERT INTO schedules ("ID", "DECISION_RULE_ID", "PLACEMENT_ID", "RECURRENCE_TYPE", "EFFECTIVE_FROM", "EFFECTIVE_UNTIL", "IS_ACTIVE", "CREATED_AT", "UPDATED_AT") VALUES
('1e85209f-5451-4246-a246-0a7538ec5451', '66a1dbc6-be01-4bfb-aba1-2a2fa637ffd6', '673c23b3-d3d8-41e6-8f24-5afdc2bad3ea', 'ONCE', NOW() - interval '27 day', NOW() + interval '254 day', true, NOW(), NOW()),
('01036949-f3e8-4438-b867-bac0ce26805a', 'f23d01e3-b1e1-4740-abef-7b816d64cef8', 'b4e4e904-ee2e-4e8f-9b00-4c6c111bf06e', 'ONCE', NOW() - interval '14 day', NOW() + interval '235 day', true, NOW(), NOW()),
('e7bf82c9-41e5-4889-88c4-a99385d8fe28', '41a22dae-1f49-4ddb-9815-f9353a5e049a', '1617c233-2ff5-4186-8149-64985fafc5f6', 'ONCE', NOW() - interval '40 day', NOW() + interval '361 day', true, NOW(), NOW()),
('51b86687-d020-4a61-a460-8e3dbb5cde7b', '2a2e5f3d-4c54-4e22-a2fd-13fc4e6ceafc', '5f5e1b42-a864-4492-83ec-9e0c2c6466b1', 'ONCE', NOW() - interval '27 day', NOW() + interval '296 day', true, NOW(), NOW()),
('b5ef9fb3-de11-4a37-b580-4e53defe9c49', 'd3f59e23-cfd5-4db1-b1d3-ce56f032f168', 'd136d507-1322-4548-9c4e-2d12e146d16c', 'ONCE', NOW() - interval '38 day', NOW() + interval '226 day', true, NOW(), NOW()),
('a326754f-0bf1-421d-b5ca-732164453f85', 'b3a88624-f663-488a-9a0d-2da7563c95c2', '50d40484-0eef-4ef0-a40b-22c6189a840c', 'ONCE', NOW() - interval '2 day', NOW() + interval '256 day', true, NOW(), NOW()),
('fee85cd3-2498-4fbd-b44d-38599f17b5a1', '0495cf4f-94ea-42a7-ae63-ee3cdade8f8c', 'c56214bd-b45b-4fa3-a140-9e6da5141569', 'ONCE', NOW() - interval '33 day', NOW() + interval '155 day', true, NOW(), NOW()),
('7c8f88a4-237f-4fbe-a045-5cd1ca6aa085', 'c27ae315-ce16-4a2c-a6fd-7cf8d4b3b4f2', '906254aa-d473-4dcc-9262-6099889fd140', 'ONCE', NOW() - interval '16 day', NOW() + interval '214 day', true, NOW(), NOW()),
('508ed514-0e51-4272-b0f0-fcda8cf099aa', '45bfae16-5090-408f-9c5b-6f9918e556b2', 'd3dd3306-81a5-470f-9cc4-746f8172a78b', 'ONCE', NOW() - interval '44 day', NOW() + interval '263 day', true, NOW(), NOW()),
('e57cad5a-02d7-4a06-9bab-696ce465585a', '62ac41c1-c44b-45df-9a27-23495589690d', 'c2e4e16a-4ee6-4575-88c9-37db7dccf1db', 'ONCE', NOW() - interval '26 day', NOW() + interval '229 day', true, NOW(), NOW()),
('d26d16e1-9d57-4170-bedc-b546ce891c52', 'cb30250c-2126-41ae-b408-21ddab4dca5e', '9d513a65-4e30-4478-a343-6be4c963b344', 'ONCE', NOW() - interval '4 day', NOW() + interval '299 day', true, NOW(), NOW()),
('a62ea67d-238c-40f6-8370-beb8d3d61379', 'a601b1b5-8a89-4a9a-9456-5a3ec7cb1198', 'da6da6c8-ec6e-4a9a-a776-5631512833c0', 'ONCE', NOW() - interval '40 day', NOW() + interval '251 day', true, NOW(), NOW()),
('f6f53a86-d859-4bb2-8f8a-e408faea0cc0', '13e02920-4b48-40ba-8c66-e1b3cd34e41e', 'afdd5a0d-0fcd-44b3-b041-e80079401797', 'ONCE', NOW() - interval '31 day', NOW() + interval '349 day', true, NOW(), NOW()),
('585fdc33-5f6e-46ef-a879-471c7f178a3d', '5baeed9f-1ec4-4393-a260-901e1e131fdd', 'bbb1b7d2-9d05-4e05-8e43-ab86f499bb00', 'ONCE', NOW() - interval '13 day', NOW() + interval '271 day', true, NOW(), NOW()),
('8d133a4f-d848-4c2c-badc-f895e352137e', '6647fec8-2459-4666-ba06-650611811b0b', 'cdc82b4e-a85a-4148-8b91-57dfb52b942b', 'ONCE', NOW() - interval '45 day', NOW() + interval '122 day', true, NOW(), NOW()),
('be79ad6e-3645-4e41-b625-51daebf789cd', '37aa1806-5a4b-44b5-8cb0-20d350973777', '7eb46bfe-63ec-4bdc-8527-7391539f16b7', 'ONCE', NOW() - interval '44 day', NOW() + interval '210 day', true, NOW(), NOW()),
('79771820-4724-49b0-99f3-8dacd11d6efe', '7580a01b-608b-4986-b708-cbdec66b074b', '9fd99869-741a-4d6a-a44a-2914b08b4f02', 'ONCE', NOW() - interval '10 day', NOW() + interval '289 day', true, NOW(), NOW()),
('b3431583-ab7a-4de3-b5c5-708732af41b4', '68ce99e0-d1b1-4c77-b6fb-6e2670745e0b', '2d42005b-8ad4-4596-ab0a-461214019f11', 'ONCE', NOW() - interval '14 day', NOW() + interval '270 day', true, NOW(), NOW()),
('1cb18f96-a0b9-40b3-a212-abc362fdbbff', 'e82570c6-3ce5-43d1-a65f-682ba33893cd', '6b9c73cd-776d-40cd-8b71-a5788032d2f4', 'ONCE', NOW() - interval '23 day', NOW() + interval '136 day', true, NOW(), NOW()),
('522d93a1-0558-44a1-8e92-6bcb72074fe5', '3b97c457-c8c3-4240-8826-b666c44c167a', 'c60a7b9f-dcbd-4080-bed8-6117d0db5b79', 'ONCE', NOW() - interval '26 day', NOW() + interval '307 day', true, NOW(), NOW()),
('a3089031-dfa5-483d-8ca1-2bbdfec096bb', '66537f4e-f3a0-4193-bc34-31a4a40082dc', '87f1fd6d-18a3-496c-94c6-34659347c54d', 'ONCE', NOW() - interval '32 day', NOW() + interval '208 day', true, NOW(), NOW()),
('b681e1e7-64ce-4686-b950-f58c0b092119', '008786e9-c624-487c-82ca-7e832b7634e8', 'ffd0ec47-55f6-454f-91f8-9f4183d0d16c', 'ONCE', NOW() - interval '37 day', NOW() + interval '329 day', true, NOW(), NOW()),
('8cf45d9b-6569-4966-9e32-3bb4e39129f1', 'ee2b83a2-b132-4624-b385-b6ddc2826696', '3a6eb9a5-a846-441b-b757-8ce86c2788de', 'ONCE', NOW() - interval '36 day', NOW() + interval '102 day', true, NOW(), NOW()),
('fc9caaab-8347-4c89-a15e-2e8b020c04bf', '9b69fe1d-b696-4d13-9f9b-0a6476a1ad4d', '7fd52bb5-81e7-433e-9c8d-0341b7eb4690', 'ONCE', NOW() - interval '28 day', NOW() + interval '307 day', true, NOW(), NOW()),
('d32f386d-2c49-4d2c-863c-13c534ab3779', '61f4d9b9-4f0e-434e-9f95-0a8094e46eab', '5b310c00-00c2-49fa-a0dd-7973a214e682', 'ONCE', NOW() - interval '31 day', NOW() + interval '222 day', true, NOW(), NOW()),
('f18cf853-8b65-4a44-a495-713e803d4e3e', 'db0c3a49-541f-43e0-abd3-5e099cc0fcf3', 'b2d38bca-0697-4545-ab69-e71e1312d306', 'ONCE', NOW() - interval '27 day', NOW() + interval '94 day', true, NOW(), NOW()),
('8be3275c-3e4c-47c6-8664-832fce55eb9f', '54f48943-ea19-446b-9376-833bc2e7060c', 'aa469bcf-b64f-4db6-a866-65f58c6edb58', 'ONCE', NOW() - interval '45 day', NOW() + interval '142 day', true, NOW(), NOW()),
('82216702-ec7e-4b12-a0eb-18092ab70337', 'be23a525-e3df-434a-a7ea-9bac24f11986', '48bdb0fe-f3f2-4ed6-8111-e5a8a3e5a582', 'ONCE', NOW() - interval '3 day', NOW() + interval '245 day', true, NOW(), NOW()),
('4e8ff5fb-1fd3-4704-a299-992ee543119e', '735a2e9e-79a5-4c46-8f19-d3e92178aeb5', 'eeed9ebe-2876-45ba-b6a3-75411ab0f1cb', 'ONCE', NOW() - interval '38 day', NOW() + interval '258 day', true, NOW(), NOW()),
('bbfa5e06-fbd9-484c-9ccf-74d9ead1734f', '6a26f782-ee97-4399-9b51-f7df33ea49d1', '5b9b3b89-11f3-404f-a74d-4b1221b2fc2e', 'ONCE', NOW() - interval '14 day', NOW() + interval '287 day', true, NOW(), NOW()),
('224dc2ae-f10a-476f-929c-0ef5baac7b03', '40775835-b99d-44a3-9d08-17385d121118', '0add89c3-ddb3-4237-a455-2ec41fecc3a1', 'ONCE', NOW() - interval '39 day', NOW() + interval '154 day', true, NOW(), NOW()),
('073879a6-99bc-4ce4-bd2e-e573891598fe', '0787bfa0-913d-4bbe-9010-cb614c950d98', '57f4bcd8-8798-4224-af5d-57ec8b31d804', 'ONCE', NOW() - interval '11 day', NOW() + interval '132 day', true, NOW(), NOW()),
('715bca41-f6c9-436d-911e-a363b4b65d82', 'af5cdcba-9e33-441b-a592-dc461ce5a23b', 'aefac28b-ec99-4f7f-b25a-46a36f27ceb1', 'ONCE', NOW() - interval '34 day', NOW() + interval '208 day', true, NOW(), NOW()),
('4b9bf99e-4365-4c72-ae7c-cd2934c3fa8a', 'f20e1acd-c0fd-4988-b1d8-545225e4c57e', '5a78f442-8496-46c4-9d32-c6f96822beea', 'ONCE', NOW() - interval '18 day', NOW() + interval '290 day', true, NOW(), NOW()),
('221201a4-f3f1-4a2e-823f-458e6db7f344', 'fc074fa3-fcaf-4724-9553-741415ebd837', '3e8af94f-8815-4476-951a-905ed834778d', 'ONCE', NOW() - interval '45 day', NOW() + interval '173 day', true, NOW(), NOW()),
('aa7eada1-8a8f-49bc-b5c3-e5f78e0a10f5', 'f00e1716-b2e5-4739-84e7-6b426c024751', 'b3374e93-47e1-4268-ad21-4c35be557190', 'ONCE', NOW() - interval '40 day', NOW() + interval '183 day', true, NOW(), NOW()),
('89c168a0-8b8e-4ee5-a3a0-f809fe6a8649', '453cf689-2821-4578-9395-aa2a3bc49e86', '3d3a7d2b-c590-4b23-b78a-bc7a11e5713f', 'ONCE', NOW() - interval '43 day', NOW() + interval '282 day', true, NOW(), NOW()),
('1e0d3fb8-5a80-4649-af92-28e052e80603', '66d62519-732b-42eb-ae61-c2375a90338d', 'fe75de69-d61c-4c8b-b0ce-8dc7f7820c71', 'ONCE', NOW() - interval '10 day', NOW() + interval '136 day', true, NOW(), NOW()),
('240ba038-6980-4808-948f-f79f3973a917', 'dcd87376-e74a-45d7-a469-ac6b12520665', '037a5d97-4c80-4185-9666-5db4bcb3a3f9', 'ONCE', NOW() - interval '24 day', NOW() + interval '179 day', true, NOW(), NOW()),
('a2c31dbe-bff2-47bb-a8ca-cf28864f6f5d', 'b33043d3-30ce-40cb-8cee-1f421a725cbc', '6d3d7daf-8953-4068-92fd-cb335d69c7df', 'ONCE', NOW() - interval '23 day', NOW() + interval '240 day', true, NOW(), NOW()),
('fcdb5b91-5b47-4e65-9138-e95aebb6c4bf', 'eb0ca27f-46ce-4b95-ab69-f136ddfbdf2e', '43b355d3-c630-4ff0-a530-5d2ee56cabbd', 'ONCE', NOW() - interval '16 day', NOW() + interval '175 day', true, NOW(), NOW()),
('10b09148-e0c6-4a84-acd9-0a21f8c98794', '462cdd62-1315-4a95-b913-40360764bd52', 'b3be96c5-a1ab-4e90-8a9e-37c7fb569678', 'ONCE', NOW() - interval '24 day', NOW() + interval '197 day', true, NOW(), NOW()),
('971a077d-73a3-49ec-b64b-03074885ab24', 'b67266eb-f990-42bc-84b0-ff067dca0fd9', '266b7778-a6b0-4440-969f-12dbbac5b238', 'ONCE', NOW() - interval '13 day', NOW() + interval '292 day', true, NOW(), NOW()),
('ccef4186-2b1d-4fe7-925b-bf057577f265', '5a105fa1-746a-45c8-942e-a203067aeb6d', '91c1b678-b2e6-48e4-a4e9-8889bc337377', 'ONCE', NOW() - interval '36 day', NOW() + interval '184 day', true, NOW(), NOW()),
('45e3a8ae-8fe7-4be4-b663-98134da83d72', 'f615fbd6-4f7b-4d0e-9d50-a9092c73cc38', '5262fb15-0d7a-4e37-ad1c-5b7aad2419b5', 'ONCE', NOW() - interval '32 day', NOW() + interval '150 day', true, NOW(), NOW()),
('beb22808-6730-4328-a30a-44b5fb498894', 'ca3897f7-ef79-4532-bdc6-f15ce6ba2941', 'e0e0d8e0-1390-453c-89c6-7d8ba023433b', 'ONCE', NOW() - interval '8 day', NOW() + interval '313 day', true, NOW(), NOW()),
('bed34bf5-dfb1-4556-8b06-369894765213', '6d021bcb-1d7f-4595-b4c4-36e0cac45e6c', '73a2ebec-5951-49e6-83bd-33cbc20a2d13', 'ONCE', NOW() - interval '14 day', NOW() + interval '365 day', true, NOW(), NOW()),
('d66bc97a-fa3a-4975-9dba-35919140e1b1', 'c5d6fb4d-03f9-47a2-ae37-ed4c624fddf9', 'ce1cbef0-6883-483a-917c-ce2006db11cb', 'ONCE', NOW() - interval '5 day', NOW() + interval '327 day', true, NOW(), NOW()),
('505b4cf3-9a2b-493e-88df-672aa2cc6144', '44759485-2cfb-445c-a060-651277b48c62', 'a238b97b-383c-4458-affa-9139a02170ff', 'ONCE', NOW() - interval '6 day', NOW() + interval '257 day', true, NOW(), NOW()),
('0e63ef90-8706-4945-a78d-941c0ffd8c31', 'ebcd9adb-6521-472f-b692-9e96ffa1e46f', 'c288a1ae-c587-4166-bd80-2c17ea44f714', 'ONCE', NOW() - interval '43 day', NOW() + interval '322 day', true, NOW(), NOW());

-- +goose Down
DELETE FROM schedules WHERE "ID" IN (
    '1e85209f-5451-4246-a246-0a7538ec5451',
    '01036949-f3e8-4438-b867-bac0ce26805a',
    'e7bf82c9-41e5-4889-88c4-a99385d8fe28',
    '51b86687-d020-4a61-a460-8e3dbb5cde7b',
    'b5ef9fb3-de11-4a37-b580-4e53defe9c49',
    'a326754f-0bf1-421d-b5ca-732164453f85',
    'fee85cd3-2498-4fbd-b44d-38599f17b5a1',
    '7c8f88a4-237f-4fbe-a045-5cd1ca6aa085',
    '508ed514-0e51-4272-b0f0-fcda8cf099aa',
    'e57cad5a-02d7-4a06-9bab-696ce465585a',
    'd26d16e1-9d57-4170-bedc-b546ce891c52',
    'a62ea67d-238c-40f6-8370-beb8d3d61379',
    'f6f53a86-d859-4bb2-8f8a-e408faea0cc0',
    '585fdc33-5f6e-46ef-a879-471c7f178a3d',
    '8d133a4f-d848-4c2c-badc-f895e352137e',
    'be79ad6e-3645-4e41-b625-51daebf789cd',
    '79771820-4724-49b0-99f3-8dacd11d6efe',
    'b3431583-ab7a-4de3-b5c5-708732af41b4',
    '1cb18f96-a0b9-40b3-a212-abc362fdbbff',
    '522d93a1-0558-44a1-8e92-6bcb72074fe5',
    'a3089031-dfa5-483d-8ca1-2bbdfec096bb',
    'b681e1e7-64ce-4686-b950-f58c0b092119',
    '8cf45d9b-6569-4966-9e32-3bb4e39129f1',
    'fc9caaab-8347-4c89-a15e-2e8b020c04bf',
    'd32f386d-2c49-4d2c-863c-13c534ab3779',
    'f18cf853-8b65-4a44-a495-713e803d4e3e',
    '8be3275c-3e4c-47c6-8664-832fce55eb9f',
    '82216702-ec7e-4b12-a0eb-18092ab70337',
    '4e8ff5fb-1fd3-4704-a299-992ee543119e',
    'bbfa5e06-fbd9-484c-9ccf-74d9ead1734f',
    '224dc2ae-f10a-476f-929c-0ef5baac7b03',
    '073879a6-99bc-4ce4-bd2e-e573891598fe',
    '715bca41-f6c9-436d-911e-a363b4b65d82',
    '4b9bf99e-4365-4c72-ae7c-cd2934c3fa8a',
    '221201a4-f3f1-4a2e-823f-458e6db7f344',
    'aa7eada1-8a8f-49bc-b5c3-e5f78e0a10f5',
    '89c168a0-8b8e-4ee5-a3a0-f809fe6a8649',
    '1e0d3fb8-5a80-4649-af92-28e052e80603',
    '240ba038-6980-4808-948f-f79f3973a917',
    'a2c31dbe-bff2-47bb-a8ca-cf28864f6f5d',
    'fcdb5b91-5b47-4e65-9138-e95aebb6c4bf',
    '10b09148-e0c6-4a84-acd9-0a21f8c98794',
    '971a077d-73a3-49ec-b64b-03074885ab24',
    'ccef4186-2b1d-4fe7-925b-bf057577f265',
    '45e3a8ae-8fe7-4be4-b663-98134da83d72',
    'beb22808-6730-4328-a30a-44b5fb498894',
    'bed34bf5-dfb1-4556-8b06-369894765213',
    'd66bc97a-fa3a-4975-9dba-35919140e1b1',
    '505b4cf3-9a2b-493e-88df-672aa2cc6144',
    '0e63ef90-8706-4945-a78d-941c0ffd8c31'
);
DELETE FROM rule_attributes WHERE "ID" IN (
    '0e512c27-4d03-49ef-8066-880a5a6c6e0c',
    '17e38b6e-ebcb-499d-a404-46ec278dab65',
    '2f6b7927-3e71-44d0-9f03-d44bd2a8eab9',
    'f44d2486-6113-433a-9586-a18b2ccc0754',
    '7adc1ba5-698e-4808-b5c6-4ff90cd33884',
    '4ed5bfc3-3e7e-4e7c-9018-06dd5717cee0',
    '66cb2c17-0102-487f-ad64-faef4cf226e6',
    'dfc6b56a-b736-4649-b3df-46233835f66e',
    '77d7a879-e334-487f-92fd-2e5510f064f4',
    'f5ad7110-e191-4398-8a5a-2030d994f9e0',
    'b3944152-65cf-43e0-8b8b-11aa4642e6dc',
    'b2314122-e12e-430e-9c9d-69d506097f08',
    '611f3c2e-9328-4d9a-8ef8-d4ecc699a885',
    'f2f4aabe-6a75-438c-bd94-5aaf127179ef',
    'e3d7b98b-aca0-4fe1-a710-05abfcd5c6f0',
    'b841e12c-c795-4f04-b0aa-c4c16b4f9a52',
    '7282929f-b6d7-4a48-bfec-231debb84b3c',
    'ce0ff022-bd04-417b-9dbb-c7d463080635',
    'eacf16e9-97f1-4475-b74a-25f05dbcc177',
    '5d0969ba-664b-4e85-8f09-8d5537d0b125',
    '24fbe5be-7e9e-4399-943f-9c5796145eea',
    '8187ff5c-4ec4-456d-ad8e-e90a7f0d475d',
    '1e21fe4b-6264-40e1-b533-4d2f8d633d85',
    '69181602-4a2d-41d6-aec6-64b40646c7a6',
    '1b2e7406-a926-41ef-9dcf-500da4a9780c',
    'c7ea324d-9c8d-4183-9bd0-0b2b66cfdd2e',
    'f931fd42-33a5-4a7b-8fac-433654b4827f',
    'b7db2b17-3a5f-4dc8-be9d-a52c97c47476',
    '0e24cccb-b852-460a-a520-b59190436841',
    '1f6545d7-5fb5-44fa-b402-d1235ed161c1',
    'c035c212-c5b4-4537-8ba0-0980307ff323',
    'c3a37b10-494d-4497-9819-6e27b711b45b',
    '20950071-12c7-4117-a2f5-c1da81703dd8',
    'd302f0de-e199-4c81-8a20-0aaa505a0752',
    '48230658-a9cd-4564-9601-16b9b519b6de',
    '244f7989-229b-4c48-9024-5e0e140ca6cd',
    'f5810149-7bcc-428f-bff8-255368a74bfc',
    'b0f8d352-3800-4715-982d-3e88afbef81b',
    'db6cc135-11b6-4b8e-a327-d6b05a74b597',
    '46434da6-aa57-4d4f-8cfe-6a6899483541',
    '1dbea3de-0f64-4975-bfa0-82a842a597bc',
    '8ece3354-fa41-4194-aa5c-bfff90bb28ef',
    '4e3c8612-09bb-4edd-8276-95aedb04292e',
    'da6ad1ba-d757-4086-9597-24be6f393c0a',
    '9e3a986a-dc1d-47d1-9a11-dafa0d9f505f',
    'c51bdbb5-04a6-4485-acb4-2e136793b67d',
    'd63522e9-1c6e-4a1c-ba50-5ba77df566ab',
    '0b302787-8ced-49eb-b5aa-1c86527fe494',
    '38b60f70-7f7f-4a02-8151-8d67cf55694f',
    '921cfc3c-09a1-4483-8c72-8633ea47a9a3'
);
DELETE FROM rules WHERE "ID" IN (
    'e09dd577-ce7e-4317-973f-b27b63a10c87',
    'e8af0414-8fdb-45cd-b566-af459db351b1',
    '00580450-7c1d-4d20-a9aa-9f62fcf4d083',
    '76d656e6-6514-49a1-a015-617103d4f727',
    '0c73e339-ef52-4866-93ba-68692277693b',
    'de4b8e80-b9a9-4a7b-8ef6-508ff00925d0',
    '7a217d5f-0314-4d57-aa66-42cfd20f6ad2',
    '4f929ed5-d7e4-4dd3-b8c6-e6f8dfe13616',
    '6d6364a5-f4d1-4681-833e-5c23b5ae9b7b',
    '16aa5545-171c-4d2c-af38-05ce047da4bb',
    '0eb4ebfd-0191-45b9-8eb0-647f0ae3c922',
    '58a3f427-8b94-4fe8-a2f7-b894f6e0db41',
    '9932355b-fe44-42fe-957e-052ad3ee4dc7',
    'b7aecc3c-47b6-469d-aa4a-541ed619d29f',
    '6a0a068a-9413-4c7d-b63a-19ba946fed4b',
    '043a6db6-453e-4ab1-945a-74895d570598',
    '7d6551bf-874e-4133-a7a9-4e05cdadb1b1',
    'b599d1f3-a1eb-4bf8-adfe-c04220f999fc',
    'e566a9e4-e56f-4d7c-b833-0cc1cec7d60f',
    '61acc793-621d-40e1-b7eb-e413d4de0650',
    '5581a931-d5ef-4515-ad08-b99f6ec46625',
    'd099117e-dba9-4891-b996-9bedddb5215a',
    'f5f1feb7-9c48-4fea-affa-317ae4eda6e2',
    'e9bece35-86fa-4f5d-ae20-a30b966e836e',
    '767ad868-c73c-40ff-b093-02881bf791c6',
    'a4a07730-7a98-4b6f-9a9c-6917ac71d605',
    '15fd5190-d5a6-4964-b675-f5b2d09ee222',
    '8ff0f19f-0194-4092-818e-5bcf544c4859',
    '40bb411c-98d5-4dc7-a341-c942f180d29e',
    'ad7b6613-3968-46c5-9593-b75e5d1df61d',
    '299109ae-12cd-4c0f-bf46-c9f5c5230ef7',
    'c5a51e04-0a1c-45d9-8e99-aba378c6b76b',
    'ca78fff1-da00-4afd-9bbb-265061475ac7',
    '42ed778e-d800-46d3-824c-c8fa2ac1ba18',
    'dfc215d8-202e-4e3c-b2d4-20f0d63537d9',
    '9c4324ac-c40b-49ad-bc21-bc288dfb9d4f',
    '064885f8-14d7-49c3-bb79-669800cabdc4',
    'ba10a4f7-d7eb-45dd-b796-24009f2b1ce2',
    'f397bdc8-d584-49b0-b17e-abf36eac6075',
    'f3db7f8f-ae66-45cf-8c59-39992c09a4c3',
    '4c618371-3800-485c-8d57-49561f076f95',
    '849d8534-7749-4671-be70-8cc690c7c831',
    'ba7b0b73-ed11-4d3b-add4-54d2019b151f',
    '362b2253-d257-444d-9594-03041fd9cc2d',
    'e69c70b0-1e2b-4bbe-84f2-5597d3d2db11',
    '8fa6be65-c740-47ec-bbfa-3032487624e3',
    '3d72ca3a-f335-4c1c-ba60-bd6c75451305',
    '2ed02067-ef31-4c51-9ad7-7ea6a5bafa7c',
    '1436221b-add9-4408-9246-d56b5c8f476e',
    'a68271a6-66c9-4c27-b1f3-eb0527f42985'
);
DELETE FROM rule_conditions WHERE "ID" IN (
    '0acfebf0-3886-41d6-8e8e-d3140f74a6b9',
    '563e2d0f-b44c-4806-af23-7fbff0f64cfe',
    'df293370-b678-48b8-a8d6-6aa655339453',
    'a5592671-8009-40b3-9e52-bcb1e93ca6c8',
    '7987657f-2817-4638-b564-7c602bc8b13c',
    '79462c36-5624-4657-a834-073cefa1e28d',
    '8270f2c5-27d6-4cb3-bacf-830044d1bf14',
    'ce4d896e-9916-423d-b433-b2165c277cb2',
    'ac8868c4-4e76-49fe-b6b6-d0755b07b6e9',
    'd2869d0b-6134-449f-8718-a3cab4de2d37',
    'd00991a3-f1b6-4eb3-a7c9-24e15eef5591',
    'b1e0ac3d-023b-4e7c-be92-6e772b966e40',
    'aa811746-1fff-4b40-8af0-ece164eb998a',
    'b4889471-e937-4396-a774-a1e59ccf2647',
    'b0712515-2ddd-4c93-b4f4-5077e1948b74',
    '89b1069d-5c44-4cc9-b786-4744766e2196',
    '287a04ee-d92b-4db7-b0c8-cf4d65b633cd',
    '07378783-d59a-4b2d-8d78-e4c9c46b910e',
    'c396af02-07a4-4c71-b6f5-5f688d01fff5',
    'a78f102f-d8e9-4917-a797-0cbd6c1c31c8',
    '831a01b1-a25a-4085-8a3f-a6dd449d8403',
    '67099181-e2f1-4094-a1c3-22c1393c2128',
    '9d806668-bfe2-4aa3-9520-df9cdcf3303d',
    '7aef259c-9eab-4891-9b85-ed3aed60c8ad',
    '65a54f8c-b4c4-4c1b-80af-2907843c848d',
    '3b5c17e6-bd0b-4838-81fa-d03048f21078',
    'c57f4feb-0186-4a56-aa28-3b32b82d3ac9',
    '17dc6ac4-9e84-4b8a-a008-e16ce00797d9',
    'eb3c51fd-566b-416b-921c-6e7f84ac4ff2',
    'db80e8cd-a2a7-4a48-8fdd-d29079b03fe8',
    '0a98572e-7f92-471f-a32e-ed782671dfd2',
    '755f1e34-4430-4cc3-8bc1-590f4e15afd4',
    '8a5d047d-1c26-4b69-a1af-6a498e808c23',
    '6957d07b-c82d-4bb4-978b-eac84f9e8e9d',
    'b7724f8b-4279-4ae0-aeaf-3d8456fca73c',
    'f050f5e9-cb37-4bb6-b261-2fe5b8d633ea',
    '79403605-c5c5-4761-9e0f-4ae6ad3872ef',
    '3de5bd73-4b05-4a5e-a062-57c773c3c945',
    '98b6d7ed-64f9-459a-88ac-f30b8baebaee',
    'e4a8a2f5-9a3b-401b-891c-09d7ed16ec44',
    'baf857a7-57c2-4d01-a85d-18736cacfff3',
    '600f1307-0c01-4cd7-b1e4-f5c876761968',
    '855ac4e5-f37e-4461-8aae-b84b8b9b61e7',
    '501a98b7-b047-4e15-a51a-dd207909952a',
    '354af2e7-67ca-4e17-90dd-ac1aa43e5539',
    '2658ebbb-b15b-423e-930b-febf1aee4765',
    '20d88dfd-628e-4193-8ac9-5ebb4da8755d',
    '16cfa344-8350-48ff-afed-6f367f20dc62',
    'fba55d77-f104-4d9b-b2d2-c1c64f8680b7',
    '08b137a8-9537-415c-a178-a729cc0ce684'
);
DELETE FROM decision_rules WHERE "ID" IN (
    '66a1dbc6-be01-4bfb-aba1-2a2fa637ffd6',
    'f23d01e3-b1e1-4740-abef-7b816d64cef8',
    '41a22dae-1f49-4ddb-9815-f9353a5e049a',
    '2a2e5f3d-4c54-4e22-a2fd-13fc4e6ceafc',
    'd3f59e23-cfd5-4db1-b1d3-ce56f032f168',
    'b3a88624-f663-488a-9a0d-2da7563c95c2',
    '0495cf4f-94ea-42a7-ae63-ee3cdade8f8c',
    'c27ae315-ce16-4a2c-a6fd-7cf8d4b3b4f2',
    '45bfae16-5090-408f-9c5b-6f9918e556b2',
    '62ac41c1-c44b-45df-9a27-23495589690d',
    'cb30250c-2126-41ae-b408-21ddab4dca5e',
    'a601b1b5-8a89-4a9a-9456-5a3ec7cb1198',
    '13e02920-4b48-40ba-8c66-e1b3cd34e41e',
    '5baeed9f-1ec4-4393-a260-901e1e131fdd',
    '6647fec8-2459-4666-ba06-650611811b0b',
    '37aa1806-5a4b-44b5-8cb0-20d350973777',
    '7580a01b-608b-4986-b708-cbdec66b074b',
    '68ce99e0-d1b1-4c77-b6fb-6e2670745e0b',
    'e82570c6-3ce5-43d1-a65f-682ba33893cd',
    '3b97c457-c8c3-4240-8826-b666c44c167a',
    '66537f4e-f3a0-4193-bc34-31a4a40082dc',
    '008786e9-c624-487c-82ca-7e832b7634e8',
    'ee2b83a2-b132-4624-b385-b6ddc2826696',
    '9b69fe1d-b696-4d13-9f9b-0a6476a1ad4d',
    '61f4d9b9-4f0e-434e-9f95-0a8094e46eab',
    'db0c3a49-541f-43e0-abd3-5e099cc0fcf3',
    '54f48943-ea19-446b-9376-833bc2e7060c',
    'be23a525-e3df-434a-a7ea-9bac24f11986',
    '735a2e9e-79a5-4c46-8f19-d3e92178aeb5',
    '6a26f782-ee97-4399-9b51-f7df33ea49d1',
    '40775835-b99d-44a3-9d08-17385d121118',
    '0787bfa0-913d-4bbe-9010-cb614c950d98',
    'af5cdcba-9e33-441b-a592-dc461ce5a23b',
    'f20e1acd-c0fd-4988-b1d8-545225e4c57e',
    'fc074fa3-fcaf-4724-9553-741415ebd837',
    'f00e1716-b2e5-4739-84e7-6b426c024751',
    '453cf689-2821-4578-9395-aa2a3bc49e86',
    '66d62519-732b-42eb-ae61-c2375a90338d',
    'dcd87376-e74a-45d7-a469-ac6b12520665',
    'b33043d3-30ce-40cb-8cee-1f421a725cbc',
    'eb0ca27f-46ce-4b95-ab69-f136ddfbdf2e',
    '462cdd62-1315-4a95-b913-40360764bd52',
    'b67266eb-f990-42bc-84b0-ff067dca0fd9',
    '5a105fa1-746a-45c8-942e-a203067aeb6d',
    'f615fbd6-4f7b-4d0e-9d50-a9092c73cc38',
    'ca3897f7-ef79-4532-bdc6-f15ce6ba2941',
    '6d021bcb-1d7f-4595-b4c4-36e0cac45e6c',
    'c5d6fb4d-03f9-47a2-ae37-ed4c624fddf9',
    '44759485-2cfb-445c-a060-651277b48c62',
    'ebcd9adb-6521-472f-b692-9e96ffa1e46f'
);
DELETE FROM attributes WHERE "ID" IN (
    'b48e1fce-d061-4d47-9845-6b9022e19361',
    '9953ad6b-f683-4ae4-a93d-b4dba619d109',
    '5dae579a-be32-4a5a-afa4-a07846b7e21c',
    '6678c712-f299-437c-b818-dd4d275a0681'
);
DELETE FROM clen_schema_registry WHERE "ID" = '1b953399-da29-4082-81c9-d6aad4a1ac9f';
DELETE FROM placements WHERE "ID" IN (
    '673c23b3-d3d8-41e6-8f24-5afdc2bad3ea',
    'b4e4e904-ee2e-4e8f-9b00-4c6c111bf06e',
    '1617c233-2ff5-4186-8149-64985fafc5f6',
    '5f5e1b42-a864-4492-83ec-9e0c2c6466b1',
    'd136d507-1322-4548-9c4e-2d12e146d16c',
    '50d40484-0eef-4ef0-a40b-22c6189a840c',
    'c56214bd-b45b-4fa3-a140-9e6da5141569',
    '906254aa-d473-4dcc-9262-6099889fd140',
    'd3dd3306-81a5-470f-9cc4-746f8172a78b',
    'c2e4e16a-4ee6-4575-88c9-37db7dccf1db',
    '9d513a65-4e30-4478-a343-6be4c963b344',
    'da6da6c8-ec6e-4a9a-a776-5631512833c0',
    'afdd5a0d-0fcd-44b3-b041-e80079401797',
    'bbb1b7d2-9d05-4e05-8e43-ab86f499bb00',
    'cdc82b4e-a85a-4148-8b91-57dfb52b942b',
    '7eb46bfe-63ec-4bdc-8527-7391539f16b7',
    '9fd99869-741a-4d6a-a44a-2914b08b4f02',
    '2d42005b-8ad4-4596-ab0a-461214019f11',
    '6b9c73cd-776d-40cd-8b71-a5788032d2f4',
    'c60a7b9f-dcbd-4080-bed8-6117d0db5b79',
    '87f1fd6d-18a3-496c-94c6-34659347c54d',
    'ffd0ec47-55f6-454f-91f8-9f4183d0d16c',
    '3a6eb9a5-a846-441b-b757-8ce86c2788de',
    '7fd52bb5-81e7-433e-9c8d-0341b7eb4690',
    '5b310c00-00c2-49fa-a0dd-7973a214e682',
    'b2d38bca-0697-4545-ab69-e71e1312d306',
    'aa469bcf-b64f-4db6-a866-65f58c6edb58',
    '48bdb0fe-f3f2-4ed6-8111-e5a8a3e5a582',
    'eeed9ebe-2876-45ba-b6a3-75411ab0f1cb',
    '5b9b3b89-11f3-404f-a74d-4b1221b2fc2e',
    '0add89c3-ddb3-4237-a455-2ec41fecc3a1',
    '57f4bcd8-8798-4224-af5d-57ec8b31d804',
    'aefac28b-ec99-4f7f-b25a-46a36f27ceb1',
    '5a78f442-8496-46c4-9d32-c6f96822beea',
    '3e8af94f-8815-4476-951a-905ed834778d',
    'b3374e93-47e1-4268-ad21-4c35be557190',
    '3d3a7d2b-c590-4b23-b78a-bc7a11e5713f',
    'fe75de69-d61c-4c8b-b0ce-8dc7f7820c71',
    '037a5d97-4c80-4185-9666-5db4bcb3a3f9',
    '6d3d7daf-8953-4068-92fd-cb335d69c7df',
    '43b355d3-c630-4ff0-a530-5d2ee56cabbd',
    'b3be96c5-a1ab-4e90-8a9e-37c7fb569678',
    '266b7778-a6b0-4440-969f-12dbbac5b238',
    '91c1b678-b2e6-48e4-a4e9-8889bc337377',
    '5262fb15-0d7a-4e37-ad1c-5b7aad2419b5',
    'e0e0d8e0-1390-453c-89c6-7d8ba023433b',
    '73a2ebec-5951-49e6-83bd-33cbc20a2d13',
    'ce1cbef0-6883-483a-917c-ce2006db11cb',
    'a238b97b-383c-4458-affa-9139a02170ff',
    'c288a1ae-c587-4166-bd80-2c17ea44f714'
);
