-- +goose Up
-- Generated by scripts/mockdata/generate_decision_rule_mock.go
-- Seed: 1776902400

INSERT INTO channels ("ID", "CHANNEL_NAME", "CREATED_AT", "UPDATED_AT") VALUES
('e9553a73-4cf6-4d27-b472-0e021ca89b82', 'Home', NOW(), NOW()),
('4efbb584-63c1-4306-aeb8-b499f5f00453', 'Portfolio', NOW(), NOW()),
('4acfb9dd-ad0d-49de-972e-4152b1ba9a02', 'Wealth', NOW(), NOW()),
('9e7585cf-6ae3-4db5-aabb-e2bd241140da', 'Offer', NOW(), NOW());

INSERT INTO placements ("ID", "PLACEMENT_NAME", "CHANNEL_ID", "CREATED_AT", "UPDATED_AT") VALUES
('0779aa1a-3428-46c8-8099-0bfaefc398a0', 'wsaLandingPage', '9e7585cf-6ae3-4db5-aabb-e2bd241140da', NOW(), NOW()),
('f40c0495-cc1b-404e-b4f3-d393f8c9b3ae', 'wsaLandingPage', '9e7585cf-6ae3-4db5-aabb-e2bd241140da', NOW(), NOW()),
('875f8156-ce36-48bf-b398-7c7bf5d1edf2', 'wsaSplash', '4acfb9dd-ad0d-49de-972e-4152b1ba9a02', NOW(), NOW()),
('edd998fb-0520-4c6e-b364-bd8484ddad30', 'wsaHomeBanner', 'e9553a73-4cf6-4d27-b472-0e021ca89b82', NOW(), NOW()),
('aa8aba7e-379e-4b1e-9f24-8ff546d37eee', 'wsaSplash', '4acfb9dd-ad0d-49de-972e-4152b1ba9a02', NOW(), NOW()),
('21991c05-f90a-4903-bc0a-811f54c1d4ad', 'wsaSplash', '4acfb9dd-ad0d-49de-972e-4152b1ba9a02', NOW(), NOW()),
('42b3d660-2e18-4164-8357-2ae416227e0b', 'wsaSplash', '4acfb9dd-ad0d-49de-972e-4152b1ba9a02', NOW(), NOW()),
('fc0bce32-bf89-4f40-9e13-6d072f93ba7a', 'wsaLandingPage', '9e7585cf-6ae3-4db5-aabb-e2bd241140da', NOW(), NOW()),
('65f71a59-5d29-4077-bef0-9a231951d221', 'wsaPortBanner', '4efbb584-63c1-4306-aeb8-b499f5f00453', NOW(), NOW()),
('10b8bf64-db5d-4320-b3a1-084e1cf5d500', 'wsaPortBanner', '4efbb584-63c1-4306-aeb8-b499f5f00453', NOW(), NOW()),
('2f3da93b-dc4c-4532-be7f-fcda56192a24', 'wsaLandingPage', '9e7585cf-6ae3-4db5-aabb-e2bd241140da', NOW(), NOW()),
('486cc180-83d0-46a2-8e18-902e35df2920', 'wsaSplash', '4acfb9dd-ad0d-49de-972e-4152b1ba9a02', NOW(), NOW()),
('2d908c41-6b24-40d7-83cc-f6a70f5bd9f2', 'wsaHomeBanner', 'e9553a73-4cf6-4d27-b472-0e021ca89b82', NOW(), NOW()),
('f51f1de0-671d-43da-89d2-a7e92f206d71', 'wsaPortBanner', '4efbb584-63c1-4306-aeb8-b499f5f00453', NOW(), NOW()),
('76959e0c-5222-4f3a-b692-50d047ca7fdc', 'wsaSplash', '4acfb9dd-ad0d-49de-972e-4152b1ba9a02', NOW(), NOW()),
('7297b368-3b4b-4ab4-9984-2f86e3301acd', 'wsaLandingPage', '9e7585cf-6ae3-4db5-aabb-e2bd241140da', NOW(), NOW()),
('c3296a6b-e2d1-4daa-8ee7-5d4f5195ae5a', 'wsaLandingPage', '9e7585cf-6ae3-4db5-aabb-e2bd241140da', NOW(), NOW()),
('5547d7d8-877f-4667-818e-c5ba73c489e2', 'wsaLandingPage', '9e7585cf-6ae3-4db5-aabb-e2bd241140da', NOW(), NOW()),
('4eca5643-0e90-4feb-8ee3-e6baf58a442f', 'wsaLandingPage', '9e7585cf-6ae3-4db5-aabb-e2bd241140da', NOW(), NOW()),
('12cc8d20-1667-4a1f-87b5-5a0567902e8b', 'wsaLandingPage', '9e7585cf-6ae3-4db5-aabb-e2bd241140da', NOW(), NOW()),
('18f41131-2f90-49cf-9401-54f3143460ac', 'wsaLandingPage', '9e7585cf-6ae3-4db5-aabb-e2bd241140da', NOW(), NOW()),
('5540537e-1fab-41e5-ae67-8532e482f9a1', 'wsaLandingPage', '9e7585cf-6ae3-4db5-aabb-e2bd241140da', NOW(), NOW()),
('b28f744f-b5ba-4d91-b135-e8879a52814f', 'wsaHomeBanner', 'e9553a73-4cf6-4d27-b472-0e021ca89b82', NOW(), NOW()),
('dc9195ab-9b06-4266-8d9c-c00eda4dfd2b', 'wsaPortBanner', '4efbb584-63c1-4306-aeb8-b499f5f00453', NOW(), NOW()),
('cc56516f-597a-4cdb-bd0f-6305334ff32f', 'wsaPortBanner', '4efbb584-63c1-4306-aeb8-b499f5f00453', NOW(), NOW()),
('bf7c95fb-a535-4cad-9c53-f10866ad709f', 'wsaSplash', '4acfb9dd-ad0d-49de-972e-4152b1ba9a02', NOW(), NOW()),
('13160204-be07-40e1-b4b5-8b9eeac0be5f', 'wsaLandingPage', '9e7585cf-6ae3-4db5-aabb-e2bd241140da', NOW(), NOW()),
('3136e6e3-5fcf-48b1-ac8d-92b6276b22d4', 'wsaSplash', '4acfb9dd-ad0d-49de-972e-4152b1ba9a02', NOW(), NOW()),
('2a1f598a-449b-441a-b83c-2d2e20645845', 'wsaPortBanner', '4efbb584-63c1-4306-aeb8-b499f5f00453', NOW(), NOW()),
('2620a2ad-59bd-41c5-813a-906fbc5b4c7d', 'wsaPortBanner', '4efbb584-63c1-4306-aeb8-b499f5f00453', NOW(), NOW()),
('ba373a0c-c58b-4300-8bde-ade2e542b9ee', 'wsaHomeBanner', 'e9553a73-4cf6-4d27-b472-0e021ca89b82', NOW(), NOW()),
('ab56e840-e30d-4073-b343-3510f6513f05', 'wsaLandingPage', '9e7585cf-6ae3-4db5-aabb-e2bd241140da', NOW(), NOW()),
('a612b34b-e16d-42d2-a75c-64f3a8846454', 'wsaSplash', '4acfb9dd-ad0d-49de-972e-4152b1ba9a02', NOW(), NOW()),
('8e4828f1-f1cf-4bdd-b585-fdcbc10076d6', 'wsaLandingPage', '9e7585cf-6ae3-4db5-aabb-e2bd241140da', NOW(), NOW()),
('9fe2ee78-e551-46ab-a9b9-38fbe6f2a956', 'wsaSplash', '4acfb9dd-ad0d-49de-972e-4152b1ba9a02', NOW(), NOW()),
('21cb73b3-1fc9-48ac-9bdd-100a41f4408c', 'wsaSplash', '4acfb9dd-ad0d-49de-972e-4152b1ba9a02', NOW(), NOW()),
('f4fbcb76-f36d-476c-bc0a-1365dc43227f', 'wsaPortBanner', '4efbb584-63c1-4306-aeb8-b499f5f00453', NOW(), NOW()),
('c952f48e-5504-4804-bd1f-f93e74939e33', 'wsaPortBanner', '4efbb584-63c1-4306-aeb8-b499f5f00453', NOW(), NOW()),
('be96fffe-28fa-4b21-b068-ce18d1bdbe31', 'wsaPortBanner', '4efbb584-63c1-4306-aeb8-b499f5f00453', NOW(), NOW()),
('92bb7aab-156f-4b48-b064-df857720e91d', 'wsaLandingPage', '9e7585cf-6ae3-4db5-aabb-e2bd241140da', NOW(), NOW()),
('df361d98-3ac3-49c1-abc5-1bd4b43c0b96', 'wsaPortBanner', '4efbb584-63c1-4306-aeb8-b499f5f00453', NOW(), NOW()),
('7bf784ca-efd6-465a-9a6f-a83d5a988717', 'wsaSplash', '4acfb9dd-ad0d-49de-972e-4152b1ba9a02', NOW(), NOW()),
('d443f44c-f427-4fb9-897c-be717f492c09', 'wsaHomeBanner', 'e9553a73-4cf6-4d27-b472-0e021ca89b82', NOW(), NOW()),
('ba8de2c5-d666-4a57-8fb5-90cb24bc2aa5', 'wsaHomeBanner', 'e9553a73-4cf6-4d27-b472-0e021ca89b82', NOW(), NOW()),
('b5f62712-8dfb-4bf6-95c1-6a6c56ad9454', 'wsaHomeBanner', 'e9553a73-4cf6-4d27-b472-0e021ca89b82', NOW(), NOW()),
('b739cb20-1908-49aa-aed5-3f06b543d947', 'wsaSplash', '4acfb9dd-ad0d-49de-972e-4152b1ba9a02', NOW(), NOW()),
('f4aa3e93-e532-4a49-a01e-45c9fcd6cfc2', 'wsaPortBanner', '4efbb584-63c1-4306-aeb8-b499f5f00453', NOW(), NOW()),
('1bf1c3ec-2516-42f1-93e1-031123d00f53', 'wsaHomeBanner', 'e9553a73-4cf6-4d27-b472-0e021ca89b82', NOW(), NOW()),
('c68da36d-5be9-4f53-b324-fb5b7d1d2875', 'wsaSplash', '4acfb9dd-ad0d-49de-972e-4152b1ba9a02', NOW(), NOW()),
('2235dc36-4887-4da9-9420-27ec84a572e4', 'wsaLandingPage', '9e7585cf-6ae3-4db5-aabb-e2bd241140da', NOW(), NOW());

INSERT INTO clen_schema_registry ("ID", "SCHEMA_NAME", "VERSION", "SCHEMA_DEFINITION", "IS_ACTIVE", "CREATED_AT", "UPDATED_AT") VALUES
('13822f65-d938-445b-85c0-b0893a6e464c', 'PersonalizationAudience', '1.0.0', '{"type":"object","properties":{"segment":{"type":"string"},"user_age":{"type":"number"},"region":{"type":"string"},"risk_level":{"type":"number"}}}', true, NOW(), NOW());

INSERT INTO attributes ("ID", "CLEN_SCHEMA_REGISTRY_ID", "FIELD_NAME", "DISPLAY_NAME", "DATA_TYPE", "VALUE", "DESCRIPTION", "SOURCE_SYSTEM", "IS_ACTIVE", "CREATED_AT", "UPDATED_AT") VALUES
('0d8bcd56-cdcd-4333-8d69-27dbe971640b', '13822f65-d938-445b-85c0-b0893a6e464c', 'segment', 'User Segment', 'Text', '["Mass","Affluent","VIP","Young Wealth","SME"]', 'Customer segmentation bucket from CLEN', 'CLEN', true, NOW(), NOW()),
('add991df-4a88-45cf-a9c1-18a8be96fc56', '13822f65-d938-445b-85c0-b0893a6e464c', 'user_age', 'User Age', 'Number', NULL, 'Age of the user in years', 'CLEN', true, NOW(), NOW()),
('0f715778-2891-45af-8cf2-43096aba9a7b', '13822f65-d938-445b-85c0-b0893a6e464c', 'region', 'Region', 'Text', '["Bangkok","Central","North","Northeast","South"]', 'Preferred operating region of the user', 'CLEN', true, NOW(), NOW()),
('6a4bc7c1-c99c-4338-adfb-c542f7ab5cbf', '13822f65-d938-445b-85c0-b0893a6e464c', 'risk_level', 'Risk Level', 'Number', '[1,2,3,4,5]', 'Investment risk level score', 'CLEN', true, NOW(), NOW());

INSERT INTO decision_rules ("ID", "NAME", "TYPE", "EVALUATE_TYPE", "CONTENT_PATH", "SCORE", "STATUS", "CREATED_AT", "UPDATED_AT") VALUES
('0d66bb60-7ab5-435f-ad04-3dca9748e8b9', 'wsaLandingPage Rule 01', 'AUDIENCE', 'SCORING', 'personalizedContent/offer/wsalandingpage-01', 1.2, 'ACTIVE', NOW(), NOW()),
('7935602e-0f4f-4f6e-a8af-8929d38c83c8', 'wsaLandingPage Rule 02', 'AUDIENCE', 'SCORING', 'personalizedContent/offer/wsalandingpage-02', 6.9, 'ACTIVE', NOW(), NOW()),
('4318d2b8-5747-446e-9d0d-be44d1061017', 'wsaSplash Rule 03', 'AUDIENCE', 'SCORING', 'personalizedContent/wealth/wsasplash-03', 7.1, 'ACTIVE', NOW(), NOW()),
('70c4bc35-a76d-43ed-86b3-3efba7f9f69b', 'wsaHomeBanner Rule 04', 'AUDIENCE', 'SCORING', 'personalizedContent/home/wsahomebanner-04', 7.0, 'ACTIVE', NOW(), NOW()),
('22229e0d-5ffa-4b2a-8b9b-eb90296aadf9', 'wsaSplash Rule 05', 'AUDIENCE', 'SCORING', 'personalizedContent/wealth/wsasplash-05', 8.4, 'ACTIVE', NOW(), NOW()),
('a7a02fb4-5793-436e-bb59-32c8fbf76278', 'wsaSplash Rule 06', 'AUDIENCE', 'SCORING', 'personalizedContent/wealth/wsasplash-06', 4.1, 'ACTIVE', NOW(), NOW()),
('8472b8ec-753f-4002-86e3-fa4d60ae3449', 'wsaSplash Rule 07', 'AUDIENCE', 'SCORING', 'personalizedContent/wealth/wsasplash-07', 6.5, 'ACTIVE', NOW(), NOW()),
('08046b1b-0d6f-4155-9625-2d5fca266823', 'wsaLandingPage Rule 08', 'AUDIENCE', 'SCORING', 'personalizedContent/offer/wsalandingpage-08', 2.8, 'ACTIVE', NOW(), NOW()),
('d40c2f4f-b11a-4b8e-b95e-0d8616e76d66', 'wsaPortBanner Rule 09', 'AUDIENCE', 'SCORING', 'personalizedContent/portfolio/wsaportbanner-09', 1.3, 'ACTIVE', NOW(), NOW()),
('5e8cf922-be4f-4e27-9dfe-6c31c7430b17', 'wsaPortBanner Rule 10', 'AUDIENCE', 'SCORING', 'personalizedContent/portfolio/wsaportbanner-10', 4.1, 'ACTIVE', NOW(), NOW()),
('81997195-69ac-4f87-ab8b-23301c1e4765', 'wsaLandingPage Rule 11', 'AUDIENCE', 'SCORING', 'personalizedContent/offer/wsalandingpage-11', 4.4, 'ACTIVE', NOW(), NOW()),
('7c7594c0-db13-43ed-816d-e21f517eda6c', 'wsaSplash Rule 12', 'AUDIENCE', 'SCORING', 'personalizedContent/wealth/wsasplash-12', 5.1, 'ACTIVE', NOW(), NOW()),
('ce63398a-4f20-420c-9b49-06bdd0d6de83', 'wsaHomeBanner Rule 13', 'AUDIENCE', 'SCORING', 'personalizedContent/home/wsahomebanner-13', 3.2, 'ACTIVE', NOW(), NOW()),
('62bad77e-8e81-44ca-8bc0-add144a091a6', 'wsaPortBanner Rule 14', 'AUDIENCE', 'SCORING', 'personalizedContent/portfolio/wsaportbanner-14', 4.0, 'ACTIVE', NOW(), NOW()),
('6a19808c-c64d-4e55-b6f2-0cb606b5f295', 'wsaSplash Rule 15', 'AUDIENCE', 'SCORING', 'personalizedContent/wealth/wsasplash-15', 4.7, 'ACTIVE', NOW(), NOW()),
('61c72a6c-87b2-4158-a324-baccd86f06f8', 'wsaLandingPage Rule 16', 'AUDIENCE', 'SCORING', 'personalizedContent/offer/wsalandingpage-16', 1.9, 'ACTIVE', NOW(), NOW()),
('d98ffd51-cb73-4cd9-b152-105ec4d8b815', 'wsaLandingPage Rule 17', 'AUDIENCE', 'SCORING', 'personalizedContent/offer/wsalandingpage-17', 7.0, 'ACTIVE', NOW(), NOW()),
('0e940dd1-65f0-4b7c-8c13-b0bcf51759da', 'wsaLandingPage Rule 18', 'AUDIENCE', 'SCORING', 'personalizedContent/offer/wsalandingpage-18', 8.2, 'ACTIVE', NOW(), NOW()),
('2359c702-91c0-498d-9cfc-5008281d4af8', 'wsaLandingPage Rule 19', 'AUDIENCE', 'SCORING', 'personalizedContent/offer/wsalandingpage-19', 2.4, 'ACTIVE', NOW(), NOW()),
('ac85f0a1-4694-4211-8edf-98ccc06bef01', 'wsaLandingPage Rule 20', 'AUDIENCE', 'SCORING', 'personalizedContent/offer/wsalandingpage-20', 6.2, 'ACTIVE', NOW(), NOW()),
('8ebb8ebf-f69c-4777-ae40-426cf506c876', 'wsaLandingPage Rule 21', 'AUDIENCE', 'SCORING', 'personalizedContent/offer/wsalandingpage-21', 3.0, 'ACTIVE', NOW(), NOW()),
('7edc806c-3d6a-4935-a7f1-f503ad4e03ad', 'wsaLandingPage Rule 22', 'AUDIENCE', 'SCORING', 'personalizedContent/offer/wsalandingpage-22', 3.1, 'ACTIVE', NOW(), NOW()),
('e8c8e133-4ab5-49cf-9429-d1beffb00f4b', 'wsaHomeBanner Rule 23', 'AUDIENCE', 'SCORING', 'personalizedContent/home/wsahomebanner-23', 2.0, 'ACTIVE', NOW(), NOW()),
('259263ae-d0f3-4f39-b882-fed08d9ae84c', 'wsaPortBanner Rule 24', 'AUDIENCE', 'SCORING', 'personalizedContent/portfolio/wsaportbanner-24', 6.7, 'ACTIVE', NOW(), NOW()),
('c59fdf86-c0e3-4dbe-87bd-e4b119fa90c4', 'wsaPortBanner Rule 25', 'AUDIENCE', 'SCORING', 'personalizedContent/portfolio/wsaportbanner-25', 1.5, 'ACTIVE', NOW(), NOW()),
('67cbe696-e3db-4090-b784-d8c1aa52c647', 'wsaSplash Rule 26', 'AUDIENCE', 'SCORING', 'personalizedContent/wealth/wsasplash-26', 2.2, 'ACTIVE', NOW(), NOW()),
('31e54117-0773-4164-9d2c-72f52c9e80f4', 'wsaLandingPage Rule 27', 'AUDIENCE', 'SCORING', 'personalizedContent/offer/wsalandingpage-27', 8.1, 'ACTIVE', NOW(), NOW()),
('00ba643e-d195-4172-b330-cd0f97be7f39', 'wsaSplash Rule 28', 'AUDIENCE', 'SCORING', 'personalizedContent/wealth/wsasplash-28', 4.2, 'ACTIVE', NOW(), NOW()),
('6f4d0fff-0db3-4b62-ad28-a3d4ffcc7578', 'wsaPortBanner Rule 29', 'AUDIENCE', 'SCORING', 'personalizedContent/portfolio/wsaportbanner-29', 3.2, 'ACTIVE', NOW(), NOW()),
('0911c2a4-8c95-4ac1-ba5f-0d3018b4b329', 'wsaPortBanner Rule 30', 'AUDIENCE', 'SCORING', 'personalizedContent/portfolio/wsaportbanner-30', 2.8, 'ACTIVE', NOW(), NOW()),
('3ffcae51-30e0-4270-9b90-cf6de8bb90e3', 'wsaHomeBanner Rule 31', 'AUDIENCE', 'SCORING', 'personalizedContent/home/wsahomebanner-31', 1.3, 'ACTIVE', NOW(), NOW()),
('abda277c-af23-4824-a333-e42aa1142099', 'wsaLandingPage Rule 32', 'AUDIENCE', 'SCORING', 'personalizedContent/offer/wsalandingpage-32', 6.1, 'ACTIVE', NOW(), NOW()),
('5c6f231f-a261-428a-908e-b363fef1b2ce', 'wsaSplash Rule 33', 'AUDIENCE', 'SCORING', 'personalizedContent/wealth/wsasplash-33', 1.6, 'ACTIVE', NOW(), NOW()),
('c376d074-9e95-4878-b681-13d52b309f00', 'wsaLandingPage Rule 34', 'AUDIENCE', 'SCORING', 'personalizedContent/offer/wsalandingpage-34', 5.1, 'ACTIVE', NOW(), NOW()),
('23d421fd-f6e6-4e98-81dd-1e5378ff2113', 'wsaSplash Rule 35', 'AUDIENCE', 'SCORING', 'personalizedContent/wealth/wsasplash-35', 3.2, 'ACTIVE', NOW(), NOW()),
('9a60c18d-e2dc-4fa7-aa2e-e002f6775672', 'wsaSplash Rule 36', 'AUDIENCE', 'SCORING', 'personalizedContent/wealth/wsasplash-36', 6.8, 'ACTIVE', NOW(), NOW()),
('5ddc3611-c303-4d30-969f-a66bdd6757b7', 'wsaPortBanner Rule 37', 'AUDIENCE', 'SCORING', 'personalizedContent/portfolio/wsaportbanner-37', 7.6, 'ACTIVE', NOW(), NOW()),
('707cb89a-e5e3-4800-9b33-881289acf755', 'wsaPortBanner Rule 38', 'AUDIENCE', 'SCORING', 'personalizedContent/portfolio/wsaportbanner-38', 8.5, 'ACTIVE', NOW(), NOW()),
('1c6ea2e8-9bc4-4d68-aa21-fe9d327448e7', 'wsaPortBanner Rule 39', 'AUDIENCE', 'SCORING', 'personalizedContent/portfolio/wsaportbanner-39', 3.5, 'ACTIVE', NOW(), NOW()),
('0d9b569f-6c43-4989-a026-4025518449a5', 'wsaLandingPage Rule 40', 'AUDIENCE', 'SCORING', 'personalizedContent/offer/wsalandingpage-40', 2.1, 'ACTIVE', NOW(), NOW()),
('b7b44f83-085a-4b2f-8dce-f2754e8ab869', 'wsaPortBanner Rule 41', 'AUDIENCE', 'SCORING', 'personalizedContent/portfolio/wsaportbanner-41', 4.9, 'ACTIVE', NOW(), NOW()),
('2403f3db-5794-42f7-bcce-6dda105f3b60', 'wsaSplash Rule 42', 'AUDIENCE', 'SCORING', 'personalizedContent/wealth/wsasplash-42', 1.5, 'ACTIVE', NOW(), NOW()),
('b77ad88d-7170-44b7-8dc0-b7766274f933', 'wsaHomeBanner Rule 43', 'AUDIENCE', 'SCORING', 'personalizedContent/home/wsahomebanner-43', 2.7, 'ACTIVE', NOW(), NOW()),
('a482a1c7-6a0a-48cb-ad3a-c84704905dfe', 'wsaHomeBanner Rule 44', 'AUDIENCE', 'SCORING', 'personalizedContent/home/wsahomebanner-44', 5.3, 'ACTIVE', NOW(), NOW()),
('84e32590-3a3b-478b-b8ea-caa4f21f5982', 'wsaHomeBanner Rule 45', 'AUDIENCE', 'SCORING', 'personalizedContent/home/wsahomebanner-45', 5.6, 'ACTIVE', NOW(), NOW()),
('25892a1a-f6d8-4cb9-8618-1695266194ce', 'wsaSplash Rule 46', 'AUDIENCE', 'SCORING', 'personalizedContent/wealth/wsasplash-46', 1.0, 'ACTIVE', NOW(), NOW()),
('92dd369b-d832-4e98-b8e7-f52223df9fe4', 'wsaPortBanner Rule 47', 'AUDIENCE', 'SCORING', 'personalizedContent/portfolio/wsaportbanner-47', 4.1, 'ACTIVE', NOW(), NOW()),
('6fb2a494-c70e-4cd8-a7f0-e786273a0297', 'wsaHomeBanner Rule 48', 'AUDIENCE', 'SCORING', 'personalizedContent/home/wsahomebanner-48', 1.2, 'ACTIVE', NOW(), NOW()),
('8394d040-9a06-463a-b554-c032e2fe22e5', 'wsaSplash Rule 49', 'AUDIENCE', 'SCORING', 'personalizedContent/wealth/wsasplash-49', 5.7, 'ACTIVE', NOW(), NOW()),
('470821f9-4e58-4b05-aa02-c2e56cb15887', 'wsaLandingPage Rule 50', 'AUDIENCE', 'SCORING', 'personalizedContent/offer/wsalandingpage-50', 3.0, 'ACTIVE', NOW(), NOW());

INSERT INTO rule_conditions ("ID", "SEQUENCE", "DECISION_RULE_ID", "ATTRIBUTE_ID", "LOGICAL_OPERATOR", "CONNECTOR_OPERATOR", "CREATED_AT", "UPDATED_AT") VALUES
('242c6c27-f64e-42d5-a399-ce807b885f0c', 1, '0d66bb60-7ab5-435f-ad04-3dca9748e8b9', '0d8bcd56-cdcd-4333-8d69-27dbe971640b', '=', 'AND', NOW(), NOW()),
('c13f5f8f-594c-435d-80e0-fae007fc6b0d', 1, '7935602e-0f4f-4f6e-a8af-8929d38c83c8', '0f715778-2891-45af-8cf2-43096aba9a7b', '=', 'AND', NOW(), NOW()),
('6711e3ba-ed89-4b1d-875d-98f3f740646a', 1, '4318d2b8-5747-446e-9d0d-be44d1061017', '0f715778-2891-45af-8cf2-43096aba9a7b', '=', 'AND', NOW(), NOW()),
('f328d4d3-0fde-4423-8a04-161ae89e3e47', 1, '70c4bc35-a76d-43ed-86b3-3efba7f9f69b', '0d8bcd56-cdcd-4333-8d69-27dbe971640b', '=', 'AND', NOW(), NOW()),
('36f5dd27-16e2-42bb-85ab-f6674c6e59b2', 1, '22229e0d-5ffa-4b2a-8b9b-eb90296aadf9', '0f715778-2891-45af-8cf2-43096aba9a7b', '=', 'AND', NOW(), NOW()),
('e6859d40-6f83-405c-a646-f84bf20dfe20', 1, 'a7a02fb4-5793-436e-bb59-32c8fbf76278', '6a4bc7c1-c99c-4338-adfb-c542f7ab5cbf', '>=', 'AND', NOW(), NOW()),
('5da5e1c7-5117-4bb1-b8d9-fa07ff3fba62', 1, '8472b8ec-753f-4002-86e3-fa4d60ae3449', '0f715778-2891-45af-8cf2-43096aba9a7b', '=', 'AND', NOW(), NOW()),
('5011b98c-b544-4b91-8acf-1adda36748e1', 1, '08046b1b-0d6f-4155-9625-2d5fca266823', '6a4bc7c1-c99c-4338-adfb-c542f7ab5cbf', '>=', 'AND', NOW(), NOW()),
('2d3dc0d7-24a9-42a8-aa46-81deddc80199', 1, 'd40c2f4f-b11a-4b8e-b95e-0d8616e76d66', '6a4bc7c1-c99c-4338-adfb-c542f7ab5cbf', '>=', 'AND', NOW(), NOW()),
('ae1190d8-1195-493f-923a-21f9cfe9cccd', 1, '5e8cf922-be4f-4e27-9dfe-6c31c7430b17', 'add991df-4a88-45cf-a9c1-18a8be96fc56', '<=', 'AND', NOW(), NOW()),
('9112d1c0-8881-470a-8027-9f096fc35cf8', 1, '81997195-69ac-4f87-ab8b-23301c1e4765', '6a4bc7c1-c99c-4338-adfb-c542f7ab5cbf', '>=', 'AND', NOW(), NOW()),
('7cabbb5a-7a47-488d-b636-90f0ab0f5087', 1, '7c7594c0-db13-43ed-816d-e21f517eda6c', '0d8bcd56-cdcd-4333-8d69-27dbe971640b', '=', 'AND', NOW(), NOW()),
('cd019bb4-98cb-4409-bef5-76f35eda0f7a', 1, 'ce63398a-4f20-420c-9b49-06bdd0d6de83', 'add991df-4a88-45cf-a9c1-18a8be96fc56', '<=', 'AND', NOW(), NOW()),
('14c0ffce-457f-4e24-bc44-99e9901bfed0', 1, '62bad77e-8e81-44ca-8bc0-add144a091a6', '0f715778-2891-45af-8cf2-43096aba9a7b', '=', 'AND', NOW(), NOW()),
('ced8729c-7d1a-4834-8c79-fdf66a9b53ee', 1, '6a19808c-c64d-4e55-b6f2-0cb606b5f295', 'add991df-4a88-45cf-a9c1-18a8be96fc56', '>=', 'AND', NOW(), NOW()),
('b7d2656c-365b-4b20-b8a7-eae3eaebd431', 1, '61c72a6c-87b2-4158-a324-baccd86f06f8', '6a4bc7c1-c99c-4338-adfb-c542f7ab5cbf', '>=', 'AND', NOW(), NOW()),
('ca29a8f7-67d0-481c-9bdc-a54d2c54909c', 1, 'd98ffd51-cb73-4cd9-b152-105ec4d8b815', '0d8bcd56-cdcd-4333-8d69-27dbe971640b', '=', 'AND', NOW(), NOW()),
('6304ac49-c576-4249-9ba7-2869df0565f0', 1, '0e940dd1-65f0-4b7c-8c13-b0bcf51759da', 'add991df-4a88-45cf-a9c1-18a8be96fc56', '<=', 'AND', NOW(), NOW()),
('1f23a10f-5364-4abc-b02d-8532ec2806f1', 1, '2359c702-91c0-498d-9cfc-5008281d4af8', 'add991df-4a88-45cf-a9c1-18a8be96fc56', '>=', 'AND', NOW(), NOW()),
('e1744415-377f-40aa-bebc-e4d392c09e69', 1, 'ac85f0a1-4694-4211-8edf-98ccc06bef01', '0f715778-2891-45af-8cf2-43096aba9a7b', '=', 'AND', NOW(), NOW()),
('e91c4457-7b6e-40e5-bd45-f77e556db4f5', 1, '8ebb8ebf-f69c-4777-ae40-426cf506c876', '6a4bc7c1-c99c-4338-adfb-c542f7ab5cbf', '<=', 'AND', NOW(), NOW()),
('d920f971-fca0-4b9e-8b93-8d42f8d30ca2', 1, '7edc806c-3d6a-4935-a7f1-f503ad4e03ad', 'add991df-4a88-45cf-a9c1-18a8be96fc56', '<=', 'AND', NOW(), NOW()),
('74be4035-f4a5-4674-aae5-ad31ea7b0e4b', 1, 'e8c8e133-4ab5-49cf-9429-d1beffb00f4b', 'add991df-4a88-45cf-a9c1-18a8be96fc56', '<=', 'AND', NOW(), NOW()),
('333570af-bfcd-4c42-ae78-42dd10e34d21', 1, '259263ae-d0f3-4f39-b882-fed08d9ae84c', '0f715778-2891-45af-8cf2-43096aba9a7b', '=', 'AND', NOW(), NOW()),
('a8dfb1f4-c066-40a7-8d7c-fd03f2b84525', 1, 'c59fdf86-c0e3-4dbe-87bd-e4b119fa90c4', 'add991df-4a88-45cf-a9c1-18a8be96fc56', '>=', 'AND', NOW(), NOW()),
('cc02141e-c182-49c6-a1c0-18d12edef5bc', 1, '67cbe696-e3db-4090-b784-d8c1aa52c647', '6a4bc7c1-c99c-4338-adfb-c542f7ab5cbf', '>=', 'AND', NOW(), NOW()),
('c556176c-bb63-47a8-ba44-4d22df63b642', 1, '31e54117-0773-4164-9d2c-72f52c9e80f4', '6a4bc7c1-c99c-4338-adfb-c542f7ab5cbf', '>=', 'AND', NOW(), NOW()),
('e9ca96ef-2267-499f-8439-83ce284e4838', 1, '00ba643e-d195-4172-b330-cd0f97be7f39', 'add991df-4a88-45cf-a9c1-18a8be96fc56', '<=', 'AND', NOW(), NOW()),
('5778979c-aa45-44b2-ac5c-d9253fc36eb6', 1, '6f4d0fff-0db3-4b62-ad28-a3d4ffcc7578', 'add991df-4a88-45cf-a9c1-18a8be96fc56', '>=', 'AND', NOW(), NOW()),
('0d990af9-6dca-4a12-8da9-e290c0a05a06', 1, '0911c2a4-8c95-4ac1-ba5f-0d3018b4b329', '0f715778-2891-45af-8cf2-43096aba9a7b', '=', 'AND', NOW(), NOW()),
('db7f5801-5992-4df1-b09c-1744d318f73a', 1, '3ffcae51-30e0-4270-9b90-cf6de8bb90e3', 'add991df-4a88-45cf-a9c1-18a8be96fc56', '>=', 'AND', NOW(), NOW()),
('be04a072-8500-4107-b8df-23945af4ce3c', 1, 'abda277c-af23-4824-a333-e42aa1142099', 'add991df-4a88-45cf-a9c1-18a8be96fc56', '>=', 'AND', NOW(), NOW()),
('34a17958-cdc8-46c2-bd8a-3ac73b7c58f3', 1, '5c6f231f-a261-428a-908e-b363fef1b2ce', '0f715778-2891-45af-8cf2-43096aba9a7b', '=', 'AND', NOW(), NOW()),
('09f5200a-6ab1-499e-aa0d-b672fcb0e03b', 1, 'c376d074-9e95-4878-b681-13d52b309f00', '6a4bc7c1-c99c-4338-adfb-c542f7ab5cbf', '<=', 'AND', NOW(), NOW()),
('4d2206bb-072c-4db5-a87f-52efae0b1780', 1, '23d421fd-f6e6-4e98-81dd-1e5378ff2113', '0d8bcd56-cdcd-4333-8d69-27dbe971640b', '=', 'AND', NOW(), NOW()),
('bda1e592-e816-442a-a7b2-4832834925ad', 1, '9a60c18d-e2dc-4fa7-aa2e-e002f6775672', '0f715778-2891-45af-8cf2-43096aba9a7b', '=', 'AND', NOW(), NOW()),
('398f237e-51e3-4d85-8299-05d998bb013c', 1, '5ddc3611-c303-4d30-969f-a66bdd6757b7', '0f715778-2891-45af-8cf2-43096aba9a7b', '=', 'AND', NOW(), NOW()),
('26953b4e-1f99-461d-a7eb-b8c8300a7724', 1, '707cb89a-e5e3-4800-9b33-881289acf755', '0f715778-2891-45af-8cf2-43096aba9a7b', '=', 'AND', NOW(), NOW()),
('3c15222a-e7ff-4191-8225-e2d03d02f40a', 1, '1c6ea2e8-9bc4-4d68-aa21-fe9d327448e7', 'add991df-4a88-45cf-a9c1-18a8be96fc56', '>=', 'AND', NOW(), NOW()),
('4f533f5d-c566-4c38-862a-a37ad800771d', 1, '0d9b569f-6c43-4989-a026-4025518449a5', '0d8bcd56-cdcd-4333-8d69-27dbe971640b', '=', 'AND', NOW(), NOW()),
('02c58792-0ae1-406a-8ffa-0d2fbcc0ae84', 1, 'b7b44f83-085a-4b2f-8dce-f2754e8ab869', '0d8bcd56-cdcd-4333-8d69-27dbe971640b', '=', 'AND', NOW(), NOW()),
('160b93fc-3599-47db-b88c-0ed6302a214a', 1, '2403f3db-5794-42f7-bcce-6dda105f3b60', '0f715778-2891-45af-8cf2-43096aba9a7b', '=', 'AND', NOW(), NOW()),
('67cc9ef1-2606-46e0-a1c7-41390323230c', 1, 'b77ad88d-7170-44b7-8dc0-b7766274f933', '0d8bcd56-cdcd-4333-8d69-27dbe971640b', '=', 'AND', NOW(), NOW()),
('a88874df-c717-499d-ac78-0ba64fcf8f7c', 1, 'a482a1c7-6a0a-48cb-ad3a-c84704905dfe', '0d8bcd56-cdcd-4333-8d69-27dbe971640b', '=', 'AND', NOW(), NOW()),
('98eb924d-4b28-46bb-b81a-c46be4b6d5f0', 1, '84e32590-3a3b-478b-b8ea-caa4f21f5982', '0f715778-2891-45af-8cf2-43096aba9a7b', '=', 'AND', NOW(), NOW()),
('07cceba4-026e-44fe-9b46-3b757dee2544', 1, '25892a1a-f6d8-4cb9-8618-1695266194ce', '6a4bc7c1-c99c-4338-adfb-c542f7ab5cbf', '<=', 'AND', NOW(), NOW()),
('ac9a3be7-e73e-42c7-8914-0f6a565e6ac7', 1, '92dd369b-d832-4e98-b8e7-f52223df9fe4', 'add991df-4a88-45cf-a9c1-18a8be96fc56', '<=', 'AND', NOW(), NOW()),
('3644d61b-8c8d-4c27-b067-552748bc052b', 1, '6fb2a494-c70e-4cd8-a7f0-e786273a0297', '0d8bcd56-cdcd-4333-8d69-27dbe971640b', '=', 'AND', NOW(), NOW()),
('066243c1-1c04-4d9a-b5c6-c5f8f51cbc14', 1, '8394d040-9a06-463a-b554-c032e2fe22e5', '6a4bc7c1-c99c-4338-adfb-c542f7ab5cbf', '>=', 'AND', NOW(), NOW()),
('7d9fca09-652b-4ac1-b1ed-f5bda384281a', 1, '470821f9-4e58-4b05-aa02-c2e56cb15887', '6a4bc7c1-c99c-4338-adfb-c542f7ab5cbf', '<=', 'AND', NOW(), NOW());

INSERT INTO rules ("ID", "DECISION_RULE_ID", "VARIATION_NAME", "SCORE", "ORDER_NO", "CREATED_AT", "UPDATED_AT") VALUES
('3b310a55-610d-4c0f-9509-118c956efabd', '0d66bb60-7ab5-435f-ad04-3dca9748e8b9', 'Select Age >= 53 01-1', 14.3, 1, NOW(), NOW()),
('3266b137-310c-4e24-b4f2-dc2c22103e9e', '0d66bb60-7ab5-435f-ad04-3dca9748e8b9', 'Priority Age >= 59 01-2', 9.9, 2, NOW(), NOW()),
('2aa7470e-2b91-474f-bac5-762113bd1be1', '7935602e-0f4f-4f6e-a8af-8929d38c83c8', 'Select Region South 02-1', 8.9, 1, NOW(), NOW()),
('9441d812-e223-496e-8582-2c5f287a5eb1', '7935602e-0f4f-4f6e-a8af-8929d38c83c8', 'Core Region Northeast 02-2', 16.1, 2, NOW(), NOW()),
('17021bef-4daa-460c-9ab5-b1f86bfa2c2b', '4318d2b8-5747-446e-9d0d-be44d1061017', 'Select Age <= 44 03-1', 18.1, 1, NOW(), NOW()),
('586f6db4-b5d2-48e6-8562-6559fd4f38af', '4318d2b8-5747-446e-9d0d-be44d1061017', 'Core Segment Mass 03-2', 13.2, 2, NOW(), NOW()),
('063121f4-987d-4ee5-9944-d164ed786ba0', '4318d2b8-5747-446e-9d0d-be44d1061017', 'Momentum Region Central 03-3', 26.7, 3, NOW(), NOW()),
('cbeaae56-ee51-4a2b-9f5b-f92500b6f351', '4318d2b8-5747-446e-9d0d-be44d1061017', 'Prime Segment Affluent 03-4', 17.7, 4, NOW(), NOW()),
('9283aeb4-503f-4878-8aa0-9a97bd59bda1', '70c4bc35-a76d-43ed-86b3-3efba7f9f69b', 'Focus Age >= 60 04-1', 16.9, 1, NOW(), NOW()),
('4305d293-bf98-42d6-8be4-97c5b7d45e53', '70c4bc35-a76d-43ed-86b3-3efba7f9f69b', 'Priority Age >= 27 04-2', 29.6, 2, NOW(), NOW()),
('d6b73b69-cc21-47d3-9166-c4a0b61941c9', '70c4bc35-a76d-43ed-86b3-3efba7f9f69b', 'Core Age <= 27 04-3', 27.4, 3, NOW(), NOW()),
('2d1728fb-d8df-4064-a329-333550decd82', '22229e0d-5ffa-4b2a-8b9b-eb90296aadf9', 'Momentum Segment VIP 05-1', 29.7, 1, NOW(), NOW()),
('7bc1834c-66c7-40b0-8ded-492fe7f631d0', '22229e0d-5ffa-4b2a-8b9b-eb90296aadf9', 'Growth Region Northeast 05-2', 6.8, 2, NOW(), NOW()),
('6d979f91-a3ad-4fed-98c4-d017fd44a9a8', '22229e0d-5ffa-4b2a-8b9b-eb90296aadf9', 'Core Risk >= 2 05-3', 26.8, 3, NOW(), NOW()),
('87c41ead-e9c5-40f0-9b5b-c959e0394a70', 'a7a02fb4-5793-436e-bb59-32c8fbf76278', 'Growth Segment SME 06-1', 20.6, 1, NOW(), NOW()),
('f1819f77-90d5-49fd-af8c-b190eea213cb', 'a7a02fb4-5793-436e-bb59-32c8fbf76278', 'Focus Segment SME 06-2', 22.7, 2, NOW(), NOW()),
('e87357bb-6346-4c2b-9f1e-1303935f7ede', '8472b8ec-753f-4002-86e3-fa4d60ae3449', 'Focus Region Central 07-1', 15.5, 1, NOW(), NOW()),
('68dad79f-1e9f-40e0-9101-01bb8b5fae7f', '8472b8ec-753f-4002-86e3-fa4d60ae3449', 'Focus Region Central 07-2', 23.9, 2, NOW(), NOW()),
('dde2bce9-7adb-4c0c-b9a5-176e094749fa', '8472b8ec-753f-4002-86e3-fa4d60ae3449', 'Priority Risk >= 2 07-3', 21.8, 3, NOW(), NOW()),
('b4c075d8-ca4d-4a78-bae1-e014b92f7b83', '8472b8ec-753f-4002-86e3-fa4d60ae3449', 'Elite Age <= 32 07-4', 23.1, 4, NOW(), NOW()),
('a29b8841-ded3-4fb1-9d10-407ff4d733f2', '08046b1b-0d6f-4155-9625-2d5fca266823', 'Select Region Bangkok 08-1', 22.5, 1, NOW(), NOW()),
('d770ff61-a1b4-4e9b-a27a-06cd8241d9b4', '08046b1b-0d6f-4155-9625-2d5fca266823', 'Select Risk >= 1 08-2', 19.1, 2, NOW(), NOW()),
('63a3aaaa-a715-4ef8-9d2d-2a108330f2b6', '08046b1b-0d6f-4155-9625-2d5fca266823', 'Prime Age <= 38 08-3', 20.3, 3, NOW(), NOW()),
('3485b760-6395-45b7-b3d6-51c6cbb7ba8b', 'd40c2f4f-b11a-4b8e-b95e-0d8616e76d66', 'Focus Segment Affluent 09-1', 10.2, 1, NOW(), NOW()),
('3535cff1-34f0-402e-95e6-d884a20b7f74', 'd40c2f4f-b11a-4b8e-b95e-0d8616e76d66', 'Elite Region Central 09-2', 18.8, 2, NOW(), NOW()),
('7edbf5c5-13ef-4773-8153-6d8f44a5edc6', 'd40c2f4f-b11a-4b8e-b95e-0d8616e76d66', 'Prime Age >= 47 09-3', 15.8, 3, NOW(), NOW()),
('abb95966-af94-46f5-baf6-267738d4de6f', 'd40c2f4f-b11a-4b8e-b95e-0d8616e76d66', 'Prime Risk <= 4 09-4', 22.8, 4, NOW(), NOW()),
('ec504147-3158-4b6a-97d4-11b257e5ee80', '5e8cf922-be4f-4e27-9dfe-6c31c7430b17', 'Select Risk >= 1 10-1', 6.6, 1, NOW(), NOW()),
('d84396bd-92a1-494d-b577-6de8b40597bb', '5e8cf922-be4f-4e27-9dfe-6c31c7430b17', 'Growth Age >= 45 10-2', 25.0, 2, NOW(), NOW()),
('150d9821-8d22-49d2-ba93-d76e063af418', '5e8cf922-be4f-4e27-9dfe-6c31c7430b17', 'Momentum Segment Young Wealth 10-3', 12.8, 3, NOW(), NOW()),
('6a30e285-327c-46fe-9f76-e77c0aa4a760', '81997195-69ac-4f87-ab8b-23301c1e4765', 'Priority Age <= 53 11-1', 18.4, 1, NOW(), NOW()),
('d60b1938-d05e-48cf-9270-aa1a66868a11', '81997195-69ac-4f87-ab8b-23301c1e4765', 'Elite Age <= 30 11-2', 6.0, 2, NOW(), NOW()),
('8834701f-6ddc-4925-b17a-a59a902f2b45', '81997195-69ac-4f87-ab8b-23301c1e4765', 'Elite Region Northeast 11-3', 14.2, 3, NOW(), NOW()),
('d0e584d2-b807-4251-8b9b-4908243e96d6', '81997195-69ac-4f87-ab8b-23301c1e4765', 'Momentum Age >= 25 11-4', 6.0, 4, NOW(), NOW()),
('414df4dc-d678-4359-ad11-816ea601ba6e', '7c7594c0-db13-43ed-816d-e21f517eda6c', 'Momentum Region Central 12-1', 17.0, 1, NOW(), NOW()),
('26eb71a1-0936-4589-85cc-997fef1ee59b', '7c7594c0-db13-43ed-816d-e21f517eda6c', 'Prime Segment Young Wealth 12-2', 21.3, 2, NOW(), NOW()),
('7de170da-2527-400a-88db-fa15120db0c9', 'ce63398a-4f20-420c-9b49-06bdd0d6de83', 'Focus Segment Young Wealth 13-1', 27.7, 1, NOW(), NOW()),
('a3409f02-61ae-45bf-a381-473b31f17892', 'ce63398a-4f20-420c-9b49-06bdd0d6de83', 'Growth Segment VIP 13-2', 15.4, 2, NOW(), NOW()),
('72bea00a-e06e-4787-ae1f-f3c88418dc30', 'ce63398a-4f20-420c-9b49-06bdd0d6de83', 'Elite Risk <= 1 13-3', 6.3, 3, NOW(), NOW()),
('88e06979-cbdb-4a09-a415-d50aaa278257', '62bad77e-8e81-44ca-8bc0-add144a091a6', 'Priority Region South 14-1', 22.0, 1, NOW(), NOW()),
('5731fcd4-8353-4879-9a77-cde50a66eabc', '62bad77e-8e81-44ca-8bc0-add144a091a6', 'Growth Region North 14-2', 21.0, 2, NOW(), NOW()),
('7b4da5bc-7770-4e3a-958b-b5999ba5dead', '6a19808c-c64d-4e55-b6f2-0cb606b5f295', 'Select Age <= 42 15-1', 23.4, 1, NOW(), NOW()),
('a29cb8f4-8c56-4eee-8a3d-1b56b7436221', '6a19808c-c64d-4e55-b6f2-0cb606b5f295', 'Focus Region Bangkok 15-2', 19.5, 2, NOW(), NOW()),
('b37f0f05-a9ba-47b0-a378-c58e87f8e536', '6a19808c-c64d-4e55-b6f2-0cb606b5f295', 'Select Region Central 15-3', 28.2, 3, NOW(), NOW()),
('5a588ee4-0d38-4131-809b-e0027a83c3a5', '6a19808c-c64d-4e55-b6f2-0cb606b5f295', 'Focus Segment Mass 15-4', 21.4, 4, NOW(), NOW()),
('272cc67d-8c20-4cbd-85b3-7dd9b9cc68a9', '61c72a6c-87b2-4158-a324-baccd86f06f8', 'Focus Region Northeast 16-1', 19.9, 1, NOW(), NOW()),
('14399457-7edb-42a4-840e-40922a3588c9', '61c72a6c-87b2-4158-a324-baccd86f06f8', 'Growth Region South 16-2', 6.3, 2, NOW(), NOW()),
('5ceba55f-442c-4b34-977f-5661d315fa8c', 'd98ffd51-cb73-4cd9-b152-105ec4d8b815', 'Prime Age >= 30 17-1', 29.6, 1, NOW(), NOW()),
('95422ff7-8f13-465e-a719-99440ec64d00', 'd98ffd51-cb73-4cd9-b152-105ec4d8b815', 'Elite Age <= 57 17-2', 26.4, 2, NOW(), NOW()),
('2f7225f3-cbe9-41cc-b897-31703cfd2942', '0e940dd1-65f0-4b7c-8c13-b0bcf51759da', 'Prime Region North 18-1', 8.7, 1, NOW(), NOW()),
('ca16e278-2dd9-4ff2-9372-2578ba99eb41', '0e940dd1-65f0-4b7c-8c13-b0bcf51759da', 'Prime Risk >= 2 18-2', 6.4, 2, NOW(), NOW()),
('0bda5605-64bf-419c-a7d6-9edf3a1b301b', '2359c702-91c0-498d-9cfc-5008281d4af8', 'Momentum Age >= 61 19-1', 10.5, 1, NOW(), NOW()),
('9488296d-ef96-4d82-a323-24a9f1ead5a7', '2359c702-91c0-498d-9cfc-5008281d4af8', 'Focus Segment SME 19-2', 18.6, 2, NOW(), NOW()),
('33118bb5-4b4a-45b5-9266-4a698726bbb4', 'ac85f0a1-4694-4211-8edf-98ccc06bef01', 'Momentum Risk >= 3 20-1', 19.0, 1, NOW(), NOW()),
('b6f9ad29-29ec-4af0-a9cd-707e8c245e63', 'ac85f0a1-4694-4211-8edf-98ccc06bef01', 'Core Region North 20-2', 11.2, 2, NOW(), NOW()),
('118f4e8b-5b2b-484d-9214-f3f499ccc62a', '8ebb8ebf-f69c-4777-ae40-426cf506c876', 'Elite Region South 21-1', 27.0, 1, NOW(), NOW()),
('5ff7029f-b214-4e43-bbf7-e23876b55d16', '8ebb8ebf-f69c-4777-ae40-426cf506c876', 'Focus Segment SME 21-2', 17.6, 2, NOW(), NOW()),
('6502663b-a408-46a6-b74c-a4ec84c71881', '8ebb8ebf-f69c-4777-ae40-426cf506c876', 'Priority Age <= 21 21-3', 25.7, 3, NOW(), NOW()),
('97318674-32f0-4ab6-ac8b-48393e0f1924', '7edc806c-3d6a-4935-a7f1-f503ad4e03ad', 'Momentum Age <= 39 22-1', 9.6, 1, NOW(), NOW()),
('ef0f726b-821b-4dba-adb5-2f7f03dc1e23', '7edc806c-3d6a-4935-a7f1-f503ad4e03ad', 'Prime Segment Mass 22-2', 23.1, 2, NOW(), NOW()),
('331ab020-cd67-455b-9c92-8a0e82f766b7', 'e8c8e133-4ab5-49cf-9429-d1beffb00f4b', 'Priority Segment SME 23-1', 19.7, 1, NOW(), NOW()),
('bf51204c-cde5-42bc-95e1-c21679c29a03', 'e8c8e133-4ab5-49cf-9429-d1beffb00f4b', 'Momentum Region Northeast 23-2', 10.9, 2, NOW(), NOW()),
('d3027fd5-bc9c-4030-96ec-ba3c95ac4695', '259263ae-d0f3-4f39-b882-fed08d9ae84c', 'Growth Region North 24-1', 9.6, 1, NOW(), NOW()),
('19ca9fb4-df5c-41b0-b52c-346770e078da', '259263ae-d0f3-4f39-b882-fed08d9ae84c', 'Prime Risk <= 3 24-2', 10.1, 2, NOW(), NOW()),
('0deafd9d-9196-40f1-b000-909d0a415285', 'c59fdf86-c0e3-4dbe-87bd-e4b119fa90c4', 'Elite Risk >= 2 25-1', 29.1, 1, NOW(), NOW()),
('f331f56c-c033-4817-99ba-1bda8c53baec', 'c59fdf86-c0e3-4dbe-87bd-e4b119fa90c4', 'Priority Segment Young Wealth 25-2', 9.4, 2, NOW(), NOW()),
('53894eea-017a-495d-8ef3-c93c861d8b3c', '67cbe696-e3db-4090-b784-d8c1aa52c647', 'Priority Region Bangkok 26-1', 16.2, 1, NOW(), NOW()),
('e02e7f27-297f-4950-848f-516fa3f3bc10', '67cbe696-e3db-4090-b784-d8c1aa52c647', 'Core Age >= 31 26-2', 26.1, 2, NOW(), NOW()),
('d5f19585-527f-4e56-925f-7d8b39d3a495', '67cbe696-e3db-4090-b784-d8c1aa52c647', 'Prime Age >= 44 26-3', 20.2, 3, NOW(), NOW()),
('1991f560-6494-4d11-b5bc-484b818d28fa', '31e54117-0773-4164-9d2c-72f52c9e80f4', 'Priority Age >= 38 27-1', 19.0, 1, NOW(), NOW()),
('c20dad90-3a1e-4165-ae33-02c03e8cbf27', '31e54117-0773-4164-9d2c-72f52c9e80f4', 'Core Segment SME 27-2', 26.5, 2, NOW(), NOW()),
('50017848-bf0d-4bfd-be15-313abfb548f3', '00ba643e-d195-4172-b330-cd0f97be7f39', 'Focus Segment Young Wealth 28-1', 9.0, 1, NOW(), NOW()),
('99b07021-1edf-42f9-ad0f-dc1c7c4e4d8a', '00ba643e-d195-4172-b330-cd0f97be7f39', 'Elite Age >= 57 28-2', 22.2, 2, NOW(), NOW()),
('39a5730d-8eb2-469b-a619-15edd61e3ed2', '00ba643e-d195-4172-b330-cd0f97be7f39', 'Momentum Region Bangkok 28-3', 22.7, 3, NOW(), NOW()),
('2c75a60c-32b1-4878-a6bd-87681c07e496', '00ba643e-d195-4172-b330-cd0f97be7f39', 'Momentum Segment Mass 28-4', 29.9, 4, NOW(), NOW()),
('dab8088e-e20e-4003-89d7-fe2b2335d48c', '6f4d0fff-0db3-4b62-ad28-a3d4ffcc7578', 'Priority Age >= 54 29-1', 18.0, 1, NOW(), NOW()),
('bffec25f-1946-49c7-b2db-6da7392eed9e', '6f4d0fff-0db3-4b62-ad28-a3d4ffcc7578', 'Growth Risk >= 3 29-2', 6.6, 2, NOW(), NOW()),
('ea7f9fe6-8eb4-495a-b9c2-2c7ab618248b', '6f4d0fff-0db3-4b62-ad28-a3d4ffcc7578', 'Priority Risk <= 1 29-3', 5.9, 3, NOW(), NOW()),
('5b361367-2a1a-4f18-94b4-4e4dd736aada', '0911c2a4-8c95-4ac1-ba5f-0d3018b4b329', 'Elite Age >= 22 30-1', 25.2, 1, NOW(), NOW()),
('416a1f9d-5839-4420-ab7e-0ee27339bed8', '0911c2a4-8c95-4ac1-ba5f-0d3018b4b329', 'Prime Risk >= 4 30-2', 30.0, 2, NOW(), NOW()),
('90e78741-bc08-4272-8e60-6b50b0e10758', '0911c2a4-8c95-4ac1-ba5f-0d3018b4b329', 'Momentum Age <= 59 30-3', 15.7, 3, NOW(), NOW()),
('ac84783a-d5c4-414e-8676-cde0feefb8ad', '3ffcae51-30e0-4270-9b90-cf6de8bb90e3', 'Growth Risk >= 2 31-1', 29.6, 1, NOW(), NOW()),
('057a2234-2185-4a7a-896d-3086a4aeb7f3', '3ffcae51-30e0-4270-9b90-cf6de8bb90e3', 'Growth Age <= 51 31-2', 24.6, 2, NOW(), NOW()),
('0a9d44b6-95cc-4ac0-b2d1-f37387e5fef8', '3ffcae51-30e0-4270-9b90-cf6de8bb90e3', 'Elite Risk >= 3 31-3', 20.4, 3, NOW(), NOW()),
('c154a024-fcbd-4f29-8160-763df519e175', '3ffcae51-30e0-4270-9b90-cf6de8bb90e3', 'Focus Age <= 47 31-4', 23.1, 4, NOW(), NOW()),
('803e82c0-f366-4346-933e-d65aaf2d1daa', 'abda277c-af23-4824-a333-e42aa1142099', 'Growth Segment VIP 32-1', 22.0, 1, NOW(), NOW()),
('df6b8085-1d59-41ad-9500-47e9abcc93f1', 'abda277c-af23-4824-a333-e42aa1142099', 'Core Segment SME 32-2', 9.7, 2, NOW(), NOW()),
('631d6841-9257-44b2-919c-15b2ed526dda', 'abda277c-af23-4824-a333-e42aa1142099', 'Select Age <= 42 32-3', 18.6, 3, NOW(), NOW()),
('cddde5eb-2ff7-49b8-932e-4ca6bbe91ce2', 'abda277c-af23-4824-a333-e42aa1142099', 'Focus Age >= 29 32-4', 22.2, 4, NOW(), NOW()),
('751a85be-e238-4fd5-873f-edffcf7ca142', '5c6f231f-a261-428a-908e-b363fef1b2ce', 'Growth Age >= 52 33-1', 14.1, 1, NOW(), NOW()),
('bbd07def-0b96-4375-8715-0802942e28e6', '5c6f231f-a261-428a-908e-b363fef1b2ce', 'Prime Region South 33-2', 21.0, 2, NOW(), NOW()),
('81d02cfe-38bd-4f17-b48b-d5368d023a7c', '5c6f231f-a261-428a-908e-b363fef1b2ce', 'Priority Segment SME 33-3', 20.7, 3, NOW(), NOW()),
('30b38b0d-79bc-4fbb-bd10-ae0a6790c43b', 'c376d074-9e95-4878-b681-13d52b309f00', 'Elite Segment Affluent 34-1', 16.8, 1, NOW(), NOW()),
('8f8570e2-161c-4688-a3c9-32ff9c071ad1', 'c376d074-9e95-4878-b681-13d52b309f00', 'Select Segment Affluent 34-2', 21.7, 2, NOW(), NOW()),
('ad914899-1095-4ab2-9cc8-4bdf6b0eaec7', 'c376d074-9e95-4878-b681-13d52b309f00', 'Momentum Age >= 31 34-3', 14.0, 3, NOW(), NOW()),
('a6379179-1446-4e24-ba15-88fc89d0690b', '23d421fd-f6e6-4e98-81dd-1e5378ff2113', 'Core Region North 35-1', 26.0, 1, NOW(), NOW()),
('1f4e957b-062a-4743-ae0a-1b50b173046b', '23d421fd-f6e6-4e98-81dd-1e5378ff2113', 'Select Age <= 37 35-2', 13.7, 2, NOW(), NOW()),
('84ab747c-ce2e-43d8-b262-a9fae1bd641e', '23d421fd-f6e6-4e98-81dd-1e5378ff2113', 'Focus Segment Mass 35-3', 22.3, 3, NOW(), NOW()),
('e4800471-0594-4571-a826-2962a9bf24d8', '23d421fd-f6e6-4e98-81dd-1e5378ff2113', 'Momentum Risk >= 2 35-4', 5.6, 4, NOW(), NOW()),
('b658e6d6-baa6-49a3-ad1b-d84d38ddedcd', '9a60c18d-e2dc-4fa7-aa2e-e002f6775672', 'Select Region North 36-1', 11.4, 1, NOW(), NOW()),
('4b656c69-32bf-4d3f-9ad2-db177c9de6b7', '9a60c18d-e2dc-4fa7-aa2e-e002f6775672', 'Core Segment SME 36-2', 23.3, 2, NOW(), NOW()),
('45e24974-cbdd-4e8c-9990-9e17c3cad47a', '9a60c18d-e2dc-4fa7-aa2e-e002f6775672', 'Select Age <= 63 36-3', 17.2, 3, NOW(), NOW()),
('1ea41533-c1c6-4bcc-9b69-478c7ca10aff', '5ddc3611-c303-4d30-969f-a66bdd6757b7', 'Focus Region Central 37-1', 27.0, 1, NOW(), NOW()),
('546ef642-f509-4edc-bda8-d6413b827f17', '5ddc3611-c303-4d30-969f-a66bdd6757b7', 'Priority Region Northeast 37-2', 12.6, 2, NOW(), NOW()),
('49455446-7bed-456b-9a87-d546354b2ef8', '5ddc3611-c303-4d30-969f-a66bdd6757b7', 'Priority Segment VIP 37-3', 9.7, 3, NOW(), NOW()),
('959a938a-55a5-4721-8c9f-fdc2728dbf89', '707cb89a-e5e3-4800-9b33-881289acf755', 'Core Segment VIP 38-1', 26.2, 1, NOW(), NOW()),
('fe1cd1f0-f6a6-498b-aab3-1a98d1f53412', '707cb89a-e5e3-4800-9b33-881289acf755', 'Select Segment VIP 38-2', 6.8, 2, NOW(), NOW()),
('469e9302-0374-4bc3-a6da-0381567c70a2', '1c6ea2e8-9bc4-4d68-aa21-fe9d327448e7', 'Priority Segment VIP 39-1', 9.4, 1, NOW(), NOW()),
('e5a04bb0-1451-421e-abc5-4ddb82f1b28c', '1c6ea2e8-9bc4-4d68-aa21-fe9d327448e7', 'Focus Region Northeast 39-2', 17.8, 2, NOW(), NOW()),
('bdb7174f-7609-47a3-aae5-03dcf073e96c', '1c6ea2e8-9bc4-4d68-aa21-fe9d327448e7', 'Elite Age <= 23 39-3', 20.6, 3, NOW(), NOW()),
('b4102566-d9f8-428f-9a04-364309987578', '1c6ea2e8-9bc4-4d68-aa21-fe9d327448e7', 'Elite Age >= 31 39-4', 15.8, 4, NOW(), NOW()),
('88887700-70c4-4135-912a-f6cacb624e0c', '0d9b569f-6c43-4989-a026-4025518449a5', 'Select Region Northeast 40-1', 29.0, 1, NOW(), NOW()),
('4011e6ae-1b1f-48de-a8a0-2945f642ee3f', '0d9b569f-6c43-4989-a026-4025518449a5', 'Prime Segment Affluent 40-2', 23.0, 2, NOW(), NOW()),
('7f7e226e-5917-4fcb-ae5f-a01f0234b781', '0d9b569f-6c43-4989-a026-4025518449a5', 'Focus Region Bangkok 40-3', 8.4, 3, NOW(), NOW()),
('641a7c7f-e969-413a-8ca8-223703d41313', '0d9b569f-6c43-4989-a026-4025518449a5', 'Priority Age >= 56 40-4', 5.9, 4, NOW(), NOW()),
('7b6fd903-7584-428d-9a57-ba75d933258b', 'b7b44f83-085a-4b2f-8dce-f2754e8ab869', 'Elite Segment Affluent 41-1', 29.5, 1, NOW(), NOW()),
('49d10ecc-b275-4bfd-956d-7d5c8fadd30d', 'b7b44f83-085a-4b2f-8dce-f2754e8ab869', 'Priority Age <= 57 41-2', 19.0, 2, NOW(), NOW()),
('d4cafbbb-7f7e-480c-9e25-3482cd5e185d', 'b7b44f83-085a-4b2f-8dce-f2754e8ab869', 'Momentum Segment Young Wealth 41-3', 12.3, 3, NOW(), NOW()),
('cc3ac7e8-e66c-46dd-87ef-1d6d35a9616a', 'b7b44f83-085a-4b2f-8dce-f2754e8ab869', 'Focus Segment SME 41-4', 12.5, 4, NOW(), NOW()),
('0799e666-8843-4b5c-86ea-121b01690013', '2403f3db-5794-42f7-bcce-6dda105f3b60', 'Elite Age >= 31 42-1', 27.1, 1, NOW(), NOW()),
('9dce3fab-c5bc-436e-931c-2a0d671027ce', '2403f3db-5794-42f7-bcce-6dda105f3b60', 'Priority Region Northeast 42-2', 22.8, 2, NOW(), NOW()),
('faede900-f3e3-4568-87e4-6bba962e0928', 'b77ad88d-7170-44b7-8dc0-b7766274f933', 'Core Region Northeast 43-1', 18.0, 1, NOW(), NOW()),
('9f89548e-2610-4980-b5af-35a3ac234856', 'b77ad88d-7170-44b7-8dc0-b7766274f933', 'Elite Region Bangkok 43-2', 13.9, 2, NOW(), NOW()),
('a73a05a0-81cd-42ea-8243-06f826360500', 'b77ad88d-7170-44b7-8dc0-b7766274f933', 'Momentum Risk <= 2 43-3', 20.3, 3, NOW(), NOW()),
('e544ddf6-fef4-4bc7-bbd2-5430c76c8a8d', 'a482a1c7-6a0a-48cb-ad3a-c84704905dfe', 'Momentum Segment Mass 44-1', 22.1, 1, NOW(), NOW()),
('7ad2e4b5-8f56-4d85-b07a-f9dbaaa7102d', 'a482a1c7-6a0a-48cb-ad3a-c84704905dfe', 'Focus Segment Young Wealth 44-2', 10.7, 2, NOW(), NOW()),
('faee0419-315c-4819-acf6-6f8cfebfc833', 'a482a1c7-6a0a-48cb-ad3a-c84704905dfe', 'Prime Age >= 62 44-3', 25.6, 3, NOW(), NOW()),
('ee0477df-cb42-4d11-936c-1a378180081d', '84e32590-3a3b-478b-b8ea-caa4f21f5982', 'Select Segment SME 45-1', 19.8, 1, NOW(), NOW()),
('eadef4d2-9788-4440-a372-cd1456c674d3', '84e32590-3a3b-478b-b8ea-caa4f21f5982', 'Priority Segment Affluent 45-2', 8.7, 2, NOW(), NOW()),
('cd035ba3-4f9b-4e12-8ccb-9406e2fbe3e3', '84e32590-3a3b-478b-b8ea-caa4f21f5982', 'Elite Segment Affluent 45-3', 18.9, 3, NOW(), NOW()),
('24eb0414-f5a5-4ab5-84f9-788d64e9862e', '84e32590-3a3b-478b-b8ea-caa4f21f5982', 'Priority Segment Mass 45-4', 16.5, 4, NOW(), NOW()),
('f4a9b4bf-f6de-4c79-80a5-c5c590ac471e', '25892a1a-f6d8-4cb9-8618-1695266194ce', 'Priority Risk <= 3 46-1', 6.4, 1, NOW(), NOW()),
('2c4db66b-45b5-4600-a15d-20d6ee9057e5', '25892a1a-f6d8-4cb9-8618-1695266194ce', 'Select Region Northeast 46-2', 7.4, 2, NOW(), NOW()),
('5e003feb-24ff-48d5-88f9-2bb2fc341001', '92dd369b-d832-4e98-b8e7-f52223df9fe4', 'Growth Segment Affluent 47-1', 10.2, 1, NOW(), NOW()),
('e6fa6df1-e135-42a0-8074-84a78c5b33e6', '92dd369b-d832-4e98-b8e7-f52223df9fe4', 'Select Age <= 36 47-2', 24.9, 2, NOW(), NOW()),
('0c8e062e-d275-4520-9d8b-75918f449497', '92dd369b-d832-4e98-b8e7-f52223df9fe4', 'Momentum Risk >= 3 47-3', 12.4, 3, NOW(), NOW()),
('4a09910e-3b4d-4d0d-af8f-76f761aba447', '6fb2a494-c70e-4cd8-a7f0-e786273a0297', 'Growth Age >= 65 48-1', 26.2, 1, NOW(), NOW()),
('bc02bbaf-2c80-484c-afce-74cbd6e272e6', '6fb2a494-c70e-4cd8-a7f0-e786273a0297', 'Priority Age <= 40 48-2', 24.6, 2, NOW(), NOW()),
('48e798b3-8cdf-4eff-9433-ae07c6f6c52d', '6fb2a494-c70e-4cd8-a7f0-e786273a0297', 'Select Risk <= 2 48-3', 5.1, 3, NOW(), NOW()),
('2bbc46db-5157-458d-b9a9-2aab584d0429', '6fb2a494-c70e-4cd8-a7f0-e786273a0297', 'Core Age >= 21 48-4', 6.3, 4, NOW(), NOW()),
('e6c82785-3214-4964-aa3c-def556ec63b3', '8394d040-9a06-463a-b554-c032e2fe22e5', 'Priority Segment SME 49-1', 15.5, 1, NOW(), NOW()),
('da43a017-24da-42bd-a319-699f13fd1143', '8394d040-9a06-463a-b554-c032e2fe22e5', 'Core Risk >= 3 49-2', 14.3, 2, NOW(), NOW()),
('b4dd4751-a5a9-4670-bcce-02074e5b127a', '8394d040-9a06-463a-b554-c032e2fe22e5', 'Growth Segment Mass 49-3', 22.1, 3, NOW(), NOW()),
('bfe09edb-a154-429b-93ac-c6be162defb7', '8394d040-9a06-463a-b554-c032e2fe22e5', 'Core Segment Affluent 49-4', 16.9, 4, NOW(), NOW()),
('0b8cc8e8-b711-4bb7-b2ff-6b7433ffa841', '470821f9-4e58-4b05-aa02-c2e56cb15887', 'Momentum Risk <= 3 50-1', 26.6, 1, NOW(), NOW()),
('b51f410b-4e50-417b-a1b4-a3bde738d4f6', '470821f9-4e58-4b05-aa02-c2e56cb15887', 'Core Age <= 57 50-2', 8.4, 2, NOW(), NOW());

INSERT INTO rule_attributes ("ID", "RULE_ID", "ATTRIBUTE_ID", "VALUE", "CREATED_AT", "UPDATED_AT") VALUES
('5fdb6542-6e3f-4701-b181-63c9fbabe870', '3b310a55-610d-4c0f-9509-118c956efabd', 'add991df-4a88-45cf-a9c1-18a8be96fc56', '53', NOW(), NOW()),
('02ecdce5-ff43-4bca-89e8-37aaa5ed3a4e', '3266b137-310c-4e24-b4f2-dc2c22103e9e', 'add991df-4a88-45cf-a9c1-18a8be96fc56', '59', NOW(), NOW()),
('f68ee44f-871b-408e-ac1b-482d1edc426f', '2aa7470e-2b91-474f-bac5-762113bd1be1', '0f715778-2891-45af-8cf2-43096aba9a7b', '"South"', NOW(), NOW()),
('ea151950-b732-4eea-9350-23e5a42b26f2', '9441d812-e223-496e-8582-2c5f287a5eb1', '0f715778-2891-45af-8cf2-43096aba9a7b', '"Northeast"', NOW(), NOW()),
('f7c6b256-b15c-421d-9c60-e0a147d44a84', '17021bef-4daa-460c-9ab5-b1f86bfa2c2b', 'add991df-4a88-45cf-a9c1-18a8be96fc56', '44', NOW(), NOW()),
('ce35cc08-b6bd-4eaa-9ae3-c561a4f7606c', '586f6db4-b5d2-48e6-8562-6559fd4f38af', '0d8bcd56-cdcd-4333-8d69-27dbe971640b', '"Mass"', NOW(), NOW()),
('fb36f38b-a068-4266-a7dc-169bbf5ee8f7', '063121f4-987d-4ee5-9944-d164ed786ba0', '0f715778-2891-45af-8cf2-43096aba9a7b', '"Central"', NOW(), NOW()),
('56bbcc9b-53da-4374-8305-3ff1a5abac1a', 'cbeaae56-ee51-4a2b-9f5b-f92500b6f351', '0d8bcd56-cdcd-4333-8d69-27dbe971640b', '"Affluent"', NOW(), NOW()),
('972b7013-6dc5-461c-b323-bb166d6a32b5', '9283aeb4-503f-4878-8aa0-9a97bd59bda1', 'add991df-4a88-45cf-a9c1-18a8be96fc56', '60', NOW(), NOW()),
('1dc9a804-3969-434d-b808-2648c2e4eeab', '4305d293-bf98-42d6-8be4-97c5b7d45e53', 'add991df-4a88-45cf-a9c1-18a8be96fc56', '27', NOW(), NOW()),
('9106f0f8-d878-447a-8c9e-4fcb41220199', 'd6b73b69-cc21-47d3-9166-c4a0b61941c9', 'add991df-4a88-45cf-a9c1-18a8be96fc56', '27', NOW(), NOW()),
('ad35d784-c7ab-4d89-8a93-c39c89d59433', '2d1728fb-d8df-4064-a329-333550decd82', '0d8bcd56-cdcd-4333-8d69-27dbe971640b', '"VIP"', NOW(), NOW()),
('c42253c2-d726-446a-9c7c-6813e7b96495', '7bc1834c-66c7-40b0-8ded-492fe7f631d0', '0f715778-2891-45af-8cf2-43096aba9a7b', '"Northeast"', NOW(), NOW()),
('cdb25840-7a1b-4e89-a283-cb7fb046c99d', '6d979f91-a3ad-4fed-98c4-d017fd44a9a8', '6a4bc7c1-c99c-4338-adfb-c542f7ab5cbf', '2', NOW(), NOW()),
('533f7502-edf4-43ff-b1a8-cf99025cf514', '87c41ead-e9c5-40f0-9b5b-c959e0394a70', '0d8bcd56-cdcd-4333-8d69-27dbe971640b', '"SME"', NOW(), NOW()),
('e41a755d-4bce-43b3-b806-8503e85deb1f', 'f1819f77-90d5-49fd-af8c-b190eea213cb', '0d8bcd56-cdcd-4333-8d69-27dbe971640b', '"SME"', NOW(), NOW()),
('31052040-3af3-4331-a93a-70e38b31e864', 'e87357bb-6346-4c2b-9f1e-1303935f7ede', '0f715778-2891-45af-8cf2-43096aba9a7b', '"Central"', NOW(), NOW()),
('20613a6a-339f-47a6-a797-c6f91de80556', '68dad79f-1e9f-40e0-9101-01bb8b5fae7f', '0f715778-2891-45af-8cf2-43096aba9a7b', '"Central"', NOW(), NOW()),
('d8d958d0-2778-4fb3-9f5a-a59d3734bb80', 'dde2bce9-7adb-4c0c-b9a5-176e094749fa', '6a4bc7c1-c99c-4338-adfb-c542f7ab5cbf', '2', NOW(), NOW()),
('59eec1b8-ba20-486a-8a28-6aa706223630', 'b4c075d8-ca4d-4a78-bae1-e014b92f7b83', 'add991df-4a88-45cf-a9c1-18a8be96fc56', '32', NOW(), NOW()),
('47f7aaa4-9371-48a6-9ed7-2fbfd0379261', 'a29b8841-ded3-4fb1-9d10-407ff4d733f2', '0f715778-2891-45af-8cf2-43096aba9a7b', '"Bangkok"', NOW(), NOW()),
('f154a21a-77f4-4bdb-8451-6cad6f37cdcc', 'd770ff61-a1b4-4e9b-a27a-06cd8241d9b4', '6a4bc7c1-c99c-4338-adfb-c542f7ab5cbf', '1', NOW(), NOW()),
('7c4a5313-d238-463e-8177-00985c0ded1c', '63a3aaaa-a715-4ef8-9d2d-2a108330f2b6', 'add991df-4a88-45cf-a9c1-18a8be96fc56', '38', NOW(), NOW()),
('3345a685-54ef-4f7c-9af9-cf261bfc2605', '3485b760-6395-45b7-b3d6-51c6cbb7ba8b', '0d8bcd56-cdcd-4333-8d69-27dbe971640b', '"Affluent"', NOW(), NOW()),
('e59c1e10-3a6b-45cc-8736-4472a3e3e7ac', '3535cff1-34f0-402e-95e6-d884a20b7f74', '0f715778-2891-45af-8cf2-43096aba9a7b', '"Central"', NOW(), NOW()),
('c454b2d4-5f2d-4c62-bde2-f3124829eeaa', '7edbf5c5-13ef-4773-8153-6d8f44a5edc6', 'add991df-4a88-45cf-a9c1-18a8be96fc56', '47', NOW(), NOW()),
('0d42bbbd-7903-4d90-917c-eda08927515b', 'abb95966-af94-46f5-baf6-267738d4de6f', '6a4bc7c1-c99c-4338-adfb-c542f7ab5cbf', '4', NOW(), NOW()),
('3cb52407-9014-4621-9344-61ac114543cd', 'ec504147-3158-4b6a-97d4-11b257e5ee80', '6a4bc7c1-c99c-4338-adfb-c542f7ab5cbf', '1', NOW(), NOW()),
('9e26a10c-645b-49f7-be53-e1fe6c074376', 'd84396bd-92a1-494d-b577-6de8b40597bb', 'add991df-4a88-45cf-a9c1-18a8be96fc56', '45', NOW(), NOW()),
('462d4b02-fc13-48ad-9ac1-0d60bb425617', '150d9821-8d22-49d2-ba93-d76e063af418', '0d8bcd56-cdcd-4333-8d69-27dbe971640b', '"Young Wealth"', NOW(), NOW()),
('ea243168-c2e1-484a-9e8c-ed76ee744afe', '6a30e285-327c-46fe-9f76-e77c0aa4a760', 'add991df-4a88-45cf-a9c1-18a8be96fc56', '53', NOW(), NOW()),
('2baf9512-ce02-4109-80cc-b4b50089ed0e', 'd60b1938-d05e-48cf-9270-aa1a66868a11', 'add991df-4a88-45cf-a9c1-18a8be96fc56', '30', NOW(), NOW()),
('c7961b1e-0c05-43ba-8286-0d8a1dfa9fb1', '8834701f-6ddc-4925-b17a-a59a902f2b45', '0f715778-2891-45af-8cf2-43096aba9a7b', '"Northeast"', NOW(), NOW()),
('e9d51d19-73db-4de2-ab8a-d290fd139a0f', 'd0e584d2-b807-4251-8b9b-4908243e96d6', 'add991df-4a88-45cf-a9c1-18a8be96fc56', '25', NOW(), NOW()),
('198ee6bd-75b7-419a-a863-0897d32b9ace', '414df4dc-d678-4359-ad11-816ea601ba6e', '0f715778-2891-45af-8cf2-43096aba9a7b', '"Central"', NOW(), NOW()),
('0d4308b8-aadb-436e-a466-fa59df8a0829', '26eb71a1-0936-4589-85cc-997fef1ee59b', '0d8bcd56-cdcd-4333-8d69-27dbe971640b', '"Young Wealth"', NOW(), NOW()),
('d1cf0dfb-e440-4e0f-9763-334e5dd9c009', '7de170da-2527-400a-88db-fa15120db0c9', '0d8bcd56-cdcd-4333-8d69-27dbe971640b', '"Young Wealth"', NOW(), NOW()),
('97c048eb-38de-4c2f-845d-7b9cc93c5df6', 'a3409f02-61ae-45bf-a381-473b31f17892', '0d8bcd56-cdcd-4333-8d69-27dbe971640b', '"VIP"', NOW(), NOW()),
('490de9fc-631d-4fdc-b7b6-6742fd7b59d8', '72bea00a-e06e-4787-ae1f-f3c88418dc30', '6a4bc7c1-c99c-4338-adfb-c542f7ab5cbf', '1', NOW(), NOW()),
('9aada9dd-a0db-4f33-b5c1-0de7c444144b', '88e06979-cbdb-4a09-a415-d50aaa278257', '0f715778-2891-45af-8cf2-43096aba9a7b', '"South"', NOW(), NOW()),
('1dd212f9-8a9c-4a1e-9e8c-4eceb8fee9d2', '5731fcd4-8353-4879-9a77-cde50a66eabc', '0f715778-2891-45af-8cf2-43096aba9a7b', '"North"', NOW(), NOW()),
('e957c2b1-22ff-4269-ab29-b6e87c0cda2d', '7b4da5bc-7770-4e3a-958b-b5999ba5dead', 'add991df-4a88-45cf-a9c1-18a8be96fc56', '42', NOW(), NOW()),
('18bac0cc-cea8-4f03-897a-a29312452eb0', 'a29cb8f4-8c56-4eee-8a3d-1b56b7436221', '0f715778-2891-45af-8cf2-43096aba9a7b', '"Bangkok"', NOW(), NOW()),
('835ca303-d441-4f68-b384-a1c939b6643b', 'b37f0f05-a9ba-47b0-a378-c58e87f8e536', '0f715778-2891-45af-8cf2-43096aba9a7b', '"Central"', NOW(), NOW()),
('85fce66a-fc2a-4286-9185-2348d81c8e24', '5a588ee4-0d38-4131-809b-e0027a83c3a5', '0d8bcd56-cdcd-4333-8d69-27dbe971640b', '"Mass"', NOW(), NOW()),
('9e5553e8-15b7-42d2-9a72-f0d5b59250fe', '272cc67d-8c20-4cbd-85b3-7dd9b9cc68a9', '0f715778-2891-45af-8cf2-43096aba9a7b', '"Northeast"', NOW(), NOW()),
('422157cd-71bc-4991-b0ef-0c5e93df2b9b', '14399457-7edb-42a4-840e-40922a3588c9', '0f715778-2891-45af-8cf2-43096aba9a7b', '"South"', NOW(), NOW()),
('8c3cf416-ae01-4c91-b73b-ce397a02faa2', '5ceba55f-442c-4b34-977f-5661d315fa8c', 'add991df-4a88-45cf-a9c1-18a8be96fc56', '30', NOW(), NOW()),
('8a038072-7f62-420c-9f72-ade3ecc46c3e', '95422ff7-8f13-465e-a719-99440ec64d00', 'add991df-4a88-45cf-a9c1-18a8be96fc56', '57', NOW(), NOW()),
('54a3dda2-fbae-49d0-90ab-cee1dca33c85', '2f7225f3-cbe9-41cc-b897-31703cfd2942', '0f715778-2891-45af-8cf2-43096aba9a7b', '"North"', NOW(), NOW()),
('61a1c28c-6047-4fb8-955a-90c03e5090d4', 'ca16e278-2dd9-4ff2-9372-2578ba99eb41', '6a4bc7c1-c99c-4338-adfb-c542f7ab5cbf', '2', NOW(), NOW()),
('79980aaa-39c7-4926-96a0-e26e1abe94c9', '0bda5605-64bf-419c-a7d6-9edf3a1b301b', 'add991df-4a88-45cf-a9c1-18a8be96fc56', '61', NOW(), NOW()),
('625ccbe1-1e7b-4318-b387-3b72c08fdcad', '9488296d-ef96-4d82-a323-24a9f1ead5a7', '0d8bcd56-cdcd-4333-8d69-27dbe971640b', '"SME"', NOW(), NOW()),
('cbb25612-346e-41c0-ae91-7c95110e6bb6', '33118bb5-4b4a-45b5-9266-4a698726bbb4', '6a4bc7c1-c99c-4338-adfb-c542f7ab5cbf', '3', NOW(), NOW()),
('8e2a796d-06e0-48a0-9c9f-bf210cec1225', 'b6f9ad29-29ec-4af0-a9cd-707e8c245e63', '0f715778-2891-45af-8cf2-43096aba9a7b', '"North"', NOW(), NOW()),
('06f0ef81-ef90-45d8-899d-1b71c55f319f', '118f4e8b-5b2b-484d-9214-f3f499ccc62a', '0f715778-2891-45af-8cf2-43096aba9a7b', '"South"', NOW(), NOW()),
('bedf5182-90e2-426f-b288-822a31d7f33d', '5ff7029f-b214-4e43-bbf7-e23876b55d16', '0d8bcd56-cdcd-4333-8d69-27dbe971640b', '"SME"', NOW(), NOW()),
('f15e5dec-5615-49ec-88ba-8dc7a9241114', '6502663b-a408-46a6-b74c-a4ec84c71881', 'add991df-4a88-45cf-a9c1-18a8be96fc56', '21', NOW(), NOW()),
('1a4d017e-149f-436c-ba01-8ec0127a8397', '97318674-32f0-4ab6-ac8b-48393e0f1924', 'add991df-4a88-45cf-a9c1-18a8be96fc56', '39', NOW(), NOW()),
('e4f03c42-3e3b-412f-83f6-5f9efb360249', 'ef0f726b-821b-4dba-adb5-2f7f03dc1e23', '0d8bcd56-cdcd-4333-8d69-27dbe971640b', '"Mass"', NOW(), NOW()),
('40487499-c84a-4c02-a503-7e32a9b2e00c', '331ab020-cd67-455b-9c92-8a0e82f766b7', '0d8bcd56-cdcd-4333-8d69-27dbe971640b', '"SME"', NOW(), NOW()),
('fd9540f8-ad2d-42fd-892b-8614f8e76629', 'bf51204c-cde5-42bc-95e1-c21679c29a03', '0f715778-2891-45af-8cf2-43096aba9a7b', '"Northeast"', NOW(), NOW()),
('c01340a7-03d2-4d37-98d9-9542576a53a1', 'd3027fd5-bc9c-4030-96ec-ba3c95ac4695', '0f715778-2891-45af-8cf2-43096aba9a7b', '"North"', NOW(), NOW()),
('3e0eff81-e7b8-4454-91d7-69eb1f74eac1', '19ca9fb4-df5c-41b0-b52c-346770e078da', '6a4bc7c1-c99c-4338-adfb-c542f7ab5cbf', '3', NOW(), NOW()),
('6dfc1165-ab8e-49e2-bc62-0133604b4a06', '0deafd9d-9196-40f1-b000-909d0a415285', '6a4bc7c1-c99c-4338-adfb-c542f7ab5cbf', '2', NOW(), NOW()),
('6edc9b63-6515-4a20-8cfa-976986083c2f', 'f331f56c-c033-4817-99ba-1bda8c53baec', '0d8bcd56-cdcd-4333-8d69-27dbe971640b', '"Young Wealth"', NOW(), NOW()),
('1e615c60-281f-4245-bf0e-c01abe949235', '53894eea-017a-495d-8ef3-c93c861d8b3c', '0f715778-2891-45af-8cf2-43096aba9a7b', '"Bangkok"', NOW(), NOW()),
('f1fafc18-4fe6-472e-9242-bab5b65d9cf7', 'e02e7f27-297f-4950-848f-516fa3f3bc10', 'add991df-4a88-45cf-a9c1-18a8be96fc56', '31', NOW(), NOW()),
('fb037355-fd74-4b3e-8ea8-4227f11ea119', 'd5f19585-527f-4e56-925f-7d8b39d3a495', 'add991df-4a88-45cf-a9c1-18a8be96fc56', '44', NOW(), NOW()),
('e649c998-78dc-4ce1-87b5-a1b4e71fd59f', '1991f560-6494-4d11-b5bc-484b818d28fa', 'add991df-4a88-45cf-a9c1-18a8be96fc56', '38', NOW(), NOW()),
('b95a3733-1831-475b-bda1-5e315f87b39b', 'c20dad90-3a1e-4165-ae33-02c03e8cbf27', '0d8bcd56-cdcd-4333-8d69-27dbe971640b', '"SME"', NOW(), NOW()),
('c580c08f-901e-42b7-9761-e6cc8e834c24', '50017848-bf0d-4bfd-be15-313abfb548f3', '0d8bcd56-cdcd-4333-8d69-27dbe971640b', '"Young Wealth"', NOW(), NOW()),
('d2f14869-439d-45fc-979f-5570228b5d9a', '99b07021-1edf-42f9-ad0f-dc1c7c4e4d8a', 'add991df-4a88-45cf-a9c1-18a8be96fc56', '57', NOW(), NOW()),
('231fa0f5-1ea8-4f04-a7f5-306417d10c4a', '39a5730d-8eb2-469b-a619-15edd61e3ed2', '0f715778-2891-45af-8cf2-43096aba9a7b', '"Bangkok"', NOW(), NOW()),
('17065aff-f05e-4ce9-9c7f-8cc63ce803f1', '2c75a60c-32b1-4878-a6bd-87681c07e496', '0d8bcd56-cdcd-4333-8d69-27dbe971640b', '"Mass"', NOW(), NOW()),
('31d514de-99f9-40d9-9602-06f61cb81d49', 'dab8088e-e20e-4003-89d7-fe2b2335d48c', 'add991df-4a88-45cf-a9c1-18a8be96fc56', '54', NOW(), NOW()),
('0fe6cd44-f06f-4d99-8556-162b5ce27ea1', 'bffec25f-1946-49c7-b2db-6da7392eed9e', '6a4bc7c1-c99c-4338-adfb-c542f7ab5cbf', '3', NOW(), NOW()),
('476030e1-acde-4ea7-8183-04ee2093620e', 'ea7f9fe6-8eb4-495a-b9c2-2c7ab618248b', '6a4bc7c1-c99c-4338-adfb-c542f7ab5cbf', '1', NOW(), NOW()),
('acffaaf1-ad12-4af0-bdb9-9d20a990b4fe', '5b361367-2a1a-4f18-94b4-4e4dd736aada', 'add991df-4a88-45cf-a9c1-18a8be96fc56', '22', NOW(), NOW()),
('9db9f4ac-3cf4-4dd4-bed7-2b3f2dfac4b6', '416a1f9d-5839-4420-ab7e-0ee27339bed8', '6a4bc7c1-c99c-4338-adfb-c542f7ab5cbf', '4', NOW(), NOW()),
('a0c68766-7739-4d45-9dbb-cde06caa825d', '90e78741-bc08-4272-8e60-6b50b0e10758', 'add991df-4a88-45cf-a9c1-18a8be96fc56', '59', NOW(), NOW()),
('25d8b39f-620a-4bac-9ecc-74fa69b2fda5', 'ac84783a-d5c4-414e-8676-cde0feefb8ad', '6a4bc7c1-c99c-4338-adfb-c542f7ab5cbf', '2', NOW(), NOW()),
('29aabea9-fc63-47f4-8d91-c2860816f3a7', '057a2234-2185-4a7a-896d-3086a4aeb7f3', 'add991df-4a88-45cf-a9c1-18a8be96fc56', '51', NOW(), NOW()),
('b70b9825-0167-46d3-9d56-76e6d461bc68', '0a9d44b6-95cc-4ac0-b2d1-f37387e5fef8', '6a4bc7c1-c99c-4338-adfb-c542f7ab5cbf', '3', NOW(), NOW()),
('b2851793-af3e-4974-8889-dfa9d70863f9', 'c154a024-fcbd-4f29-8160-763df519e175', 'add991df-4a88-45cf-a9c1-18a8be96fc56', '47', NOW(), NOW()),
('e3bb3233-0f3c-4cd9-9f42-96f69ca2cef5', '803e82c0-f366-4346-933e-d65aaf2d1daa', '0d8bcd56-cdcd-4333-8d69-27dbe971640b', '"VIP"', NOW(), NOW()),
('28c4e0a4-7bcc-4d78-8e1d-d2b9c358f177', 'df6b8085-1d59-41ad-9500-47e9abcc93f1', '0d8bcd56-cdcd-4333-8d69-27dbe971640b', '"SME"', NOW(), NOW()),
('52bd6380-1b01-430e-b9b0-bafa5a300ae9', '631d6841-9257-44b2-919c-15b2ed526dda', 'add991df-4a88-45cf-a9c1-18a8be96fc56', '42', NOW(), NOW()),
('6cbed06b-412b-40ea-83af-d01c3dd47486', 'cddde5eb-2ff7-49b8-932e-4ca6bbe91ce2', 'add991df-4a88-45cf-a9c1-18a8be96fc56', '29', NOW(), NOW()),
('377c2749-e6ab-4a66-858d-4919b7069d31', '751a85be-e238-4fd5-873f-edffcf7ca142', 'add991df-4a88-45cf-a9c1-18a8be96fc56', '52', NOW(), NOW()),
('2ac252e1-0d33-4a05-a14e-ec70e00f9789', 'bbd07def-0b96-4375-8715-0802942e28e6', '0f715778-2891-45af-8cf2-43096aba9a7b', '"South"', NOW(), NOW()),
('06716d98-0113-48b4-9703-18ffe8d5eac5', '81d02cfe-38bd-4f17-b48b-d5368d023a7c', '0d8bcd56-cdcd-4333-8d69-27dbe971640b', '"SME"', NOW(), NOW()),
('d1a9b22e-61c8-45e2-8f11-ed8349c524fd', '30b38b0d-79bc-4fbb-bd10-ae0a6790c43b', '0d8bcd56-cdcd-4333-8d69-27dbe971640b', '"Affluent"', NOW(), NOW()),
('4356f80d-60d7-45cc-9dca-67bdde008d0f', '8f8570e2-161c-4688-a3c9-32ff9c071ad1', '0d8bcd56-cdcd-4333-8d69-27dbe971640b', '"Affluent"', NOW(), NOW()),
('5291e5a1-8b35-4fcc-871f-87ea8b367bd3', 'ad914899-1095-4ab2-9cc8-4bdf6b0eaec7', 'add991df-4a88-45cf-a9c1-18a8be96fc56', '31', NOW(), NOW()),
('c70db717-5ace-4041-8c01-fda0a923c8b9', 'a6379179-1446-4e24-ba15-88fc89d0690b', '0f715778-2891-45af-8cf2-43096aba9a7b', '"North"', NOW(), NOW()),
('772dbbcd-f04c-4b09-910b-17df6a73ab30', '1f4e957b-062a-4743-ae0a-1b50b173046b', 'add991df-4a88-45cf-a9c1-18a8be96fc56', '37', NOW(), NOW()),
('69cc7b99-4ee9-4b9d-8344-fe97ef7db05c', '84ab747c-ce2e-43d8-b262-a9fae1bd641e', '0d8bcd56-cdcd-4333-8d69-27dbe971640b', '"Mass"', NOW(), NOW()),
('11360203-538b-414e-8634-821268330bd1', 'e4800471-0594-4571-a826-2962a9bf24d8', '6a4bc7c1-c99c-4338-adfb-c542f7ab5cbf', '2', NOW(), NOW()),
('80b61aa3-91be-485b-ba0b-6399c151a459', 'b658e6d6-baa6-49a3-ad1b-d84d38ddedcd', '0f715778-2891-45af-8cf2-43096aba9a7b', '"North"', NOW(), NOW()),
('43d0d909-0a4a-4185-a513-722b90e75ad4', '4b656c69-32bf-4d3f-9ad2-db177c9de6b7', '0d8bcd56-cdcd-4333-8d69-27dbe971640b', '"SME"', NOW(), NOW()),
('03e2e6f1-c4df-4152-96b0-545936df8db2', '45e24974-cbdd-4e8c-9990-9e17c3cad47a', 'add991df-4a88-45cf-a9c1-18a8be96fc56', '63', NOW(), NOW()),
('e63e4947-1ee5-44dc-af7b-2e8974e37b5f', '1ea41533-c1c6-4bcc-9b69-478c7ca10aff', '0f715778-2891-45af-8cf2-43096aba9a7b', '"Central"', NOW(), NOW()),
('261bc0f9-ce0d-4327-82a3-3787eb4adecc', '546ef642-f509-4edc-bda8-d6413b827f17', '0f715778-2891-45af-8cf2-43096aba9a7b', '"Northeast"', NOW(), NOW()),
('1ea744e3-a14a-486c-9b91-7d545e1c26a8', '49455446-7bed-456b-9a87-d546354b2ef8', '0d8bcd56-cdcd-4333-8d69-27dbe971640b', '"VIP"', NOW(), NOW()),
('c90089a9-433c-4748-9172-2634af65d0df', '959a938a-55a5-4721-8c9f-fdc2728dbf89', '0d8bcd56-cdcd-4333-8d69-27dbe971640b', '"VIP"', NOW(), NOW()),
('0cfa5a2e-d46a-4db9-8cab-624592f6d2ee', 'fe1cd1f0-f6a6-498b-aab3-1a98d1f53412', '0d8bcd56-cdcd-4333-8d69-27dbe971640b', '"VIP"', NOW(), NOW()),
('a97d0eb2-b76e-4584-a2a4-d1700b39aee3', '469e9302-0374-4bc3-a6da-0381567c70a2', '0d8bcd56-cdcd-4333-8d69-27dbe971640b', '"VIP"', NOW(), NOW()),
('7a15b1cb-7171-40ed-a3dc-2d64f639bda1', 'e5a04bb0-1451-421e-abc5-4ddb82f1b28c', '0f715778-2891-45af-8cf2-43096aba9a7b', '"Northeast"', NOW(), NOW()),
('12b3bcca-370e-459e-87cd-5c5c4541089d', 'bdb7174f-7609-47a3-aae5-03dcf073e96c', 'add991df-4a88-45cf-a9c1-18a8be96fc56', '23', NOW(), NOW()),
('2f16edd8-71c4-4e48-98c4-4f646a6b976f', 'b4102566-d9f8-428f-9a04-364309987578', 'add991df-4a88-45cf-a9c1-18a8be96fc56', '31', NOW(), NOW()),
('c76bd4d2-fcea-464e-9b8a-28e5189228ac', '88887700-70c4-4135-912a-f6cacb624e0c', '0f715778-2891-45af-8cf2-43096aba9a7b', '"Northeast"', NOW(), NOW()),
('3b1b1528-4a15-45e2-a66d-b05d745e5875', '4011e6ae-1b1f-48de-a8a0-2945f642ee3f', '0d8bcd56-cdcd-4333-8d69-27dbe971640b', '"Affluent"', NOW(), NOW()),
('a211f7bb-eced-452c-85fe-cd98b28cd5c5', '7f7e226e-5917-4fcb-ae5f-a01f0234b781', '0f715778-2891-45af-8cf2-43096aba9a7b', '"Bangkok"', NOW(), NOW()),
('452edadc-20b3-4a4f-8703-4b280be325da', '641a7c7f-e969-413a-8ca8-223703d41313', 'add991df-4a88-45cf-a9c1-18a8be96fc56', '56', NOW(), NOW()),
('8c6b34b9-8c7b-48b5-b85a-9ee3071dd06b', '7b6fd903-7584-428d-9a57-ba75d933258b', '0d8bcd56-cdcd-4333-8d69-27dbe971640b', '"Affluent"', NOW(), NOW()),
('9d9d7535-352d-4cca-bf02-d9aea0b37616', '49d10ecc-b275-4bfd-956d-7d5c8fadd30d', 'add991df-4a88-45cf-a9c1-18a8be96fc56', '57', NOW(), NOW()),
('68e78d05-6424-4ebd-887f-43c48cf56abd', 'd4cafbbb-7f7e-480c-9e25-3482cd5e185d', '0d8bcd56-cdcd-4333-8d69-27dbe971640b', '"Young Wealth"', NOW(), NOW()),
('b035bfc6-a8f0-42cd-a22b-5e76addbd4cd', 'cc3ac7e8-e66c-46dd-87ef-1d6d35a9616a', '0d8bcd56-cdcd-4333-8d69-27dbe971640b', '"SME"', NOW(), NOW()),
('9d6930cf-51d5-4277-ac4e-174fcb58e5e8', '0799e666-8843-4b5c-86ea-121b01690013', 'add991df-4a88-45cf-a9c1-18a8be96fc56', '31', NOW(), NOW()),
('f5bdfeab-8887-45e7-b84f-e51096d295dd', '9dce3fab-c5bc-436e-931c-2a0d671027ce', '0f715778-2891-45af-8cf2-43096aba9a7b', '"Northeast"', NOW(), NOW()),
('0de532b6-a577-4924-b3af-27e4969d5b50', 'faede900-f3e3-4568-87e4-6bba962e0928', '0f715778-2891-45af-8cf2-43096aba9a7b', '"Northeast"', NOW(), NOW()),
('1db22a59-3f39-40fe-96e4-9e2752cf45b2', '9f89548e-2610-4980-b5af-35a3ac234856', '0f715778-2891-45af-8cf2-43096aba9a7b', '"Bangkok"', NOW(), NOW()),
('4d978857-c46e-4762-9735-115ab7fe48ac', 'a73a05a0-81cd-42ea-8243-06f826360500', '6a4bc7c1-c99c-4338-adfb-c542f7ab5cbf', '2', NOW(), NOW()),
('79dda213-7060-4b7a-9acc-ca124601dc7d', 'e544ddf6-fef4-4bc7-bbd2-5430c76c8a8d', '0d8bcd56-cdcd-4333-8d69-27dbe971640b', '"Mass"', NOW(), NOW()),
('97dced35-142f-487e-8e13-4b2f89ffb842', '7ad2e4b5-8f56-4d85-b07a-f9dbaaa7102d', '0d8bcd56-cdcd-4333-8d69-27dbe971640b', '"Young Wealth"', NOW(), NOW()),
('5c5ba449-64a8-400c-85a2-1f30f87c5296', 'faee0419-315c-4819-acf6-6f8cfebfc833', 'add991df-4a88-45cf-a9c1-18a8be96fc56', '62', NOW(), NOW()),
('2d601fc1-a58e-41bb-bee4-d3d0ab3c694b', 'ee0477df-cb42-4d11-936c-1a378180081d', '0d8bcd56-cdcd-4333-8d69-27dbe971640b', '"SME"', NOW(), NOW()),
('d3b84088-594b-45d5-834b-d5e597a5ff21', 'eadef4d2-9788-4440-a372-cd1456c674d3', '0d8bcd56-cdcd-4333-8d69-27dbe971640b', '"Affluent"', NOW(), NOW()),
('ac737fa2-f681-4009-9386-226c61fd131a', 'cd035ba3-4f9b-4e12-8ccb-9406e2fbe3e3', '0d8bcd56-cdcd-4333-8d69-27dbe971640b', '"Affluent"', NOW(), NOW()),
('18430e10-a666-485d-9c78-5cdaab4d9321', '24eb0414-f5a5-4ab5-84f9-788d64e9862e', '0d8bcd56-cdcd-4333-8d69-27dbe971640b', '"Mass"', NOW(), NOW()),
('c0631005-f7ef-4e6b-8ab7-4056ee0637c5', 'f4a9b4bf-f6de-4c79-80a5-c5c590ac471e', '6a4bc7c1-c99c-4338-adfb-c542f7ab5cbf', '3', NOW(), NOW()),
('74fa29f2-612c-4291-96f1-4a96425742b3', '2c4db66b-45b5-4600-a15d-20d6ee9057e5', '0f715778-2891-45af-8cf2-43096aba9a7b', '"Northeast"', NOW(), NOW()),
('6973b3f8-ee19-47c6-9d15-9f54c52eae8c', '5e003feb-24ff-48d5-88f9-2bb2fc341001', '0d8bcd56-cdcd-4333-8d69-27dbe971640b', '"Affluent"', NOW(), NOW()),
('60185ace-b15d-4a10-a32e-d946f98744f2', 'e6fa6df1-e135-42a0-8074-84a78c5b33e6', 'add991df-4a88-45cf-a9c1-18a8be96fc56', '36', NOW(), NOW()),
('7c5ae119-a879-4e1d-8491-ec4016ea77e1', '0c8e062e-d275-4520-9d8b-75918f449497', '6a4bc7c1-c99c-4338-adfb-c542f7ab5cbf', '3', NOW(), NOW()),
('b5da474e-b1d6-4d43-bc65-e8445d839574', '4a09910e-3b4d-4d0d-af8f-76f761aba447', 'add991df-4a88-45cf-a9c1-18a8be96fc56', '65', NOW(), NOW()),
('f7e9f6da-aaa6-4b62-abfa-c8189e2d57c4', 'bc02bbaf-2c80-484c-afce-74cbd6e272e6', 'add991df-4a88-45cf-a9c1-18a8be96fc56', '40', NOW(), NOW()),
('81d7bc11-eaee-45a4-ba4c-e9adfcc6b27a', '48e798b3-8cdf-4eff-9433-ae07c6f6c52d', '6a4bc7c1-c99c-4338-adfb-c542f7ab5cbf', '2', NOW(), NOW()),
('769e34ce-f2c2-482f-91d8-230922663484', '2bbc46db-5157-458d-b9a9-2aab584d0429', 'add991df-4a88-45cf-a9c1-18a8be96fc56', '21', NOW(), NOW()),
('e6344d5e-837c-4c11-ba40-2225a867dce7', 'e6c82785-3214-4964-aa3c-def556ec63b3', '0d8bcd56-cdcd-4333-8d69-27dbe971640b', '"SME"', NOW(), NOW()),
('75ab9288-958b-44b0-8a93-c459c8d3f43c', 'da43a017-24da-42bd-a319-699f13fd1143', '6a4bc7c1-c99c-4338-adfb-c542f7ab5cbf', '3', NOW(), NOW()),
('4257d5e8-6e24-4ec6-ad89-d498c384018d', 'b4dd4751-a5a9-4670-bcce-02074e5b127a', '0d8bcd56-cdcd-4333-8d69-27dbe971640b', '"Mass"', NOW(), NOW()),
('4b80b53b-0a18-4558-9e97-2a2b24d0b926', 'bfe09edb-a154-429b-93ac-c6be162defb7', '0d8bcd56-cdcd-4333-8d69-27dbe971640b', '"Affluent"', NOW(), NOW()),
('9bfc85c5-e171-4f97-af49-1efb6f694b17', '0b8cc8e8-b711-4bb7-b2ff-6b7433ffa841', '6a4bc7c1-c99c-4338-adfb-c542f7ab5cbf', '3', NOW(), NOW()),
('ecba4659-c422-4ac4-94c8-cf3d24b0e0e7', 'b51f410b-4e50-417b-a1b4-a3bde738d4f6', 'add991df-4a88-45cf-a9c1-18a8be96fc56', '57', NOW(), NOW());

INSERT INTO schedules ("ID", "DECISION_RULE_ID", "PLACEMENT_ID", "RECURRENCE_TYPE", "EFFECTIVE_FROM", "EFFECTIVE_UNTIL", "IS_ACTIVE", "CREATED_AT", "UPDATED_AT") VALUES
('8ecfc55f-1f28-4db3-ba1a-806268e4d726', '0d66bb60-7ab5-435f-ad04-3dca9748e8b9', '0779aa1a-3428-46c8-8099-0bfaefc398a0', 'ONCE', NOW() - interval '12 day', NOW() + interval '157 day', true, NOW(), NOW()),
('04a1869c-9a3a-47a0-ad48-988a61bba2d1', '7935602e-0f4f-4f6e-a8af-8929d38c83c8', 'f40c0495-cc1b-404e-b4f3-d393f8c9b3ae', 'ONCE', NOW() - interval '30 day', NOW() + interval '164 day', true, NOW(), NOW()),
('3a0efe08-8ab0-484c-ad99-99ed7e6394c0', '4318d2b8-5747-446e-9d0d-be44d1061017', '875f8156-ce36-48bf-b398-7c7bf5d1edf2', 'ONCE', NOW() - interval '45 day', NOW() + interval '159 day', true, NOW(), NOW()),
('636dde6b-389f-4275-86a4-dc72312846af', '70c4bc35-a76d-43ed-86b3-3efba7f9f69b', 'edd998fb-0520-4c6e-b364-bd8484ddad30', 'ONCE', NOW() - interval '30 day', NOW() + interval '346 day', true, NOW(), NOW()),
('031a9d2e-8420-44d3-a194-610a4beea4c9', '22229e0d-5ffa-4b2a-8b9b-eb90296aadf9', 'aa8aba7e-379e-4b1e-9f24-8ff546d37eee', 'ONCE', NOW() - interval '7 day', NOW() + interval '202 day', true, NOW(), NOW()),
('a2dbe1f8-4243-4921-98cc-8753f638a8cc', 'a7a02fb4-5793-436e-bb59-32c8fbf76278', '21991c05-f90a-4903-bc0a-811f54c1d4ad', 'ONCE', NOW() - interval '19 day', NOW() + interval '186 day', true, NOW(), NOW()),
('ad224163-7643-4b17-8005-05b74ff7bcf4', '8472b8ec-753f-4002-86e3-fa4d60ae3449', '42b3d660-2e18-4164-8357-2ae416227e0b', 'ONCE', NOW() - interval '2 day', NOW() + interval '346 day', true, NOW(), NOW()),
('b0f5bbb2-8596-4660-be55-e0538510402d', '08046b1b-0d6f-4155-9625-2d5fca266823', 'fc0bce32-bf89-4f40-9e13-6d072f93ba7a', 'ONCE', NOW() - interval '13 day', NOW() + interval '265 day', true, NOW(), NOW()),
('99fba7a4-1d32-40ce-b156-0db41e2e47d5', 'd40c2f4f-b11a-4b8e-b95e-0d8616e76d66', '65f71a59-5d29-4077-bef0-9a231951d221', 'ONCE', NOW() - interval '43 day', NOW() + interval '301 day', true, NOW(), NOW()),
('14d1b43f-8889-425b-a884-72ce9dd0f90a', '5e8cf922-be4f-4e27-9dfe-6c31c7430b17', '10b8bf64-db5d-4320-b3a1-084e1cf5d500', 'ONCE', NOW() - interval '17 day', NOW() + interval '147 day', true, NOW(), NOW()),
('7d99c76e-bbce-46ae-97a5-1be4864b5c49', '81997195-69ac-4f87-ab8b-23301c1e4765', '2f3da93b-dc4c-4532-be7f-fcda56192a24', 'ONCE', NOW() - interval '11 day', NOW() + interval '250 day', true, NOW(), NOW()),
('c4e1be16-423c-4dfe-8be1-6380764c2e0d', '7c7594c0-db13-43ed-816d-e21f517eda6c', '486cc180-83d0-46a2-8e18-902e35df2920', 'ONCE', NOW() - interval '5 day', NOW() + interval '293 day', true, NOW(), NOW()),
('9ee239d6-4c66-48e9-9077-d43c1746a34f', 'ce63398a-4f20-420c-9b49-06bdd0d6de83', '2d908c41-6b24-40d7-83cc-f6a70f5bd9f2', 'ONCE', NOW() - interval '11 day', NOW() + interval '313 day', true, NOW(), NOW()),
('4bd9714b-8622-4de0-8a0d-c3edb899650c', '62bad77e-8e81-44ca-8bc0-add144a091a6', 'f51f1de0-671d-43da-89d2-a7e92f206d71', 'ONCE', NOW() - interval '40 day', NOW() + interval '207 day', true, NOW(), NOW()),
('4609174e-d7ae-4b0c-82bc-f0db49c48167', '6a19808c-c64d-4e55-b6f2-0cb606b5f295', '76959e0c-5222-4f3a-b692-50d047ca7fdc', 'ONCE', NOW() - interval '10 day', NOW() + interval '234 day', true, NOW(), NOW()),
('52e27c4d-6f9d-4f38-9302-7c0fc5196b28', '61c72a6c-87b2-4158-a324-baccd86f06f8', '7297b368-3b4b-4ab4-9984-2f86e3301acd', 'ONCE', NOW() - interval '6 day', NOW() + interval '169 day', true, NOW(), NOW()),
('a1ed7fd2-b1a3-4a8c-97b2-f00af41c2811', 'd98ffd51-cb73-4cd9-b152-105ec4d8b815', 'c3296a6b-e2d1-4daa-8ee7-5d4f5195ae5a', 'ONCE', NOW() - interval '21 day', NOW() + interval '311 day', true, NOW(), NOW()),
('834a8261-1af0-4304-9d8c-c05f90f530e7', '0e940dd1-65f0-4b7c-8c13-b0bcf51759da', '5547d7d8-877f-4667-818e-c5ba73c489e2', 'ONCE', NOW() - interval '32 day', NOW() + interval '336 day', true, NOW(), NOW()),
('071c9e4f-84f2-4cc0-95bf-ab9b50a64540', '2359c702-91c0-498d-9cfc-5008281d4af8', '4eca5643-0e90-4feb-8ee3-e6baf58a442f', 'ONCE', NOW() - interval '8 day', NOW() + interval '340 day', true, NOW(), NOW()),
('6b00ee51-d087-4b67-a506-9c8c94a2178e', 'ac85f0a1-4694-4211-8edf-98ccc06bef01', '12cc8d20-1667-4a1f-87b5-5a0567902e8b', 'ONCE', NOW() - interval '22 day', NOW() + interval '138 day', true, NOW(), NOW()),
('1b337f52-123c-49db-b101-bb9e83435e84', '8ebb8ebf-f69c-4777-ae40-426cf506c876', '18f41131-2f90-49cf-9401-54f3143460ac', 'ONCE', NOW() - interval '27 day', NOW() + interval '316 day', true, NOW(), NOW()),
('24fc663c-5585-4b9c-9612-540d1b9f0e84', '7edc806c-3d6a-4935-a7f1-f503ad4e03ad', '5540537e-1fab-41e5-ae67-8532e482f9a1', 'ONCE', NOW() - interval '29 day', NOW() + interval '162 day', true, NOW(), NOW()),
('6bbf31d8-27f7-436d-82f4-e1f7846abfaa', 'e8c8e133-4ab5-49cf-9429-d1beffb00f4b', 'b28f744f-b5ba-4d91-b135-e8879a52814f', 'ONCE', NOW() - interval '28 day', NOW() + interval '231 day', true, NOW(), NOW()),
('f7885191-395a-48a0-a469-1f9bbd3a4d0f', '259263ae-d0f3-4f39-b882-fed08d9ae84c', 'dc9195ab-9b06-4266-8d9c-c00eda4dfd2b', 'ONCE', NOW() - interval '1 day', NOW() + interval '174 day', true, NOW(), NOW()),
('fd91712e-88a3-4bc6-b6c8-42907ea239a1', 'c59fdf86-c0e3-4dbe-87bd-e4b119fa90c4', 'cc56516f-597a-4cdb-bd0f-6305334ff32f', 'ONCE', NOW() - interval '32 day', NOW() + interval '333 day', true, NOW(), NOW()),
('354c7cae-13cf-48eb-8cdb-fdf43dc9d36a', '67cbe696-e3db-4090-b784-d8c1aa52c647', 'bf7c95fb-a535-4cad-9c53-f10866ad709f', 'ONCE', NOW() - interval '41 day', NOW() + interval '223 day', true, NOW(), NOW()),
('27bad296-088b-4c59-a278-18fb14bcdfb9', '31e54117-0773-4164-9d2c-72f52c9e80f4', '13160204-be07-40e1-b4b5-8b9eeac0be5f', 'ONCE', NOW() - interval '23 day', NOW() + interval '94 day', true, NOW(), NOW()),
('5e1a24d0-7ef0-4cda-924a-06169fff1191', '00ba643e-d195-4172-b330-cd0f97be7f39', '3136e6e3-5fcf-48b1-ac8d-92b6276b22d4', 'ONCE', NOW() - interval '25 day', NOW() + interval '336 day', true, NOW(), NOW()),
('616c5647-32c1-4006-ae70-2b012947a48a', '6f4d0fff-0db3-4b62-ad28-a3d4ffcc7578', '2a1f598a-449b-441a-b83c-2d2e20645845', 'ONCE', NOW() - interval '35 day', NOW() + interval '218 day', true, NOW(), NOW()),
('1ab5fc53-ccdb-4b91-b69a-457d92e87ebf', '0911c2a4-8c95-4ac1-ba5f-0d3018b4b329', '2620a2ad-59bd-41c5-813a-906fbc5b4c7d', 'ONCE', NOW() - interval '22 day', NOW() + interval '197 day', true, NOW(), NOW()),
('75917b80-fd2a-46e5-a2fe-a4b0acc00a78', '3ffcae51-30e0-4270-9b90-cf6de8bb90e3', 'ba373a0c-c58b-4300-8bde-ade2e542b9ee', 'ONCE', NOW() - interval '41 day', NOW() + interval '332 day', true, NOW(), NOW()),
('2266bf9c-d8f6-4d76-9f13-c0fef03aa53e', 'abda277c-af23-4824-a333-e42aa1142099', 'ab56e840-e30d-4073-b343-3510f6513f05', 'ONCE', NOW() - interval '16 day', NOW() + interval '359 day', true, NOW(), NOW()),
('1d5fe1d1-9140-4637-b1fe-df3a467f90a3', '5c6f231f-a261-428a-908e-b363fef1b2ce', 'a612b34b-e16d-42d2-a75c-64f3a8846454', 'ONCE', NOW() - interval '27 day', NOW() + interval '191 day', true, NOW(), NOW()),
('0f594cbe-fbf8-4a63-8a8e-e14e2f7963d5', 'c376d074-9e95-4878-b681-13d52b309f00', '8e4828f1-f1cf-4bdd-b585-fdcbc10076d6', 'ONCE', NOW() - interval '33 day', NOW() + interval '147 day', true, NOW(), NOW()),
('691802e6-53ca-4f07-a6cc-7c25c8aad56a', '23d421fd-f6e6-4e98-81dd-1e5378ff2113', '9fe2ee78-e551-46ab-a9b9-38fbe6f2a956', 'ONCE', NOW() - interval '30 day', NOW() + interval '160 day', true, NOW(), NOW()),
('675ede1a-4b11-46c1-a9ae-b4daa87a0079', '9a60c18d-e2dc-4fa7-aa2e-e002f6775672', '21cb73b3-1fc9-48ac-9bdd-100a41f4408c', 'ONCE', NOW() - interval '20 day', NOW() + interval '168 day', true, NOW(), NOW()),
('b88278f5-d7f0-4773-b52c-cc31f7074f83', '5ddc3611-c303-4d30-969f-a66bdd6757b7', 'f4fbcb76-f36d-476c-bc0a-1365dc43227f', 'ONCE', NOW() - interval '27 day', NOW() + interval '109 day', true, NOW(), NOW()),
('c8ec2879-7a25-47d4-8eb0-2ab44b6ab3ef', '707cb89a-e5e3-4800-9b33-881289acf755', 'c952f48e-5504-4804-bd1f-f93e74939e33', 'ONCE', NOW() - interval '35 day', NOW() + interval '315 day', true, NOW(), NOW()),
('2de7374c-4e99-443d-8c75-99408d34cbb7', '1c6ea2e8-9bc4-4d68-aa21-fe9d327448e7', 'be96fffe-28fa-4b21-b068-ce18d1bdbe31', 'ONCE', NOW() - interval '35 day', NOW() + interval '361 day', true, NOW(), NOW()),
('5f90dc3e-d362-4726-ac3a-1285142e81cd', '0d9b569f-6c43-4989-a026-4025518449a5', '92bb7aab-156f-4b48-b064-df857720e91d', 'ONCE', NOW() - interval '8 day', NOW() + interval '352 day', true, NOW(), NOW()),
('216365f2-5ad7-432c-a43b-5cccb41924cc', 'b7b44f83-085a-4b2f-8dce-f2754e8ab869', 'df361d98-3ac3-49c1-abc5-1bd4b43c0b96', 'ONCE', NOW() - interval '18 day', NOW() + interval '220 day', true, NOW(), NOW()),
('006e5cf0-ab00-4843-b7f9-21f2bcda8efb', '2403f3db-5794-42f7-bcce-6dda105f3b60', '7bf784ca-efd6-465a-9a6f-a83d5a988717', 'ONCE', NOW() - interval '24 day', NOW() + interval '346 day', true, NOW(), NOW()),
('59c2047b-bad1-47b8-930f-b56c197a6ffd', 'b77ad88d-7170-44b7-8dc0-b7766274f933', 'd443f44c-f427-4fb9-897c-be717f492c09', 'ONCE', NOW() - interval '5 day', NOW() + interval '211 day', true, NOW(), NOW()),
('caf19341-6b6e-4469-9ffd-8357d20b172c', 'a482a1c7-6a0a-48cb-ad3a-c84704905dfe', 'ba8de2c5-d666-4a57-8fb5-90cb24bc2aa5', 'ONCE', NOW() - interval '26 day', NOW() + interval '92 day', true, NOW(), NOW()),
('200d7f48-7c8d-4596-97dd-5208f7849590', '84e32590-3a3b-478b-b8ea-caa4f21f5982', 'b5f62712-8dfb-4bf6-95c1-6a6c56ad9454', 'ONCE', NOW() - interval '16 day', NOW() + interval '248 day', true, NOW(), NOW()),
('556ec2a5-3592-450d-a29f-4858614aded0', '25892a1a-f6d8-4cb9-8618-1695266194ce', 'b739cb20-1908-49aa-aed5-3f06b543d947', 'ONCE', NOW() - interval '17 day', NOW() + interval '215 day', true, NOW(), NOW()),
('7a794a07-6368-4389-883c-c348d1fddf18', '92dd369b-d832-4e98-b8e7-f52223df9fe4', 'f4aa3e93-e532-4a49-a01e-45c9fcd6cfc2', 'ONCE', NOW() - interval '37 day', NOW() + interval '144 day', true, NOW(), NOW()),
('77a4ea78-afb6-47ad-bdc4-ee26fdf4e258', '6fb2a494-c70e-4cd8-a7f0-e786273a0297', '1bf1c3ec-2516-42f1-93e1-031123d00f53', 'ONCE', NOW() - interval '16 day', NOW() + interval '182 day', true, NOW(), NOW()),
('4129abe0-35be-4fca-8dec-56079bd871ed', '8394d040-9a06-463a-b554-c032e2fe22e5', 'c68da36d-5be9-4f53-b324-fb5b7d1d2875', 'ONCE', NOW() - interval '39 day', NOW() + interval '311 day', true, NOW(), NOW()),
('f20e151b-7181-479d-9d35-f7f3ac72f92c', '470821f9-4e58-4b05-aa02-c2e56cb15887', '2235dc36-4887-4da9-9420-27ec84a572e4', 'ONCE', NOW() - interval '1 day', NOW() + interval '282 day', true, NOW(), NOW());

-- +goose Down
DELETE FROM schedules WHERE "ID" IN (
    '8ecfc55f-1f28-4db3-ba1a-806268e4d726',
    '04a1869c-9a3a-47a0-ad48-988a61bba2d1',
    '3a0efe08-8ab0-484c-ad99-99ed7e6394c0',
    '636dde6b-389f-4275-86a4-dc72312846af',
    '031a9d2e-8420-44d3-a194-610a4beea4c9',
    'a2dbe1f8-4243-4921-98cc-8753f638a8cc',
    'ad224163-7643-4b17-8005-05b74ff7bcf4',
    'b0f5bbb2-8596-4660-be55-e0538510402d',
    '99fba7a4-1d32-40ce-b156-0db41e2e47d5',
    '14d1b43f-8889-425b-a884-72ce9dd0f90a',
    '7d99c76e-bbce-46ae-97a5-1be4864b5c49',
    'c4e1be16-423c-4dfe-8be1-6380764c2e0d',
    '9ee239d6-4c66-48e9-9077-d43c1746a34f',
    '4bd9714b-8622-4de0-8a0d-c3edb899650c',
    '4609174e-d7ae-4b0c-82bc-f0db49c48167',
    '52e27c4d-6f9d-4f38-9302-7c0fc5196b28',
    'a1ed7fd2-b1a3-4a8c-97b2-f00af41c2811',
    '834a8261-1af0-4304-9d8c-c05f90f530e7',
    '071c9e4f-84f2-4cc0-95bf-ab9b50a64540',
    '6b00ee51-d087-4b67-a506-9c8c94a2178e',
    '1b337f52-123c-49db-b101-bb9e83435e84',
    '24fc663c-5585-4b9c-9612-540d1b9f0e84',
    '6bbf31d8-27f7-436d-82f4-e1f7846abfaa',
    'f7885191-395a-48a0-a469-1f9bbd3a4d0f',
    'fd91712e-88a3-4bc6-b6c8-42907ea239a1',
    '354c7cae-13cf-48eb-8cdb-fdf43dc9d36a',
    '27bad296-088b-4c59-a278-18fb14bcdfb9',
    '5e1a24d0-7ef0-4cda-924a-06169fff1191',
    '616c5647-32c1-4006-ae70-2b012947a48a',
    '1ab5fc53-ccdb-4b91-b69a-457d92e87ebf',
    '75917b80-fd2a-46e5-a2fe-a4b0acc00a78',
    '2266bf9c-d8f6-4d76-9f13-c0fef03aa53e',
    '1d5fe1d1-9140-4637-b1fe-df3a467f90a3',
    '0f594cbe-fbf8-4a63-8a8e-e14e2f7963d5',
    '691802e6-53ca-4f07-a6cc-7c25c8aad56a',
    '675ede1a-4b11-46c1-a9ae-b4daa87a0079',
    'b88278f5-d7f0-4773-b52c-cc31f7074f83',
    'c8ec2879-7a25-47d4-8eb0-2ab44b6ab3ef',
    '2de7374c-4e99-443d-8c75-99408d34cbb7',
    '5f90dc3e-d362-4726-ac3a-1285142e81cd',
    '216365f2-5ad7-432c-a43b-5cccb41924cc',
    '006e5cf0-ab00-4843-b7f9-21f2bcda8efb',
    '59c2047b-bad1-47b8-930f-b56c197a6ffd',
    'caf19341-6b6e-4469-9ffd-8357d20b172c',
    '200d7f48-7c8d-4596-97dd-5208f7849590',
    '556ec2a5-3592-450d-a29f-4858614aded0',
    '7a794a07-6368-4389-883c-c348d1fddf18',
    '77a4ea78-afb6-47ad-bdc4-ee26fdf4e258',
    '4129abe0-35be-4fca-8dec-56079bd871ed',
    'f20e151b-7181-479d-9d35-f7f3ac72f92c'
);
DELETE FROM rule_attributes WHERE "ID" IN (
    '5fdb6542-6e3f-4701-b181-63c9fbabe870',
    '02ecdce5-ff43-4bca-89e8-37aaa5ed3a4e',
    'f68ee44f-871b-408e-ac1b-482d1edc426f',
    'ea151950-b732-4eea-9350-23e5a42b26f2',
    'f7c6b256-b15c-421d-9c60-e0a147d44a84',
    'ce35cc08-b6bd-4eaa-9ae3-c561a4f7606c',
    'fb36f38b-a068-4266-a7dc-169bbf5ee8f7',
    '56bbcc9b-53da-4374-8305-3ff1a5abac1a',
    '972b7013-6dc5-461c-b323-bb166d6a32b5',
    '1dc9a804-3969-434d-b808-2648c2e4eeab',
    '9106f0f8-d878-447a-8c9e-4fcb41220199',
    'ad35d784-c7ab-4d89-8a93-c39c89d59433',
    'c42253c2-d726-446a-9c7c-6813e7b96495',
    'cdb25840-7a1b-4e89-a283-cb7fb046c99d',
    '533f7502-edf4-43ff-b1a8-cf99025cf514',
    'e41a755d-4bce-43b3-b806-8503e85deb1f',
    '31052040-3af3-4331-a93a-70e38b31e864',
    '20613a6a-339f-47a6-a797-c6f91de80556',
    'd8d958d0-2778-4fb3-9f5a-a59d3734bb80',
    '59eec1b8-ba20-486a-8a28-6aa706223630',
    '47f7aaa4-9371-48a6-9ed7-2fbfd0379261',
    'f154a21a-77f4-4bdb-8451-6cad6f37cdcc',
    '7c4a5313-d238-463e-8177-00985c0ded1c',
    '3345a685-54ef-4f7c-9af9-cf261bfc2605',
    'e59c1e10-3a6b-45cc-8736-4472a3e3e7ac',
    'c454b2d4-5f2d-4c62-bde2-f3124829eeaa',
    '0d42bbbd-7903-4d90-917c-eda08927515b',
    '3cb52407-9014-4621-9344-61ac114543cd',
    '9e26a10c-645b-49f7-be53-e1fe6c074376',
    '462d4b02-fc13-48ad-9ac1-0d60bb425617',
    'ea243168-c2e1-484a-9e8c-ed76ee744afe',
    '2baf9512-ce02-4109-80cc-b4b50089ed0e',
    'c7961b1e-0c05-43ba-8286-0d8a1dfa9fb1',
    'e9d51d19-73db-4de2-ab8a-d290fd139a0f',
    '198ee6bd-75b7-419a-a863-0897d32b9ace',
    '0d4308b8-aadb-436e-a466-fa59df8a0829',
    'd1cf0dfb-e440-4e0f-9763-334e5dd9c009',
    '97c048eb-38de-4c2f-845d-7b9cc93c5df6',
    '490de9fc-631d-4fdc-b7b6-6742fd7b59d8',
    '9aada9dd-a0db-4f33-b5c1-0de7c444144b',
    '1dd212f9-8a9c-4a1e-9e8c-4eceb8fee9d2',
    'e957c2b1-22ff-4269-ab29-b6e87c0cda2d',
    '18bac0cc-cea8-4f03-897a-a29312452eb0',
    '835ca303-d441-4f68-b384-a1c939b6643b',
    '85fce66a-fc2a-4286-9185-2348d81c8e24',
    '9e5553e8-15b7-42d2-9a72-f0d5b59250fe',
    '422157cd-71bc-4991-b0ef-0c5e93df2b9b',
    '8c3cf416-ae01-4c91-b73b-ce397a02faa2',
    '8a038072-7f62-420c-9f72-ade3ecc46c3e',
    '54a3dda2-fbae-49d0-90ab-cee1dca33c85',
    '61a1c28c-6047-4fb8-955a-90c03e5090d4',
    '79980aaa-39c7-4926-96a0-e26e1abe94c9',
    '625ccbe1-1e7b-4318-b387-3b72c08fdcad',
    'cbb25612-346e-41c0-ae91-7c95110e6bb6',
    '8e2a796d-06e0-48a0-9c9f-bf210cec1225',
    '06f0ef81-ef90-45d8-899d-1b71c55f319f',
    'bedf5182-90e2-426f-b288-822a31d7f33d',
    'f15e5dec-5615-49ec-88ba-8dc7a9241114',
    '1a4d017e-149f-436c-ba01-8ec0127a8397',
    'e4f03c42-3e3b-412f-83f6-5f9efb360249',
    '40487499-c84a-4c02-a503-7e32a9b2e00c',
    'fd9540f8-ad2d-42fd-892b-8614f8e76629',
    'c01340a7-03d2-4d37-98d9-9542576a53a1',
    '3e0eff81-e7b8-4454-91d7-69eb1f74eac1',
    '6dfc1165-ab8e-49e2-bc62-0133604b4a06',
    '6edc9b63-6515-4a20-8cfa-976986083c2f',
    '1e615c60-281f-4245-bf0e-c01abe949235',
    'f1fafc18-4fe6-472e-9242-bab5b65d9cf7',
    'fb037355-fd74-4b3e-8ea8-4227f11ea119',
    'e649c998-78dc-4ce1-87b5-a1b4e71fd59f',
    'b95a3733-1831-475b-bda1-5e315f87b39b',
    'c580c08f-901e-42b7-9761-e6cc8e834c24',
    'd2f14869-439d-45fc-979f-5570228b5d9a',
    '231fa0f5-1ea8-4f04-a7f5-306417d10c4a',
    '17065aff-f05e-4ce9-9c7f-8cc63ce803f1',
    '31d514de-99f9-40d9-9602-06f61cb81d49',
    '0fe6cd44-f06f-4d99-8556-162b5ce27ea1',
    '476030e1-acde-4ea7-8183-04ee2093620e',
    'acffaaf1-ad12-4af0-bdb9-9d20a990b4fe',
    '9db9f4ac-3cf4-4dd4-bed7-2b3f2dfac4b6',
    'a0c68766-7739-4d45-9dbb-cde06caa825d',
    '25d8b39f-620a-4bac-9ecc-74fa69b2fda5',
    '29aabea9-fc63-47f4-8d91-c2860816f3a7',
    'b70b9825-0167-46d3-9d56-76e6d461bc68',
    'b2851793-af3e-4974-8889-dfa9d70863f9',
    'e3bb3233-0f3c-4cd9-9f42-96f69ca2cef5',
    '28c4e0a4-7bcc-4d78-8e1d-d2b9c358f177',
    '52bd6380-1b01-430e-b9b0-bafa5a300ae9',
    '6cbed06b-412b-40ea-83af-d01c3dd47486',
    '377c2749-e6ab-4a66-858d-4919b7069d31',
    '2ac252e1-0d33-4a05-a14e-ec70e00f9789',
    '06716d98-0113-48b4-9703-18ffe8d5eac5',
    'd1a9b22e-61c8-45e2-8f11-ed8349c524fd',
    '4356f80d-60d7-45cc-9dca-67bdde008d0f',
    '5291e5a1-8b35-4fcc-871f-87ea8b367bd3',
    'c70db717-5ace-4041-8c01-fda0a923c8b9',
    '772dbbcd-f04c-4b09-910b-17df6a73ab30',
    '69cc7b99-4ee9-4b9d-8344-fe97ef7db05c',
    '11360203-538b-414e-8634-821268330bd1',
    '80b61aa3-91be-485b-ba0b-6399c151a459',
    '43d0d909-0a4a-4185-a513-722b90e75ad4',
    '03e2e6f1-c4df-4152-96b0-545936df8db2',
    'e63e4947-1ee5-44dc-af7b-2e8974e37b5f',
    '261bc0f9-ce0d-4327-82a3-3787eb4adecc',
    '1ea744e3-a14a-486c-9b91-7d545e1c26a8',
    'c90089a9-433c-4748-9172-2634af65d0df',
    '0cfa5a2e-d46a-4db9-8cab-624592f6d2ee',
    'a97d0eb2-b76e-4584-a2a4-d1700b39aee3',
    '7a15b1cb-7171-40ed-a3dc-2d64f639bda1',
    '12b3bcca-370e-459e-87cd-5c5c4541089d',
    '2f16edd8-71c4-4e48-98c4-4f646a6b976f',
    'c76bd4d2-fcea-464e-9b8a-28e5189228ac',
    '3b1b1528-4a15-45e2-a66d-b05d745e5875',
    'a211f7bb-eced-452c-85fe-cd98b28cd5c5',
    '452edadc-20b3-4a4f-8703-4b280be325da',
    '8c6b34b9-8c7b-48b5-b85a-9ee3071dd06b',
    '9d9d7535-352d-4cca-bf02-d9aea0b37616',
    '68e78d05-6424-4ebd-887f-43c48cf56abd',
    'b035bfc6-a8f0-42cd-a22b-5e76addbd4cd',
    '9d6930cf-51d5-4277-ac4e-174fcb58e5e8',
    'f5bdfeab-8887-45e7-b84f-e51096d295dd',
    '0de532b6-a577-4924-b3af-27e4969d5b50',
    '1db22a59-3f39-40fe-96e4-9e2752cf45b2',
    '4d978857-c46e-4762-9735-115ab7fe48ac',
    '79dda213-7060-4b7a-9acc-ca124601dc7d',
    '97dced35-142f-487e-8e13-4b2f89ffb842',
    '5c5ba449-64a8-400c-85a2-1f30f87c5296',
    '2d601fc1-a58e-41bb-bee4-d3d0ab3c694b',
    'd3b84088-594b-45d5-834b-d5e597a5ff21',
    'ac737fa2-f681-4009-9386-226c61fd131a',
    '18430e10-a666-485d-9c78-5cdaab4d9321',
    'c0631005-f7ef-4e6b-8ab7-4056ee0637c5',
    '74fa29f2-612c-4291-96f1-4a96425742b3',
    '6973b3f8-ee19-47c6-9d15-9f54c52eae8c',
    '60185ace-b15d-4a10-a32e-d946f98744f2',
    '7c5ae119-a879-4e1d-8491-ec4016ea77e1',
    'b5da474e-b1d6-4d43-bc65-e8445d839574',
    'f7e9f6da-aaa6-4b62-abfa-c8189e2d57c4',
    '81d7bc11-eaee-45a4-ba4c-e9adfcc6b27a',
    '769e34ce-f2c2-482f-91d8-230922663484',
    'e6344d5e-837c-4c11-ba40-2225a867dce7',
    '75ab9288-958b-44b0-8a93-c459c8d3f43c',
    '4257d5e8-6e24-4ec6-ad89-d498c384018d',
    '4b80b53b-0a18-4558-9e97-2a2b24d0b926',
    '9bfc85c5-e171-4f97-af49-1efb6f694b17',
    'ecba4659-c422-4ac4-94c8-cf3d24b0e0e7'
);
DELETE FROM rules WHERE "ID" IN (
    '3b310a55-610d-4c0f-9509-118c956efabd',
    '3266b137-310c-4e24-b4f2-dc2c22103e9e',
    '2aa7470e-2b91-474f-bac5-762113bd1be1',
    '9441d812-e223-496e-8582-2c5f287a5eb1',
    '17021bef-4daa-460c-9ab5-b1f86bfa2c2b',
    '586f6db4-b5d2-48e6-8562-6559fd4f38af',
    '063121f4-987d-4ee5-9944-d164ed786ba0',
    'cbeaae56-ee51-4a2b-9f5b-f92500b6f351',
    '9283aeb4-503f-4878-8aa0-9a97bd59bda1',
    '4305d293-bf98-42d6-8be4-97c5b7d45e53',
    'd6b73b69-cc21-47d3-9166-c4a0b61941c9',
    '2d1728fb-d8df-4064-a329-333550decd82',
    '7bc1834c-66c7-40b0-8ded-492fe7f631d0',
    '6d979f91-a3ad-4fed-98c4-d017fd44a9a8',
    '87c41ead-e9c5-40f0-9b5b-c959e0394a70',
    'f1819f77-90d5-49fd-af8c-b190eea213cb',
    'e87357bb-6346-4c2b-9f1e-1303935f7ede',
    '68dad79f-1e9f-40e0-9101-01bb8b5fae7f',
    'dde2bce9-7adb-4c0c-b9a5-176e094749fa',
    'b4c075d8-ca4d-4a78-bae1-e014b92f7b83',
    'a29b8841-ded3-4fb1-9d10-407ff4d733f2',
    'd770ff61-a1b4-4e9b-a27a-06cd8241d9b4',
    '63a3aaaa-a715-4ef8-9d2d-2a108330f2b6',
    '3485b760-6395-45b7-b3d6-51c6cbb7ba8b',
    '3535cff1-34f0-402e-95e6-d884a20b7f74',
    '7edbf5c5-13ef-4773-8153-6d8f44a5edc6',
    'abb95966-af94-46f5-baf6-267738d4de6f',
    'ec504147-3158-4b6a-97d4-11b257e5ee80',
    'd84396bd-92a1-494d-b577-6de8b40597bb',
    '150d9821-8d22-49d2-ba93-d76e063af418',
    '6a30e285-327c-46fe-9f76-e77c0aa4a760',
    'd60b1938-d05e-48cf-9270-aa1a66868a11',
    '8834701f-6ddc-4925-b17a-a59a902f2b45',
    'd0e584d2-b807-4251-8b9b-4908243e96d6',
    '414df4dc-d678-4359-ad11-816ea601ba6e',
    '26eb71a1-0936-4589-85cc-997fef1ee59b',
    '7de170da-2527-400a-88db-fa15120db0c9',
    'a3409f02-61ae-45bf-a381-473b31f17892',
    '72bea00a-e06e-4787-ae1f-f3c88418dc30',
    '88e06979-cbdb-4a09-a415-d50aaa278257',
    '5731fcd4-8353-4879-9a77-cde50a66eabc',
    '7b4da5bc-7770-4e3a-958b-b5999ba5dead',
    'a29cb8f4-8c56-4eee-8a3d-1b56b7436221',
    'b37f0f05-a9ba-47b0-a378-c58e87f8e536',
    '5a588ee4-0d38-4131-809b-e0027a83c3a5',
    '272cc67d-8c20-4cbd-85b3-7dd9b9cc68a9',
    '14399457-7edb-42a4-840e-40922a3588c9',
    '5ceba55f-442c-4b34-977f-5661d315fa8c',
    '95422ff7-8f13-465e-a719-99440ec64d00',
    '2f7225f3-cbe9-41cc-b897-31703cfd2942',
    'ca16e278-2dd9-4ff2-9372-2578ba99eb41',
    '0bda5605-64bf-419c-a7d6-9edf3a1b301b',
    '9488296d-ef96-4d82-a323-24a9f1ead5a7',
    '33118bb5-4b4a-45b5-9266-4a698726bbb4',
    'b6f9ad29-29ec-4af0-a9cd-707e8c245e63',
    '118f4e8b-5b2b-484d-9214-f3f499ccc62a',
    '5ff7029f-b214-4e43-bbf7-e23876b55d16',
    '6502663b-a408-46a6-b74c-a4ec84c71881',
    '97318674-32f0-4ab6-ac8b-48393e0f1924',
    'ef0f726b-821b-4dba-adb5-2f7f03dc1e23',
    '331ab020-cd67-455b-9c92-8a0e82f766b7',
    'bf51204c-cde5-42bc-95e1-c21679c29a03',
    'd3027fd5-bc9c-4030-96ec-ba3c95ac4695',
    '19ca9fb4-df5c-41b0-b52c-346770e078da',
    '0deafd9d-9196-40f1-b000-909d0a415285',
    'f331f56c-c033-4817-99ba-1bda8c53baec',
    '53894eea-017a-495d-8ef3-c93c861d8b3c',
    'e02e7f27-297f-4950-848f-516fa3f3bc10',
    'd5f19585-527f-4e56-925f-7d8b39d3a495',
    '1991f560-6494-4d11-b5bc-484b818d28fa',
    'c20dad90-3a1e-4165-ae33-02c03e8cbf27',
    '50017848-bf0d-4bfd-be15-313abfb548f3',
    '99b07021-1edf-42f9-ad0f-dc1c7c4e4d8a',
    '39a5730d-8eb2-469b-a619-15edd61e3ed2',
    '2c75a60c-32b1-4878-a6bd-87681c07e496',
    'dab8088e-e20e-4003-89d7-fe2b2335d48c',
    'bffec25f-1946-49c7-b2db-6da7392eed9e',
    'ea7f9fe6-8eb4-495a-b9c2-2c7ab618248b',
    '5b361367-2a1a-4f18-94b4-4e4dd736aada',
    '416a1f9d-5839-4420-ab7e-0ee27339bed8',
    '90e78741-bc08-4272-8e60-6b50b0e10758',
    'ac84783a-d5c4-414e-8676-cde0feefb8ad',
    '057a2234-2185-4a7a-896d-3086a4aeb7f3',
    '0a9d44b6-95cc-4ac0-b2d1-f37387e5fef8',
    'c154a024-fcbd-4f29-8160-763df519e175',
    '803e82c0-f366-4346-933e-d65aaf2d1daa',
    'df6b8085-1d59-41ad-9500-47e9abcc93f1',
    '631d6841-9257-44b2-919c-15b2ed526dda',
    'cddde5eb-2ff7-49b8-932e-4ca6bbe91ce2',
    '751a85be-e238-4fd5-873f-edffcf7ca142',
    'bbd07def-0b96-4375-8715-0802942e28e6',
    '81d02cfe-38bd-4f17-b48b-d5368d023a7c',
    '30b38b0d-79bc-4fbb-bd10-ae0a6790c43b',
    '8f8570e2-161c-4688-a3c9-32ff9c071ad1',
    'ad914899-1095-4ab2-9cc8-4bdf6b0eaec7',
    'a6379179-1446-4e24-ba15-88fc89d0690b',
    '1f4e957b-062a-4743-ae0a-1b50b173046b',
    '84ab747c-ce2e-43d8-b262-a9fae1bd641e',
    'e4800471-0594-4571-a826-2962a9bf24d8',
    'b658e6d6-baa6-49a3-ad1b-d84d38ddedcd',
    '4b656c69-32bf-4d3f-9ad2-db177c9de6b7',
    '45e24974-cbdd-4e8c-9990-9e17c3cad47a',
    '1ea41533-c1c6-4bcc-9b69-478c7ca10aff',
    '546ef642-f509-4edc-bda8-d6413b827f17',
    '49455446-7bed-456b-9a87-d546354b2ef8',
    '959a938a-55a5-4721-8c9f-fdc2728dbf89',
    'fe1cd1f0-f6a6-498b-aab3-1a98d1f53412',
    '469e9302-0374-4bc3-a6da-0381567c70a2',
    'e5a04bb0-1451-421e-abc5-4ddb82f1b28c',
    'bdb7174f-7609-47a3-aae5-03dcf073e96c',
    'b4102566-d9f8-428f-9a04-364309987578',
    '88887700-70c4-4135-912a-f6cacb624e0c',
    '4011e6ae-1b1f-48de-a8a0-2945f642ee3f',
    '7f7e226e-5917-4fcb-ae5f-a01f0234b781',
    '641a7c7f-e969-413a-8ca8-223703d41313',
    '7b6fd903-7584-428d-9a57-ba75d933258b',
    '49d10ecc-b275-4bfd-956d-7d5c8fadd30d',
    'd4cafbbb-7f7e-480c-9e25-3482cd5e185d',
    'cc3ac7e8-e66c-46dd-87ef-1d6d35a9616a',
    '0799e666-8843-4b5c-86ea-121b01690013',
    '9dce3fab-c5bc-436e-931c-2a0d671027ce',
    'faede900-f3e3-4568-87e4-6bba962e0928',
    '9f89548e-2610-4980-b5af-35a3ac234856',
    'a73a05a0-81cd-42ea-8243-06f826360500',
    'e544ddf6-fef4-4bc7-bbd2-5430c76c8a8d',
    '7ad2e4b5-8f56-4d85-b07a-f9dbaaa7102d',
    'faee0419-315c-4819-acf6-6f8cfebfc833',
    'ee0477df-cb42-4d11-936c-1a378180081d',
    'eadef4d2-9788-4440-a372-cd1456c674d3',
    'cd035ba3-4f9b-4e12-8ccb-9406e2fbe3e3',
    '24eb0414-f5a5-4ab5-84f9-788d64e9862e',
    'f4a9b4bf-f6de-4c79-80a5-c5c590ac471e',
    '2c4db66b-45b5-4600-a15d-20d6ee9057e5',
    '5e003feb-24ff-48d5-88f9-2bb2fc341001',
    'e6fa6df1-e135-42a0-8074-84a78c5b33e6',
    '0c8e062e-d275-4520-9d8b-75918f449497',
    '4a09910e-3b4d-4d0d-af8f-76f761aba447',
    'bc02bbaf-2c80-484c-afce-74cbd6e272e6',
    '48e798b3-8cdf-4eff-9433-ae07c6f6c52d',
    '2bbc46db-5157-458d-b9a9-2aab584d0429',
    'e6c82785-3214-4964-aa3c-def556ec63b3',
    'da43a017-24da-42bd-a319-699f13fd1143',
    'b4dd4751-a5a9-4670-bcce-02074e5b127a',
    'bfe09edb-a154-429b-93ac-c6be162defb7',
    '0b8cc8e8-b711-4bb7-b2ff-6b7433ffa841',
    'b51f410b-4e50-417b-a1b4-a3bde738d4f6'
);
DELETE FROM rule_conditions WHERE "ID" IN (
    '242c6c27-f64e-42d5-a399-ce807b885f0c',
    'c13f5f8f-594c-435d-80e0-fae007fc6b0d',
    '6711e3ba-ed89-4b1d-875d-98f3f740646a',
    'f328d4d3-0fde-4423-8a04-161ae89e3e47',
    '36f5dd27-16e2-42bb-85ab-f6674c6e59b2',
    'e6859d40-6f83-405c-a646-f84bf20dfe20',
    '5da5e1c7-5117-4bb1-b8d9-fa07ff3fba62',
    '5011b98c-b544-4b91-8acf-1adda36748e1',
    '2d3dc0d7-24a9-42a8-aa46-81deddc80199',
    'ae1190d8-1195-493f-923a-21f9cfe9cccd',
    '9112d1c0-8881-470a-8027-9f096fc35cf8',
    '7cabbb5a-7a47-488d-b636-90f0ab0f5087',
    'cd019bb4-98cb-4409-bef5-76f35eda0f7a',
    '14c0ffce-457f-4e24-bc44-99e9901bfed0',
    'ced8729c-7d1a-4834-8c79-fdf66a9b53ee',
    'b7d2656c-365b-4b20-b8a7-eae3eaebd431',
    'ca29a8f7-67d0-481c-9bdc-a54d2c54909c',
    '6304ac49-c576-4249-9ba7-2869df0565f0',
    '1f23a10f-5364-4abc-b02d-8532ec2806f1',
    'e1744415-377f-40aa-bebc-e4d392c09e69',
    'e91c4457-7b6e-40e5-bd45-f77e556db4f5',
    'd920f971-fca0-4b9e-8b93-8d42f8d30ca2',
    '74be4035-f4a5-4674-aae5-ad31ea7b0e4b',
    '333570af-bfcd-4c42-ae78-42dd10e34d21',
    'a8dfb1f4-c066-40a7-8d7c-fd03f2b84525',
    'cc02141e-c182-49c6-a1c0-18d12edef5bc',
    'c556176c-bb63-47a8-ba44-4d22df63b642',
    'e9ca96ef-2267-499f-8439-83ce284e4838',
    '5778979c-aa45-44b2-ac5c-d9253fc36eb6',
    '0d990af9-6dca-4a12-8da9-e290c0a05a06',
    'db7f5801-5992-4df1-b09c-1744d318f73a',
    'be04a072-8500-4107-b8df-23945af4ce3c',
    '34a17958-cdc8-46c2-bd8a-3ac73b7c58f3',
    '09f5200a-6ab1-499e-aa0d-b672fcb0e03b',
    '4d2206bb-072c-4db5-a87f-52efae0b1780',
    'bda1e592-e816-442a-a7b2-4832834925ad',
    '398f237e-51e3-4d85-8299-05d998bb013c',
    '26953b4e-1f99-461d-a7eb-b8c8300a7724',
    '3c15222a-e7ff-4191-8225-e2d03d02f40a',
    '4f533f5d-c566-4c38-862a-a37ad800771d',
    '02c58792-0ae1-406a-8ffa-0d2fbcc0ae84',
    '160b93fc-3599-47db-b88c-0ed6302a214a',
    '67cc9ef1-2606-46e0-a1c7-41390323230c',
    'a88874df-c717-499d-ac78-0ba64fcf8f7c',
    '98eb924d-4b28-46bb-b81a-c46be4b6d5f0',
    '07cceba4-026e-44fe-9b46-3b757dee2544',
    'ac9a3be7-e73e-42c7-8914-0f6a565e6ac7',
    '3644d61b-8c8d-4c27-b067-552748bc052b',
    '066243c1-1c04-4d9a-b5c6-c5f8f51cbc14',
    '7d9fca09-652b-4ac1-b1ed-f5bda384281a'
);
DELETE FROM decision_rules WHERE "ID" IN (
    '0d66bb60-7ab5-435f-ad04-3dca9748e8b9',
    '7935602e-0f4f-4f6e-a8af-8929d38c83c8',
    '4318d2b8-5747-446e-9d0d-be44d1061017',
    '70c4bc35-a76d-43ed-86b3-3efba7f9f69b',
    '22229e0d-5ffa-4b2a-8b9b-eb90296aadf9',
    'a7a02fb4-5793-436e-bb59-32c8fbf76278',
    '8472b8ec-753f-4002-86e3-fa4d60ae3449',
    '08046b1b-0d6f-4155-9625-2d5fca266823',
    'd40c2f4f-b11a-4b8e-b95e-0d8616e76d66',
    '5e8cf922-be4f-4e27-9dfe-6c31c7430b17',
    '81997195-69ac-4f87-ab8b-23301c1e4765',
    '7c7594c0-db13-43ed-816d-e21f517eda6c',
    'ce63398a-4f20-420c-9b49-06bdd0d6de83',
    '62bad77e-8e81-44ca-8bc0-add144a091a6',
    '6a19808c-c64d-4e55-b6f2-0cb606b5f295',
    '61c72a6c-87b2-4158-a324-baccd86f06f8',
    'd98ffd51-cb73-4cd9-b152-105ec4d8b815',
    '0e940dd1-65f0-4b7c-8c13-b0bcf51759da',
    '2359c702-91c0-498d-9cfc-5008281d4af8',
    'ac85f0a1-4694-4211-8edf-98ccc06bef01',
    '8ebb8ebf-f69c-4777-ae40-426cf506c876',
    '7edc806c-3d6a-4935-a7f1-f503ad4e03ad',
    'e8c8e133-4ab5-49cf-9429-d1beffb00f4b',
    '259263ae-d0f3-4f39-b882-fed08d9ae84c',
    'c59fdf86-c0e3-4dbe-87bd-e4b119fa90c4',
    '67cbe696-e3db-4090-b784-d8c1aa52c647',
    '31e54117-0773-4164-9d2c-72f52c9e80f4',
    '00ba643e-d195-4172-b330-cd0f97be7f39',
    '6f4d0fff-0db3-4b62-ad28-a3d4ffcc7578',
    '0911c2a4-8c95-4ac1-ba5f-0d3018b4b329',
    '3ffcae51-30e0-4270-9b90-cf6de8bb90e3',
    'abda277c-af23-4824-a333-e42aa1142099',
    '5c6f231f-a261-428a-908e-b363fef1b2ce',
    'c376d074-9e95-4878-b681-13d52b309f00',
    '23d421fd-f6e6-4e98-81dd-1e5378ff2113',
    '9a60c18d-e2dc-4fa7-aa2e-e002f6775672',
    '5ddc3611-c303-4d30-969f-a66bdd6757b7',
    '707cb89a-e5e3-4800-9b33-881289acf755',
    '1c6ea2e8-9bc4-4d68-aa21-fe9d327448e7',
    '0d9b569f-6c43-4989-a026-4025518449a5',
    'b7b44f83-085a-4b2f-8dce-f2754e8ab869',
    '2403f3db-5794-42f7-bcce-6dda105f3b60',
    'b77ad88d-7170-44b7-8dc0-b7766274f933',
    'a482a1c7-6a0a-48cb-ad3a-c84704905dfe',
    '84e32590-3a3b-478b-b8ea-caa4f21f5982',
    '25892a1a-f6d8-4cb9-8618-1695266194ce',
    '92dd369b-d832-4e98-b8e7-f52223df9fe4',
    '6fb2a494-c70e-4cd8-a7f0-e786273a0297',
    '8394d040-9a06-463a-b554-c032e2fe22e5',
    '470821f9-4e58-4b05-aa02-c2e56cb15887'
);
DELETE FROM attributes WHERE "ID" IN (
    '0d8bcd56-cdcd-4333-8d69-27dbe971640b',
    'add991df-4a88-45cf-a9c1-18a8be96fc56',
    '0f715778-2891-45af-8cf2-43096aba9a7b',
    '6a4bc7c1-c99c-4338-adfb-c542f7ab5cbf'
);
DELETE FROM clen_schema_registry WHERE "ID" = '13822f65-d938-445b-85c0-b0893a6e464c';
DELETE FROM placements WHERE "ID" IN (
    '0779aa1a-3428-46c8-8099-0bfaefc398a0',
    'f40c0495-cc1b-404e-b4f3-d393f8c9b3ae',
    '875f8156-ce36-48bf-b398-7c7bf5d1edf2',
    'edd998fb-0520-4c6e-b364-bd8484ddad30',
    'aa8aba7e-379e-4b1e-9f24-8ff546d37eee',
    '21991c05-f90a-4903-bc0a-811f54c1d4ad',
    '42b3d660-2e18-4164-8357-2ae416227e0b',
    'fc0bce32-bf89-4f40-9e13-6d072f93ba7a',
    '65f71a59-5d29-4077-bef0-9a231951d221',
    '10b8bf64-db5d-4320-b3a1-084e1cf5d500',
    '2f3da93b-dc4c-4532-be7f-fcda56192a24',
    '486cc180-83d0-46a2-8e18-902e35df2920',
    '2d908c41-6b24-40d7-83cc-f6a70f5bd9f2',
    'f51f1de0-671d-43da-89d2-a7e92f206d71',
    '76959e0c-5222-4f3a-b692-50d047ca7fdc',
    '7297b368-3b4b-4ab4-9984-2f86e3301acd',
    'c3296a6b-e2d1-4daa-8ee7-5d4f5195ae5a',
    '5547d7d8-877f-4667-818e-c5ba73c489e2',
    '4eca5643-0e90-4feb-8ee3-e6baf58a442f',
    '12cc8d20-1667-4a1f-87b5-5a0567902e8b',
    '18f41131-2f90-49cf-9401-54f3143460ac',
    '5540537e-1fab-41e5-ae67-8532e482f9a1',
    'b28f744f-b5ba-4d91-b135-e8879a52814f',
    'dc9195ab-9b06-4266-8d9c-c00eda4dfd2b',
    'cc56516f-597a-4cdb-bd0f-6305334ff32f',
    'bf7c95fb-a535-4cad-9c53-f10866ad709f',
    '13160204-be07-40e1-b4b5-8b9eeac0be5f',
    '3136e6e3-5fcf-48b1-ac8d-92b6276b22d4',
    '2a1f598a-449b-441a-b83c-2d2e20645845',
    '2620a2ad-59bd-41c5-813a-906fbc5b4c7d',
    'ba373a0c-c58b-4300-8bde-ade2e542b9ee',
    'ab56e840-e30d-4073-b343-3510f6513f05',
    'a612b34b-e16d-42d2-a75c-64f3a8846454',
    '8e4828f1-f1cf-4bdd-b585-fdcbc10076d6',
    '9fe2ee78-e551-46ab-a9b9-38fbe6f2a956',
    '21cb73b3-1fc9-48ac-9bdd-100a41f4408c',
    'f4fbcb76-f36d-476c-bc0a-1365dc43227f',
    'c952f48e-5504-4804-bd1f-f93e74939e33',
    'be96fffe-28fa-4b21-b068-ce18d1bdbe31',
    '92bb7aab-156f-4b48-b064-df857720e91d',
    'df361d98-3ac3-49c1-abc5-1bd4b43c0b96',
    '7bf784ca-efd6-465a-9a6f-a83d5a988717',
    'd443f44c-f427-4fb9-897c-be717f492c09',
    'ba8de2c5-d666-4a57-8fb5-90cb24bc2aa5',
    'b5f62712-8dfb-4bf6-95c1-6a6c56ad9454',
    'b739cb20-1908-49aa-aed5-3f06b543d947',
    'f4aa3e93-e532-4a49-a01e-45c9fcd6cfc2',
    '1bf1c3ec-2516-42f1-93e1-031123d00f53',
    'c68da36d-5be9-4f53-b324-fb5b7d1d2875',
    '2235dc36-4887-4da9-9420-27ec84a572e4'
);
DELETE FROM channels WHERE "ID" IN (
    'e9553a73-4cf6-4d27-b472-0e021ca89b82',
    '4efbb584-63c1-4306-aeb8-b499f5f00453',
    '4acfb9dd-ad0d-49de-972e-4152b1ba9a02',
    '9e7585cf-6ae3-4db5-aabb-e2bd241140da'
);
