-- +goose Up
-- +goose StatementBegin

-- ────────────────────────────────────────────────
-- Roles
-- ────────────────────────────────────────────────
INSERT INTO roles ("ID", "CREATED_AT", "UPDATED_AT", "NAME", "CODE") VALUES
    ('11111111-1111-1111-1111-000000000001', NOW(), NOW(), 'Content Strategy Marker', 'CS_MARKER'),
    ('11111111-1111-1111-1111-000000000002', NOW(), NOW(), 'Content Strategy Super Admin', 'CS_SUPER_ADMIN'),
    ('11111111-1111-1111-1111-000000000003', NOW(), NOW(), 'IT Admin', 'IT_ADMIN'),
    ('11111111-1111-1111-1111-000000000004', NOW(), NOW(), 'Viewer', 'VIEWER')
ON CONFLICT ("ID") DO NOTHING;

-- ────────────────────────────────────────────────
-- Profiles (User Groups)
-- ────────────────────────────────────────────────
INSERT INTO profiles ("ID", "CREATED_AT", "UPDATED_AT", "NAME", "CODE") VALUES
    ('22222222-2222-2222-2222-000000000001', NOW(), NOW(), 'Content Strategy Marker', 'CS_MARKER'),
    ('22222222-2222-2222-2222-000000000002', NOW(), NOW(), 'Content Strategy Super Admin', 'CS_SUPER_ADMIN'),
    ('22222222-2222-2222-2222-000000000003', NOW(), NOW(), 'IT Admin', 'IT_ADMIN'),
    ('22222222-2222-2222-2222-000000000004', NOW(), NOW(), 'Viewer', 'VIEWER')
ON CONFLICT ("ID") DO NOTHING;

-- ────────────────────────────────────────────────
-- Permissions (Content Decision Rule)
-- ────────────────────────────────────────────────
INSERT INTO permissions ("ID", "CREATED_AT", "UPDATED_AT", "NAME", "PERMISSION_TYPE", "SOURCE", "ACTION") VALUES
    ('33333333-3333-3333-3333-000000000001', NOW(), NOW(), 'Create Decision Rule',      'ACTION', 'decision_rule', 'CREATE'),
    ('33333333-3333-3333-3333-000000000002', NOW(), NOW(), 'Edit Decision Rule',        'ACTION', 'decision_rule', 'EDIT'),
    ('33333333-3333-3333-3333-000000000003', NOW(), NOW(), 'Delete Decision Rule',      'ACTION', 'decision_rule', 'DELETE'),
    ('33333333-3333-3333-3333-000000000004', NOW(), NOW(), 'View All Decision Rules',   'ACTION', 'decision_rule', 'VIEW_ALL'),
    ('33333333-3333-3333-3333-000000000005', NOW(), NOW(), 'Edit All Decision Rules',   'ACTION', 'decision_rule', 'EDIT_ALL'),
    ('33333333-3333-3333-3333-000000000006', NOW(), NOW(), 'Delete All Decision Rules', 'ACTION', 'decision_rule', 'DELETE_ALL')
ON CONFLICT ("ID") DO NOTHING;

-- ────────────────────────────────────────────────
-- Profile Permissions (User Group \ Permission matrix)
-- Content Strategy Marker:      CREATE, EDIT, DELETE, VIEW_ALL
-- Content Strategy Super Admin: CREATE, EDIT, DELETE, VIEW_ALL, EDIT_ALL, DELETE_ALL
-- IT Admin:                     VIEW_ALL, EDIT_ALL, DELETE_ALL
-- Viewer:                       VIEW_ALL
-- ────────────────────────────────────────────────

-- Content Strategy Marker
INSERT INTO profile_permissions ("ID", "CREATED_AT", "UPDATED_AT", "PROFILE_ID", "PERMISSION_ID") VALUES
    ('44444444-1111-0000-0000-000000000001', NOW(), NOW(), '22222222-2222-2222-2222-000000000001', '33333333-3333-3333-3333-000000000001'),
    ('44444444-1111-0000-0000-000000000002', NOW(), NOW(), '22222222-2222-2222-2222-000000000001', '33333333-3333-3333-3333-000000000002'),
    ('44444444-1111-0000-0000-000000000003', NOW(), NOW(), '22222222-2222-2222-2222-000000000001', '33333333-3333-3333-3333-000000000003'),
    ('44444444-1111-0000-0000-000000000004', NOW(), NOW(), '22222222-2222-2222-2222-000000000001', '33333333-3333-3333-3333-000000000004')
ON CONFLICT ("PROFILE_ID", "PERMISSION_ID") DO NOTHING;

-- Content Strategy Super Admin
INSERT INTO profile_permissions ("ID", "CREATED_AT", "UPDATED_AT", "PROFILE_ID", "PERMISSION_ID") VALUES
    ('44444444-2222-0000-0000-000000000001', NOW(), NOW(), '22222222-2222-2222-2222-000000000002', '33333333-3333-3333-3333-000000000001'),
    ('44444444-2222-0000-0000-000000000002', NOW(), NOW(), '22222222-2222-2222-2222-000000000002', '33333333-3333-3333-3333-000000000002'),
    ('44444444-2222-0000-0000-000000000003', NOW(), NOW(), '22222222-2222-2222-2222-000000000002', '33333333-3333-3333-3333-000000000003'),
    ('44444444-2222-0000-0000-000000000004', NOW(), NOW(), '22222222-2222-2222-2222-000000000002', '33333333-3333-3333-3333-000000000004'),
    ('44444444-2222-0000-0000-000000000005', NOW(), NOW(), '22222222-2222-2222-2222-000000000002', '33333333-3333-3333-3333-000000000005'),
    ('44444444-2222-0000-0000-000000000006', NOW(), NOW(), '22222222-2222-2222-2222-000000000002', '33333333-3333-3333-3333-000000000006')
ON CONFLICT ("PROFILE_ID", "PERMISSION_ID") DO NOTHING;

-- IT Admin
INSERT INTO profile_permissions ("ID", "CREATED_AT", "UPDATED_AT", "PROFILE_ID", "PERMISSION_ID") VALUES
    ('44444444-3333-0000-0000-000000000001', NOW(), NOW(), '22222222-2222-2222-2222-000000000003', '33333333-3333-3333-3333-000000000004'),
    ('44444444-3333-0000-0000-000000000002', NOW(), NOW(), '22222222-2222-2222-2222-000000000003', '33333333-3333-3333-3333-000000000005'),
    ('44444444-3333-0000-0000-000000000003', NOW(), NOW(), '22222222-2222-2222-2222-000000000003', '33333333-3333-3333-3333-000000000006')
ON CONFLICT ("PROFILE_ID", "PERMISSION_ID") DO NOTHING;

-- Viewer
INSERT INTO profile_permissions ("ID", "CREATED_AT", "UPDATED_AT", "PROFILE_ID", "PERMISSION_ID") VALUES
    ('44444444-4444-0000-0000-000000000001', NOW(), NOW(), '22222222-2222-2222-2222-000000000004', '33333333-3333-3333-3333-000000000004')
ON CONFLICT ("PROFILE_ID", "PERMISSION_ID") DO NOTHING;

-- ────────────────────────────────────────────────
-- Users (5 users assigned to different profiles/roles)
-- ────────────────────────────────────────────────
INSERT INTO users ("ID", "CREATED_AT", "UPDATED_AT", "ROLE_ID", "PROFILE_ID", "EMAIL", "NAME_TH", "NAME_EN", "IS_ACTIVE") VALUES
    ('55555555-5555-5555-5555-000000000001', NOW(), NOW(),
        '11111111-1111-1111-1111-000000000001', '22222222-2222-2222-2222-000000000001',
        'somchai.marker@kbank.com', 'สมชาย มาร์คเกอร์', 'Somchai Marker', true),
    ('55555555-5555-5555-5555-000000000002', NOW(), NOW(),
        '11111111-1111-1111-1111-000000000001', '22222222-2222-2222-2222-000000000001',
        'sunee.marker@kbank.com', 'สุนี มาร์คเกอร์', 'Sunee Marker', true),
    ('55555555-5555-5555-5555-000000000003', NOW(), NOW(),
        '11111111-1111-1111-1111-000000000002', '22222222-2222-2222-2222-000000000002',
        'admin.super@kbank.com', 'แอดมิน สุปเปอร์', 'Admin Super', true),
    ('55555555-5555-5555-5555-000000000004', NOW(), NOW(),
        '11111111-1111-1111-1111-000000000003', '22222222-2222-2222-2222-000000000003',
        'itadmin@kbank.com', 'ไอที แอดมิน', 'IT Admin', true),
    ('55555555-5555-5555-5555-000000000005', NOW(), NOW(),
        '11111111-1111-1111-1111-000000000004', '22222222-2222-2222-2222-000000000004',
        'viewer@kbank.com', 'วิวเวอร์ ยูเซอร์', 'Viewer User', true)
ON CONFLICT ("ID") DO NOTHING;

-- +goose StatementEnd

-- +goose Down
-- +goose StatementBegin
DELETE FROM users WHERE "ID" IN (
    '55555555-5555-5555-5555-000000000001',
    '55555555-5555-5555-5555-000000000002',
    '55555555-5555-5555-5555-000000000003',
    '55555555-5555-5555-5555-000000000004',
    '55555555-5555-5555-5555-000000000005'
);

DELETE FROM profile_permissions WHERE "PROFILE_ID" IN (
    '22222222-2222-2222-2222-000000000001',
    '22222222-2222-2222-2222-000000000002',
    '22222222-2222-2222-2222-000000000003',
    '22222222-2222-2222-2222-000000000004'
);

DELETE FROM permissions WHERE "ID" IN (
    '33333333-3333-3333-3333-000000000001',
    '33333333-3333-3333-3333-000000000002',
    '33333333-3333-3333-3333-000000000003',
    '33333333-3333-3333-3333-000000000004',
    '33333333-3333-3333-3333-000000000005',
    '33333333-3333-3333-3333-000000000006'
);

DELETE FROM profiles WHERE "ID" IN (
    '22222222-2222-2222-2222-000000000001',
    '22222222-2222-2222-2222-000000000002',
    '22222222-2222-2222-2222-000000000003',
    '22222222-2222-2222-2222-000000000004'
);

DELETE FROM roles WHERE "ID" IN (
    '11111111-1111-1111-1111-000000000001',
    '11111111-1111-1111-1111-000000000002',
    '11111111-1111-1111-1111-000000000003',
    '11111111-1111-1111-1111-000000000004'
);
-- +goose StatementEnd
