-- +goose Up
-- Generated by scripts/mockdata/generate_decision_rule_mock.go
-- Seed: 1777248000

INSERT INTO channels ("ID", "CHANNEL_NAME", "CREATED_AT", "UPDATED_AT") VALUES
('c75e7489-516a-409d-8e57-4981b9267613', 'Home', NOW(), NOW()),
('f7c457b3-9924-41be-956d-1b1579b8e33a', 'Portfolio', NOW(), NOW()),
('4af7151f-fd29-4eef-82cc-62ee8b0453e4', 'Wealth', NOW(), NOW()),
('2717cdb6-9cc0-4af9-b06e-5184386dfe43', 'Offer', NOW(), NOW());

INSERT INTO placements ("ID", "PLACEMENT_NAME", "CHANNEL_ID", "CREATED_AT", "UPDATED_AT") VALUES
('28a3eb89-c2bf-42c1-8816-aad1e152897d', 'wsaHomeBanner', 'c75e7489-516a-409d-8e57-4981b9267613', NOW(), NOW()),
('b5728563-46e7-4b12-a83b-d090756ed954', 'wsaPortBanner', 'f7c457b3-9924-41be-956d-1b1579b8e33a', NOW(), NOW()),
('dd262082-f8f0-4d6d-87a4-b673f3bfe420', 'wsaSplash', '4af7151f-fd29-4eef-82cc-62ee8b0453e4', NOW(), NOW()),
('652c8aca-aba3-47e5-8d17-4acf3ab49607', 'wsaLandingPage', '2717cdb6-9cc0-4af9-b06e-5184386dfe43', NOW(), NOW());

INSERT INTO clen_schema_registry ("ID", "SCHEMA_NAME", "VERSION", "SCHEMA_DEFINITION", "IS_ACTIVE", "CREATED_AT", "UPDATED_AT") VALUES
('c030d28e-de16-44b5-bd13-c72562c12d98', 'PersonalizationAudience', '1.0.0', '{"type":"object","properties":{"segment":{"type":"string"},"user_age":{"type":"number"},"region":{"type":"string"},"risk_level":{"type":"number"}}}', true, NOW(), NOW());

INSERT INTO attributes ("ID", "CLEN_SCHEMA_REGISTRY_ID", "FIELD_NAME", "DISPLAY_NAME", "DATA_TYPE", "VALUE", "DESCRIPTION", "SOURCE_SYSTEM", "IS_ACTIVE", "CREATED_AT", "UPDATED_AT") VALUES
('e50751ea-bf83-438f-8a8c-d755796e7925', 'c030d28e-de16-44b5-bd13-c72562c12d98', 'segment', 'User Segment', 'Text', '["Mass","Affluent","VIP","Young Wealth","SME"]', 'Customer segmentation bucket from CLEN', 'CLEN', true, NOW(), NOW()),
('fba03e8e-8dfb-4b32-b8b8-f5213ac98d46', 'c030d28e-de16-44b5-bd13-c72562c12d98', 'user_age', 'User Age', 'Number', NULL, 'Age of the user in years', 'CLEN', true, NOW(), NOW()),
('6c98514c-3374-4be8-88fc-561bc5831cbc', 'c030d28e-de16-44b5-bd13-c72562c12d98', 'region', 'Region', 'Text', '["Bangkok","Central","North","Northeast","South"]', 'Preferred operating region of the user', 'CLEN', true, NOW(), NOW()),
('1acbc057-ccf7-47db-afb9-2a67e08f8ebe', 'c030d28e-de16-44b5-bd13-c72562c12d98', 'risk_level', 'Risk Level', 'Number', '[1,2,3,4,5]', 'Investment risk level score', 'CLEN', true, NOW(), NOW());

INSERT INTO decision_rules ("ID", "DECISION_RULE_RUNNING", "NAME", "TYPE", "EVALUATE_TYPE", "CONTENT_PATH", "SCORE", "STATUS", "CREATED_AT", "UPDATED_AT") VALUES
('1a0d5ec3-a38a-406e-8472-072424b749cb', (SELECT next_decision_rule_id()), 'wsaHomeBanner Rule 01', 'AUDIENCE', 'SCORING', 'personalizedContent/home/wsahomebanner-01', 1.3, 'ACTIVE', NOW(), NOW()),
('9191c378-2e03-4942-9f14-15f7a598924a', (SELECT next_decision_rule_id()), 'wsaSplash Rule 02', 'AUDIENCE', 'SCORING', 'personalizedContent/wealth/wsasplash-02', 1.7, 'ACTIVE', NOW(), NOW()),
('639c9d54-f752-4a52-80b6-5247b6e47a0e', (SELECT next_decision_rule_id()), 'wsaHomeBanner Rule 03', 'AUDIENCE', 'SCORING', 'personalizedContent/home/wsahomebanner-03', 7.4, 'ACTIVE', NOW(), NOW()),
('482f66c2-caeb-4473-98a5-d0af13d43db0', (SELECT next_decision_rule_id()), 'wsaHomeBanner Rule 04', 'AUDIENCE', 'SCORING', 'personalizedContent/home/wsahomebanner-04', 7.3, 'ACTIVE', NOW(), NOW()),
('1178b345-de81-42c7-9bce-2f9c38eb4d2d', (SELECT next_decision_rule_id()), 'wsaLandingPage Rule 05', 'AUDIENCE', 'SCORING', 'personalizedContent/offer/wsalandingpage-05', 2.0, 'ACTIVE', NOW(), NOW()),
('8fdf4eaa-cfb8-46d4-a4a3-f09c8c5e29e4', (SELECT next_decision_rule_id()), 'wsaHomeBanner Rule 06', 'AUDIENCE', 'SCORING', 'personalizedContent/home/wsahomebanner-06', 6.8, 'ACTIVE', NOW(), NOW()),
('91a1c573-4efe-49b8-a894-c1bc99e11994', (SELECT next_decision_rule_id()), 'wsaLandingPage Rule 07', 'AUDIENCE', 'SCORING', 'personalizedContent/offer/wsalandingpage-07', 4.9, 'ACTIVE', NOW(), NOW()),
('c5755402-7e50-4251-8f26-974af9fe9da1', (SELECT next_decision_rule_id()), 'wsaLandingPage Rule 08', 'AUDIENCE', 'SCORING', 'personalizedContent/offer/wsalandingpage-08', 4.4, 'ACTIVE', NOW(), NOW()),
('528ceaf8-f62a-4003-b232-e308d5d9e000', (SELECT next_decision_rule_id()), 'wsaSplash Rule 09', 'AUDIENCE', 'SCORING', 'personalizedContent/wealth/wsasplash-09', 0.7, 'ACTIVE', NOW(), NOW()),
('f39d98f9-c74a-44f4-8545-e3f44e391081', (SELECT next_decision_rule_id()), 'wsaPortBanner Rule 10', 'AUDIENCE', 'SCORING', 'personalizedContent/portfolio/wsaportbanner-10', 5.9, 'ACTIVE', NOW(), NOW()),
('28859a02-5541-497f-ba93-ea51456c70b6', (SELECT next_decision_rule_id()), 'wsaHomeBanner Rule 11', 'AUDIENCE', 'SCORING', 'personalizedContent/home/wsahomebanner-11', 8.0, 'ACTIVE', NOW(), NOW()),
('683b7df3-9cbf-4ac1-92ce-ed2f541f1e83', (SELECT next_decision_rule_id()), 'wsaSplash Rule 12', 'AUDIENCE', 'SCORING', 'personalizedContent/wealth/wsasplash-12', 8.3, 'ACTIVE', NOW(), NOW()),
('c0ac685e-bcd4-4e52-896c-5efed983ffad', (SELECT next_decision_rule_id()), 'wsaHomeBanner Rule 13', 'AUDIENCE', 'SCORING', 'personalizedContent/home/wsahomebanner-13', 3.1, 'ACTIVE', NOW(), NOW()),
('e02da961-7aff-4820-9e2f-4d5be976541f', (SELECT next_decision_rule_id()), 'wsaLandingPage Rule 14', 'AUDIENCE', 'SCORING', 'personalizedContent/offer/wsalandingpage-14', 1.4, 'ACTIVE', NOW(), NOW()),
('7c711126-a6bf-4d5f-a072-4b892c0672b8', (SELECT next_decision_rule_id()), 'wsaPortBanner Rule 15', 'AUDIENCE', 'SCORING', 'personalizedContent/portfolio/wsaportbanner-15', 7.0, 'ACTIVE', NOW(), NOW()),
('4cd0b6a4-e0d4-464d-9ade-81cadf5fe957', (SELECT next_decision_rule_id()), 'wsaLandingPage Rule 16', 'AUDIENCE', 'SCORING', 'personalizedContent/offer/wsalandingpage-16', 1.6, 'ACTIVE', NOW(), NOW()),
('68b64188-b864-4fb4-908e-b7f074f11a3d', (SELECT next_decision_rule_id()), 'wsaPortBanner Rule 17', 'AUDIENCE', 'SCORING', 'personalizedContent/portfolio/wsaportbanner-17', 3.1, 'ACTIVE', NOW(), NOW()),
('8cbe158f-3ec9-4a9c-86f9-a9bd9afe285b', (SELECT next_decision_rule_id()), 'wsaHomeBanner Rule 18', 'AUDIENCE', 'SCORING', 'personalizedContent/home/wsahomebanner-18', 6.2, 'ACTIVE', NOW(), NOW()),
('e1eefeb4-c864-40f0-abf4-71555e5f5b7e', (SELECT next_decision_rule_id()), 'wsaLandingPage Rule 19', 'AUDIENCE', 'SCORING', 'personalizedContent/offer/wsalandingpage-19', 1.8, 'ACTIVE', NOW(), NOW()),
('404b0eca-de9c-46b5-bef2-bef69cdd8e61', (SELECT next_decision_rule_id()), 'wsaHomeBanner Rule 20', 'AUDIENCE', 'SCORING', 'personalizedContent/home/wsahomebanner-20', 4.2, 'ACTIVE', NOW(), NOW()),
('b6c5e083-6965-48dc-9cec-95110e1e0434', (SELECT next_decision_rule_id()), 'wsaHomeBanner Rule 21', 'AUDIENCE', 'SCORING', 'personalizedContent/home/wsahomebanner-21', 6.2, 'ACTIVE', NOW(), NOW()),
('801db80d-907e-499a-aa3e-729339b461a8', (SELECT next_decision_rule_id()), 'wsaHomeBanner Rule 22', 'AUDIENCE', 'SCORING', 'personalizedContent/home/wsahomebanner-22', 0.5, 'ACTIVE', NOW(), NOW()),
('fa73eb6b-585b-4dbb-a82e-f9a20f9c4cf6', (SELECT next_decision_rule_id()), 'wsaSplash Rule 23', 'AUDIENCE', 'SCORING', 'personalizedContent/wealth/wsasplash-23', 5.2, 'ACTIVE', NOW(), NOW()),
('68769975-8c4b-4294-886c-6070b394e201', (SELECT next_decision_rule_id()), 'wsaSplash Rule 24', 'AUDIENCE', 'SCORING', 'personalizedContent/wealth/wsasplash-24', 3.9, 'ACTIVE', NOW(), NOW()),
('159fb7ff-7ef3-4219-ba6d-34c46fede3ce', (SELECT next_decision_rule_id()), 'wsaSplash Rule 25', 'AUDIENCE', 'SCORING', 'personalizedContent/wealth/wsasplash-25', 5.6, 'ACTIVE', NOW(), NOW()),
('39261e9a-f2be-4419-983c-6efa87b31c19', (SELECT next_decision_rule_id()), 'wsaHomeBanner Rule 26', 'AUDIENCE', 'SCORING', 'personalizedContent/home/wsahomebanner-26', 6.3, 'ACTIVE', NOW(), NOW()),
('30ded410-2416-4af4-a15b-694b876a3639', (SELECT next_decision_rule_id()), 'wsaLandingPage Rule 27', 'AUDIENCE', 'SCORING', 'personalizedContent/offer/wsalandingpage-27', 1.6, 'ACTIVE', NOW(), NOW()),
('822765b0-3423-45aa-9433-e5d6bd04a72a', (SELECT next_decision_rule_id()), 'wsaSplash Rule 28', 'AUDIENCE', 'SCORING', 'personalizedContent/wealth/wsasplash-28', 8.3, 'ACTIVE', NOW(), NOW()),
('635ecb78-d0a0-45c9-9ecb-51d5d443161c', (SELECT next_decision_rule_id()), 'wsaSplash Rule 29', 'AUDIENCE', 'SCORING', 'personalizedContent/wealth/wsasplash-29', 5.0, 'ACTIVE', NOW(), NOW()),
('4f0ba3c0-6b5d-4092-a444-e06b844cb834', (SELECT next_decision_rule_id()), 'wsaSplash Rule 30', 'AUDIENCE', 'SCORING', 'personalizedContent/wealth/wsasplash-30', 3.2, 'ACTIVE', NOW(), NOW()),
('4a262f46-3c5a-4b1d-8bc3-5127cafdf8d6', (SELECT next_decision_rule_id()), 'wsaPortBanner Rule 31', 'AUDIENCE', 'SCORING', 'personalizedContent/portfolio/wsaportbanner-31', 2.4, 'ACTIVE', NOW(), NOW()),
('4c3c73ce-0c06-49ef-96ab-e9388039d887', (SELECT next_decision_rule_id()), 'wsaSplash Rule 32', 'AUDIENCE', 'SCORING', 'personalizedContent/wealth/wsasplash-32', 1.3, 'ACTIVE', NOW(), NOW()),
('9ea032dd-5e8b-44da-b7dc-61c8cc3e6cf6', (SELECT next_decision_rule_id()), 'wsaHomeBanner Rule 33', 'AUDIENCE', 'SCORING', 'personalizedContent/home/wsahomebanner-33', 5.7, 'ACTIVE', NOW(), NOW()),
('038a18cd-2e00-4a7c-b0e0-2e7e90cc6d95', (SELECT next_decision_rule_id()), 'wsaLandingPage Rule 34', 'AUDIENCE', 'SCORING', 'personalizedContent/offer/wsalandingpage-34', 4.8, 'ACTIVE', NOW(), NOW()),
('48dd0b36-c471-4e9e-a939-044e271466bb', (SELECT next_decision_rule_id()), 'wsaPortBanner Rule 35', 'AUDIENCE', 'SCORING', 'personalizedContent/portfolio/wsaportbanner-35', 1.4, 'ACTIVE', NOW(), NOW()),
('b6160e21-c85a-4d5b-a289-be68edd46bd8', (SELECT next_decision_rule_id()), 'wsaSplash Rule 36', 'AUDIENCE', 'SCORING', 'personalizedContent/wealth/wsasplash-36', 1.4, 'ACTIVE', NOW(), NOW()),
('2ea9ac65-01d5-4c35-b099-5249b7429b06', (SELECT next_decision_rule_id()), 'wsaPortBanner Rule 37', 'AUDIENCE', 'SCORING', 'personalizedContent/portfolio/wsaportbanner-37', 1.1, 'ACTIVE', NOW(), NOW()),
('7ad8b81e-24ea-48aa-b3e1-328222068c79', (SELECT next_decision_rule_id()), 'wsaHomeBanner Rule 38', 'AUDIENCE', 'SCORING', 'personalizedContent/home/wsahomebanner-38', 3.1, 'ACTIVE', NOW(), NOW()),
('2b7a1921-13fb-450e-b217-b6686e35832e', (SELECT next_decision_rule_id()), 'wsaHomeBanner Rule 39', 'AUDIENCE', 'SCORING', 'personalizedContent/home/wsahomebanner-39', 3.5, 'ACTIVE', NOW(), NOW()),
('4d187855-d11a-4921-b77f-c854a98aac97', (SELECT next_decision_rule_id()), 'wsaPortBanner Rule 40', 'AUDIENCE', 'SCORING', 'personalizedContent/portfolio/wsaportbanner-40', 7.7, 'ACTIVE', NOW(), NOW()),
('2d1117c5-424a-4a9a-9825-5bd67a278909', (SELECT next_decision_rule_id()), 'wsaSplash Rule 41', 'AUDIENCE', 'SCORING', 'personalizedContent/wealth/wsasplash-41', 2.1, 'ACTIVE', NOW(), NOW()),
('481faad9-3a8f-45f1-beb9-acf29c30c67b', (SELECT next_decision_rule_id()), 'wsaHomeBanner Rule 42', 'AUDIENCE', 'SCORING', 'personalizedContent/home/wsahomebanner-42', 6.6, 'ACTIVE', NOW(), NOW()),
('73fb5e12-c158-423f-8acf-9ed5a382f6f1', (SELECT next_decision_rule_id()), 'wsaLandingPage Rule 43', 'AUDIENCE', 'SCORING', 'personalizedContent/offer/wsalandingpage-43', 0.6, 'ACTIVE', NOW(), NOW()),
('c941412f-50eb-4395-94a8-211318066a10', (SELECT next_decision_rule_id()), 'wsaHomeBanner Rule 44', 'AUDIENCE', 'SCORING', 'personalizedContent/home/wsahomebanner-44', 0.5, 'ACTIVE', NOW(), NOW()),
('6c411ec7-0e25-45d6-980f-46ee08d44a9f', (SELECT next_decision_rule_id()), 'wsaLandingPage Rule 45', 'AUDIENCE', 'SCORING', 'personalizedContent/offer/wsalandingpage-45', 5.3, 'ACTIVE', NOW(), NOW()),
('9b116006-5244-423b-86e6-cbabe9f77baf', (SELECT next_decision_rule_id()), 'wsaLandingPage Rule 46', 'AUDIENCE', 'SCORING', 'personalizedContent/offer/wsalandingpage-46', 4.8, 'ACTIVE', NOW(), NOW()),
('67363dc6-60dd-444b-8660-a0c9fc6ee5ce', (SELECT next_decision_rule_id()), 'wsaSplash Rule 47', 'AUDIENCE', 'SCORING', 'personalizedContent/wealth/wsasplash-47', 3.7, 'ACTIVE', NOW(), NOW()),
('413c5664-b2bc-4941-9fe8-33bc830e488d', (SELECT next_decision_rule_id()), 'wsaLandingPage Rule 48', 'AUDIENCE', 'SCORING', 'personalizedContent/offer/wsalandingpage-48', 7.1, 'ACTIVE', NOW(), NOW()),
('034350dc-3f4e-481e-949c-362ef0a31b6d', (SELECT next_decision_rule_id()), 'wsaHomeBanner Rule 49', 'AUDIENCE', 'SCORING', 'personalizedContent/home/wsahomebanner-49', 0.8, 'ACTIVE', NOW(), NOW()),
('7e4c3d97-0a86-41de-aa5a-3de766223644', (SELECT next_decision_rule_id()), 'wsaHomeBanner Rule 50', 'AUDIENCE', 'SCORING', 'personalizedContent/home/wsahomebanner-50', 5.1, 'ACTIVE', NOW(), NOW());

INSERT INTO rule_conditions ("ID", "SEQUENCE", "DECISION_RULE_ID", "ATTRIBUTE_ID", "LOGICAL_OPERATOR", "CONNECTOR_OPERATOR", "CREATED_AT", "UPDATED_AT") VALUES
('366cb210-a7da-4a4c-bb4a-86ba0de81ec0', 1, '1a0d5ec3-a38a-406e-8472-072424b749cb', 'fba03e8e-8dfb-4b32-b8b8-f5213ac98d46', '<=', 'AND', NOW(), NOW()),
('bfcbfc07-804c-4514-8dfb-8b1bacbb680d', 1, '9191c378-2e03-4942-9f14-15f7a598924a', 'fba03e8e-8dfb-4b32-b8b8-f5213ac98d46', '<=', 'AND', NOW(), NOW()),
('6a70d040-d24d-420b-86af-574d1b1bd1e1', 1, '639c9d54-f752-4a52-80b6-5247b6e47a0e', 'e50751ea-bf83-438f-8a8c-d755796e7925', '=', 'AND', NOW(), NOW()),
('7c9458ce-000e-4f52-949b-3bbbfeda4455', 1, '482f66c2-caeb-4473-98a5-d0af13d43db0', '1acbc057-ccf7-47db-afb9-2a67e08f8ebe', '>=', 'AND', NOW(), NOW()),
('abb5bed7-7b36-42cc-b201-6cdc6027bb66', 1, '1178b345-de81-42c7-9bce-2f9c38eb4d2d', '6c98514c-3374-4be8-88fc-561bc5831cbc', '=', 'AND', NOW(), NOW()),
('0cfc0e54-f6a0-4700-9cc0-8a03d73321c8', 1, '8fdf4eaa-cfb8-46d4-a4a3-f09c8c5e29e4', '1acbc057-ccf7-47db-afb9-2a67e08f8ebe', '>=', 'AND', NOW(), NOW()),
('ec582906-8ac8-417d-9b9b-6379e2b906c4', 1, '91a1c573-4efe-49b8-a894-c1bc99e11994', 'fba03e8e-8dfb-4b32-b8b8-f5213ac98d46', '<=', 'AND', NOW(), NOW()),
('a274fb5a-a349-4596-93f6-4223e4284626', 1, 'c5755402-7e50-4251-8f26-974af9fe9da1', '6c98514c-3374-4be8-88fc-561bc5831cbc', '=', 'AND', NOW(), NOW()),
('dadcc7f0-7312-4dc5-92d7-16be5e95c290', 1, '528ceaf8-f62a-4003-b232-e308d5d9e000', 'e50751ea-bf83-438f-8a8c-d755796e7925', '=', 'AND', NOW(), NOW()),
('7500aff4-da3e-4aeb-9c85-8176f049137e', 1, 'f39d98f9-c74a-44f4-8545-e3f44e391081', '1acbc057-ccf7-47db-afb9-2a67e08f8ebe', '>=', 'AND', NOW(), NOW()),
('7fd970b1-281e-4b76-8e9b-7ec5cf8170d9', 1, '28859a02-5541-497f-ba93-ea51456c70b6', '6c98514c-3374-4be8-88fc-561bc5831cbc', '=', 'AND', NOW(), NOW()),
('e346491e-c648-47ff-96a0-758acb039f04', 1, '683b7df3-9cbf-4ac1-92ce-ed2f541f1e83', 'e50751ea-bf83-438f-8a8c-d755796e7925', '=', 'AND', NOW(), NOW()),
('7c0b3970-7b72-43b4-94b5-28ae5a27d58b', 1, 'c0ac685e-bcd4-4e52-896c-5efed983ffad', '6c98514c-3374-4be8-88fc-561bc5831cbc', '=', 'AND', NOW(), NOW()),
('99895bb1-382b-495f-8ab8-850c1f3ca48b', 1, 'e02da961-7aff-4820-9e2f-4d5be976541f', '1acbc057-ccf7-47db-afb9-2a67e08f8ebe', '>=', 'AND', NOW(), NOW()),
('206d48ff-4ec7-4b04-8f4a-efb52e94a0a7', 1, '7c711126-a6bf-4d5f-a072-4b892c0672b8', '1acbc057-ccf7-47db-afb9-2a67e08f8ebe', '<=', 'AND', NOW(), NOW()),
('b8092d57-7627-4c8d-88a5-523c32de2e23', 1, '4cd0b6a4-e0d4-464d-9ade-81cadf5fe957', '6c98514c-3374-4be8-88fc-561bc5831cbc', '=', 'AND', NOW(), NOW()),
('526fb097-47d1-4d8c-82f3-5708cae07c9a', 1, '68b64188-b864-4fb4-908e-b7f074f11a3d', 'fba03e8e-8dfb-4b32-b8b8-f5213ac98d46', '>=', 'AND', NOW(), NOW()),
('3987b313-3932-4aca-94cc-21540ffba643', 1, '8cbe158f-3ec9-4a9c-86f9-a9bd9afe285b', '6c98514c-3374-4be8-88fc-561bc5831cbc', '=', 'AND', NOW(), NOW()),
('164aac23-d353-404a-a11a-4c4b8edc73fb', 1, 'e1eefeb4-c864-40f0-abf4-71555e5f5b7e', 'fba03e8e-8dfb-4b32-b8b8-f5213ac98d46', '>=', 'AND', NOW(), NOW()),
('76cb02d8-f511-4a65-b78f-84766d903185', 1, '404b0eca-de9c-46b5-bef2-bef69cdd8e61', 'fba03e8e-8dfb-4b32-b8b8-f5213ac98d46', '>=', 'AND', NOW(), NOW()),
('4a212759-1b52-488c-bf7c-2a86d48e9e74', 1, 'b6c5e083-6965-48dc-9cec-95110e1e0434', 'e50751ea-bf83-438f-8a8c-d755796e7925', '=', 'AND', NOW(), NOW()),
('2f9786de-7075-4683-bc9e-1cdcccfb2838', 1, '801db80d-907e-499a-aa3e-729339b461a8', 'e50751ea-bf83-438f-8a8c-d755796e7925', '=', 'AND', NOW(), NOW()),
('f14629f7-4fac-4547-8527-be0cedf1f785', 1, 'fa73eb6b-585b-4dbb-a82e-f9a20f9c4cf6', '1acbc057-ccf7-47db-afb9-2a67e08f8ebe', '<=', 'AND', NOW(), NOW()),
('25998601-b526-4fb1-ab9d-ae5368426031', 1, '68769975-8c4b-4294-886c-6070b394e201', '6c98514c-3374-4be8-88fc-561bc5831cbc', '=', 'AND', NOW(), NOW()),
('2431c1f7-95ca-4fb6-ab1c-50fea5171705', 1, '159fb7ff-7ef3-4219-ba6d-34c46fede3ce', 'e50751ea-bf83-438f-8a8c-d755796e7925', '=', 'AND', NOW(), NOW()),
('c38c9ecc-bcfa-4686-bd7d-523496e1421c', 1, '39261e9a-f2be-4419-983c-6efa87b31c19', '6c98514c-3374-4be8-88fc-561bc5831cbc', '=', 'AND', NOW(), NOW()),
('e64a6615-f13c-452f-8d32-c24cc16fd231', 1, '30ded410-2416-4af4-a15b-694b876a3639', '6c98514c-3374-4be8-88fc-561bc5831cbc', '=', 'AND', NOW(), NOW()),
('195f79ae-a902-4733-81a1-360e23750bb7', 1, '822765b0-3423-45aa-9433-e5d6bd04a72a', 'fba03e8e-8dfb-4b32-b8b8-f5213ac98d46', '<=', 'AND', NOW(), NOW()),
('3f877f7e-dca5-4295-abb6-bd6c14ca8b7d', 1, '635ecb78-d0a0-45c9-9ecb-51d5d443161c', '1acbc057-ccf7-47db-afb9-2a67e08f8ebe', '<=', 'AND', NOW(), NOW()),
('de56113c-f31b-4a86-89d1-a487c39d3dfb', 1, '4f0ba3c0-6b5d-4092-a444-e06b844cb834', '6c98514c-3374-4be8-88fc-561bc5831cbc', '=', 'AND', NOW(), NOW()),
('0134f108-da42-4009-9d69-5ed66acaa7c3', 1, '4a262f46-3c5a-4b1d-8bc3-5127cafdf8d6', '6c98514c-3374-4be8-88fc-561bc5831cbc', '=', 'AND', NOW(), NOW()),
('96ec0c41-d76d-43fe-90e7-0de32361818b', 1, '4c3c73ce-0c06-49ef-96ab-e9388039d887', 'e50751ea-bf83-438f-8a8c-d755796e7925', '=', 'AND', NOW(), NOW()),
('4d0eda4b-9595-48fe-b0a4-5faa81b33b3c', 1, '9ea032dd-5e8b-44da-b7dc-61c8cc3e6cf6', '1acbc057-ccf7-47db-afb9-2a67e08f8ebe', '>=', 'AND', NOW(), NOW()),
('75699ff7-be85-46ef-ae5f-4d3e8ad37736', 1, '038a18cd-2e00-4a7c-b0e0-2e7e90cc6d95', '1acbc057-ccf7-47db-afb9-2a67e08f8ebe', '>=', 'AND', NOW(), NOW()),
('94ba96f4-455e-4d6f-9d99-7c5ff75bf17a', 1, '48dd0b36-c471-4e9e-a939-044e271466bb', 'fba03e8e-8dfb-4b32-b8b8-f5213ac98d46', '<=', 'AND', NOW(), NOW()),
('e23e1d8b-83a5-43ef-9eb5-f4663fac06e2', 1, 'b6160e21-c85a-4d5b-a289-be68edd46bd8', '6c98514c-3374-4be8-88fc-561bc5831cbc', '=', 'AND', NOW(), NOW()),
('e5c70162-222a-4889-b1d4-31ed2d196c5c', 1, '2ea9ac65-01d5-4c35-b099-5249b7429b06', 'fba03e8e-8dfb-4b32-b8b8-f5213ac98d46', '<=', 'AND', NOW(), NOW()),
('e1bf9e1f-3a9d-46f3-abd8-89c98858e8ed', 1, '7ad8b81e-24ea-48aa-b3e1-328222068c79', 'e50751ea-bf83-438f-8a8c-d755796e7925', '=', 'AND', NOW(), NOW()),
('4988b9c2-cd73-46ec-a6a7-e1333f453ccf', 1, '2b7a1921-13fb-450e-b217-b6686e35832e', 'fba03e8e-8dfb-4b32-b8b8-f5213ac98d46', '<=', 'AND', NOW(), NOW()),
('3b900069-81e6-43d4-a8e3-fd7df21ba2c2', 1, '4d187855-d11a-4921-b77f-c854a98aac97', 'e50751ea-bf83-438f-8a8c-d755796e7925', '=', 'AND', NOW(), NOW()),
('58dd1462-4e2a-4784-96f0-7288ab08980d', 1, '2d1117c5-424a-4a9a-9825-5bd67a278909', 'fba03e8e-8dfb-4b32-b8b8-f5213ac98d46', '>=', 'AND', NOW(), NOW()),
('89e4841d-6b91-43b3-9c9d-35127687b41a', 1, '481faad9-3a8f-45f1-beb9-acf29c30c67b', '6c98514c-3374-4be8-88fc-561bc5831cbc', '=', 'AND', NOW(), NOW()),
('8619e398-6cec-4307-b484-dd445fd4577d', 1, '73fb5e12-c158-423f-8acf-9ed5a382f6f1', 'e50751ea-bf83-438f-8a8c-d755796e7925', '=', 'AND', NOW(), NOW()),
('38f921dc-d921-484d-8849-f6eb4af6b60f', 1, 'c941412f-50eb-4395-94a8-211318066a10', 'e50751ea-bf83-438f-8a8c-d755796e7925', '=', 'AND', NOW(), NOW()),
('830515b4-5732-4764-accd-191c4dcb71c6', 1, '6c411ec7-0e25-45d6-980f-46ee08d44a9f', '1acbc057-ccf7-47db-afb9-2a67e08f8ebe', '<=', 'AND', NOW(), NOW()),
('528548c6-4dfd-40c6-842b-079add16da9f', 1, '9b116006-5244-423b-86e6-cbabe9f77baf', '1acbc057-ccf7-47db-afb9-2a67e08f8ebe', '<=', 'AND', NOW(), NOW()),
('c7b939de-5abb-4605-a93d-61a318153422', 1, '67363dc6-60dd-444b-8660-a0c9fc6ee5ce', '1acbc057-ccf7-47db-afb9-2a67e08f8ebe', '<=', 'AND', NOW(), NOW()),
('2e35c794-34da-485c-89ce-63d53c5efc61', 1, '413c5664-b2bc-4941-9fe8-33bc830e488d', 'e50751ea-bf83-438f-8a8c-d755796e7925', '=', 'AND', NOW(), NOW()),
('a738086c-c049-429d-abac-a49bfc0d7ba3', 1, '034350dc-3f4e-481e-949c-362ef0a31b6d', 'e50751ea-bf83-438f-8a8c-d755796e7925', '=', 'AND', NOW(), NOW()),
('1a4ea759-ca78-4429-8dff-9162926251b5', 1, '7e4c3d97-0a86-41de-aa5a-3de766223644', 'fba03e8e-8dfb-4b32-b8b8-f5213ac98d46', '>=', 'AND', NOW(), NOW());

INSERT INTO rules ("ID", "DECISION_RULE_ID", "VARIATION_NAME", "SCORE", "ORDER_NO", "CREATED_AT", "UPDATED_AT") VALUES
('1601c7d0-0d8f-4bcb-a28e-a96df873f8f5', '1a0d5ec3-a38a-406e-8472-072424b749cb', 'Core Age <= 23 01-1', 27.6, 1, NOW(), NOW()),
('ae01306c-c3e0-479b-a977-92f3901166f3', '1a0d5ec3-a38a-406e-8472-072424b749cb', 'Core Risk <= 5 01-2', 24.5, 2, NOW(), NOW()),
('e6d69da7-3ff8-46db-a342-f7369d1fec00', '1a0d5ec3-a38a-406e-8472-072424b749cb', 'Growth Segment SME 01-3', 19.2, 3, NOW(), NOW()),
('30c9e945-3abe-47ed-a8a0-51b6ff514af6', '1a0d5ec3-a38a-406e-8472-072424b749cb', 'Select Risk >= 2 01-4', 13.3, 4, NOW(), NOW()),
('f9f0d159-1b14-458d-9dd9-a3d4f69a5142', '9191c378-2e03-4942-9f14-15f7a598924a', 'Core Risk >= 1 02-1', 11.9, 1, NOW(), NOW()),
('64810d26-d115-4ad5-890c-7a41e7be9024', '9191c378-2e03-4942-9f14-15f7a598924a', 'Focus Risk >= 1 02-2', 10.2, 2, NOW(), NOW()),
('61cc6114-2a15-43cd-917a-3ea5aa5c8535', '9191c378-2e03-4942-9f14-15f7a598924a', 'Momentum Risk >= 5 02-3', 24.5, 3, NOW(), NOW()),
('50935335-53a3-4200-8883-914a3210fd6d', '9191c378-2e03-4942-9f14-15f7a598924a', 'Select Risk <= 3 02-4', 23.4, 4, NOW(), NOW()),
('becf84c6-95e3-4a95-8afb-bd9ad8c543ff', '639c9d54-f752-4a52-80b6-5247b6e47a0e', 'Core Age <= 43 03-1', 29.4, 1, NOW(), NOW()),
('d9897ecf-a1ae-4e8e-abe9-5ce660c9f20b', '639c9d54-f752-4a52-80b6-5247b6e47a0e', 'Elite Region South 03-2', 27.0, 2, NOW(), NOW()),
('b163221b-e227-42a8-b602-de1ff1c69edb', '482f66c2-caeb-4473-98a5-d0af13d43db0', 'Focus Segment VIP 04-1', 25.1, 1, NOW(), NOW()),
('07777e23-9821-4b9d-af2e-8a20cea5c98d', '482f66c2-caeb-4473-98a5-d0af13d43db0', 'Select Risk <= 2 04-2', 5.4, 2, NOW(), NOW()),
('4915e241-a060-420f-b4e5-34bb2fbec1c5', '482f66c2-caeb-4473-98a5-d0af13d43db0', 'Momentum Segment Affluent 04-3', 25.6, 3, NOW(), NOW()),
('d3c9ecb7-b7a7-41ce-99d0-f61dc52be3e8', '482f66c2-caeb-4473-98a5-d0af13d43db0', 'Select Risk <= 2 04-4', 15.4, 4, NOW(), NOW()),
('bb7e59ae-84ee-4b51-bea7-a940cd82e95f', '1178b345-de81-42c7-9bce-2f9c38eb4d2d', 'Growth Region Central 05-1', 9.8, 1, NOW(), NOW()),
('4de06a8a-4ee8-4acc-a480-67c5a8f0aae6', '1178b345-de81-42c7-9bce-2f9c38eb4d2d', 'Momentum Region North 05-2', 23.4, 2, NOW(), NOW()),
('55b48b09-6b44-4aa7-9fdf-9999ecbbb098', '1178b345-de81-42c7-9bce-2f9c38eb4d2d', 'Growth Risk <= 3 05-3', 20.8, 3, NOW(), NOW()),
('5c41a51d-ab5f-4632-8b94-83e9a225d495', '1178b345-de81-42c7-9bce-2f9c38eb4d2d', 'Elite Region Northeast 05-4', 14.9, 4, NOW(), NOW()),
('cb2c3a0e-13a7-4cbd-9398-86a092335c17', '8fdf4eaa-cfb8-46d4-a4a3-f09c8c5e29e4', 'Focus Age >= 36 06-1', 12.8, 1, NOW(), NOW()),
('752f4f87-f5dc-45f4-8a44-110d3c6ba319', '8fdf4eaa-cfb8-46d4-a4a3-f09c8c5e29e4', 'Elite Segment Mass 06-2', 11.1, 2, NOW(), NOW()),
('8f94189e-2848-426d-afd6-6a9640e8427d', '8fdf4eaa-cfb8-46d4-a4a3-f09c8c5e29e4', 'Elite Region North 06-3', 12.0, 3, NOW(), NOW()),
('02698ca5-e199-4b64-b2dd-04264ec4b29a', '8fdf4eaa-cfb8-46d4-a4a3-f09c8c5e29e4', 'Core Region North 06-4', 16.2, 4, NOW(), NOW()),
('0d5ba7cd-d374-444c-acf2-ea06068eb6fe', '91a1c573-4efe-49b8-a894-c1bc99e11994', 'Select Age <= 22 07-1', 26.6, 1, NOW(), NOW()),
('4ddc83d9-1d7f-4f93-8e52-cdbad351b046', '91a1c573-4efe-49b8-a894-c1bc99e11994', 'Select Risk >= 5 07-2', 11.0, 2, NOW(), NOW()),
('e0219a1f-4920-47e4-9335-a150a4bbdb74', 'c5755402-7e50-4251-8f26-974af9fe9da1', 'Core Region South 08-1', 20.9, 1, NOW(), NOW()),
('8c9bba81-29fe-42f5-a6be-b7792d188677', 'c5755402-7e50-4251-8f26-974af9fe9da1', 'Growth Region Northeast 08-2', 10.3, 2, NOW(), NOW()),
('deb9edbb-3fca-4171-9ab1-7bccac8e9c48', 'c5755402-7e50-4251-8f26-974af9fe9da1', 'Focus Segment VIP 08-3', 23.0, 3, NOW(), NOW()),
('2a3f3893-3eee-44e1-b77b-436aaa7a89ff', '528ceaf8-f62a-4003-b232-e308d5d9e000', 'Core Age >= 34 09-1', 28.7, 1, NOW(), NOW()),
('28914f3d-29a6-4077-85b8-28ae224e6b9d', '528ceaf8-f62a-4003-b232-e308d5d9e000', 'Elite Risk <= 3 09-2', 25.8, 2, NOW(), NOW()),
('6070c585-c09b-49d1-a332-c4f357dc85cc', '528ceaf8-f62a-4003-b232-e308d5d9e000', 'Elite Age >= 28 09-3', 20.2, 3, NOW(), NOW()),
('dc2dd8b9-59de-446d-9112-6640b9bd7eff', '528ceaf8-f62a-4003-b232-e308d5d9e000', 'Growth Region North 09-4', 13.6, 4, NOW(), NOW()),
('cf55fb94-bb2d-4837-ae61-2da3c832b0e9', 'f39d98f9-c74a-44f4-8545-e3f44e391081', 'Prime Segment VIP 10-1', 26.2, 1, NOW(), NOW()),
('be0a88cb-05bc-47a7-844d-9dca534bcec5', 'f39d98f9-c74a-44f4-8545-e3f44e391081', 'Select Region Central 10-2', 10.0, 2, NOW(), NOW()),
('c3a151fe-251f-4165-8796-57d07c8c9c74', '28859a02-5541-497f-ba93-ea51456c70b6', 'Growth Risk >= 3 11-1', 17.1, 1, NOW(), NOW()),
('520e1b68-ee3b-4eac-b547-d2dbdf69128e', '28859a02-5541-497f-ba93-ea51456c70b6', 'Priority Risk >= 4 11-2', 12.8, 2, NOW(), NOW()),
('66326b5d-f204-4d5a-b53b-5ec085da200a', '683b7df3-9cbf-4ac1-92ce-ed2f541f1e83', 'Elite Age >= 44 12-1', 24.5, 1, NOW(), NOW()),
('8fefe940-bb71-4210-9d68-680bb0a1f0e3', '683b7df3-9cbf-4ac1-92ce-ed2f541f1e83', 'Growth Segment VIP 12-2', 25.9, 2, NOW(), NOW()),
('34b20cb8-ca90-49ae-9a6f-c6dbb64888da', 'c0ac685e-bcd4-4e52-896c-5efed983ffad', 'Priority Segment Young Wealth 13-1', 6.6, 1, NOW(), NOW()),
('684b313c-188c-46db-856f-c7e992470363', 'c0ac685e-bcd4-4e52-896c-5efed983ffad', 'Momentum Risk >= 1 13-2', 12.7, 2, NOW(), NOW()),
('ae8e0de2-8e0a-47a7-932a-08a1bcfa2e0e', 'c0ac685e-bcd4-4e52-896c-5efed983ffad', 'Elite Age <= 26 13-3', 29.1, 3, NOW(), NOW()),
('407fae89-2b9c-40ff-8679-0f0c2a293c31', 'c0ac685e-bcd4-4e52-896c-5efed983ffad', 'Momentum Region Northeast 13-4', 13.3, 4, NOW(), NOW()),
('856cab7b-b32d-4daf-9ba0-97b22e4f6249', 'e02da961-7aff-4820-9e2f-4d5be976541f', 'Select Region North 14-1', 10.2, 1, NOW(), NOW()),
('44f06b6c-457b-4ba2-adf3-a0efaf14d275', 'e02da961-7aff-4820-9e2f-4d5be976541f', 'Growth Age >= 61 14-2', 23.9, 2, NOW(), NOW()),
('8d442265-eacc-442b-b61b-8a9717cd8389', 'e02da961-7aff-4820-9e2f-4d5be976541f', 'Select Segment VIP 14-3', 26.7, 3, NOW(), NOW()),
('1f9c3748-8a25-4a5c-9cd1-e9a90dbdc6ca', '7c711126-a6bf-4d5f-a072-4b892c0672b8', 'Core Region Central 15-1', 5.9, 1, NOW(), NOW()),
('cb1860f5-22da-4fd4-b39a-7ab6db067c86', '7c711126-a6bf-4d5f-a072-4b892c0672b8', 'Select Region Central 15-2', 19.2, 2, NOW(), NOW()),
('08bd3190-75e6-4c35-ad40-3ab818f31cd2', '4cd0b6a4-e0d4-464d-9ade-81cadf5fe957', 'Elite Segment Affluent 16-1', 23.1, 1, NOW(), NOW()),
('9fd2b62e-2fe8-4171-a0b7-a0d8b8089e59', '4cd0b6a4-e0d4-464d-9ade-81cadf5fe957', 'Select Region Bangkok 16-2', 21.8, 2, NOW(), NOW()),
('325b40ce-0384-47fa-9472-4c25dbcf5142', '68b64188-b864-4fb4-908e-b7f074f11a3d', 'Growth Risk >= 3 17-1', 22.6, 1, NOW(), NOW()),
('5cba9f19-7d8a-4bae-a311-ffd8f8c7e177', '68b64188-b864-4fb4-908e-b7f074f11a3d', 'Elite Segment Young Wealth 17-2', 24.7, 2, NOW(), NOW()),
('c606deb8-38c9-4c59-9691-720f670b4162', '8cbe158f-3ec9-4a9c-86f9-a9bd9afe285b', 'Select Segment Mass 18-1', 26.7, 1, NOW(), NOW()),
('a9830e0e-3bfa-4807-a7f4-a116f363a5c0', '8cbe158f-3ec9-4a9c-86f9-a9bd9afe285b', 'Focus Risk >= 2 18-2', 18.4, 2, NOW(), NOW()),
('0a6c51d4-2026-4ea9-ac24-3762e39195e2', '8cbe158f-3ec9-4a9c-86f9-a9bd9afe285b', 'Momentum Age >= 32 18-3', 7.7, 3, NOW(), NOW()),
('e45495ab-5471-4417-8fb3-b042783ce42a', 'e1eefeb4-c864-40f0-abf4-71555e5f5b7e', 'Focus Age <= 21 19-1', 13.8, 1, NOW(), NOW()),
('5173253f-2bd1-4f46-9b0a-b8198e492013', 'e1eefeb4-c864-40f0-abf4-71555e5f5b7e', 'Core Risk <= 5 19-2', 20.0, 2, NOW(), NOW()),
('d799c6bd-7f51-46dd-94ca-6eeaadd4506a', '404b0eca-de9c-46b5-bef2-bef69cdd8e61', 'Focus Risk >= 1 20-1', 7.0, 1, NOW(), NOW()),
('c5f6ff04-f7f2-43e4-a63f-29963a79dd27', '404b0eca-de9c-46b5-bef2-bef69cdd8e61', 'Momentum Age >= 42 20-2', 28.9, 2, NOW(), NOW()),
('4fd325dd-03fc-485d-ae8d-c700e1b894e7', '404b0eca-de9c-46b5-bef2-bef69cdd8e61', 'Elite Risk >= 4 20-3', 24.3, 3, NOW(), NOW()),
('0c7cc7fa-455b-4b25-8bc4-a43dffab7a3a', '404b0eca-de9c-46b5-bef2-bef69cdd8e61', 'Growth Region Bangkok 20-4', 20.6, 4, NOW(), NOW()),
('15e75944-f03b-43ca-8fe7-ae1ab5bbdfae', 'b6c5e083-6965-48dc-9cec-95110e1e0434', 'Focus Age >= 34 21-1', 21.8, 1, NOW(), NOW()),
('69063f00-03d7-49a7-b0c3-5ec9c1b8e5ce', 'b6c5e083-6965-48dc-9cec-95110e1e0434', 'Core Risk >= 4 21-2', 11.6, 2, NOW(), NOW()),
('ff711cdd-1bb3-4411-a575-dc9038c3a706', 'b6c5e083-6965-48dc-9cec-95110e1e0434', 'Core Age <= 26 21-3', 27.8, 3, NOW(), NOW()),
('9c4f6ee2-2abc-49aa-a6f2-22bb97c1933e', 'b6c5e083-6965-48dc-9cec-95110e1e0434', 'Momentum Segment SME 21-4', 29.9, 4, NOW(), NOW()),
('14e8c342-3372-4042-943c-79d1756467d2', '801db80d-907e-499a-aa3e-729339b461a8', 'Focus Risk >= 1 22-1', 9.4, 1, NOW(), NOW()),
('b122e355-7ee0-408a-a7f0-c40ef643ba20', '801db80d-907e-499a-aa3e-729339b461a8', 'Priority Region Bangkok 22-2', 27.2, 2, NOW(), NOW()),
('8a502522-6cfa-4a0c-8db8-65659306d940', '801db80d-907e-499a-aa3e-729339b461a8', 'Momentum Risk >= 1 22-3', 16.0, 3, NOW(), NOW()),
('454353a7-c41a-4fe7-8e0e-c6e35be0e95f', 'fa73eb6b-585b-4dbb-a82e-f9a20f9c4cf6', 'Prime Segment SME 23-1', 24.7, 1, NOW(), NOW()),
('1f1c23c2-ef14-43ae-9048-fdc53f4f83b6', 'fa73eb6b-585b-4dbb-a82e-f9a20f9c4cf6', 'Priority Risk >= 5 23-2', 21.1, 2, NOW(), NOW()),
('9360c74a-ff2f-456f-a817-6673c97aae3b', '68769975-8c4b-4294-886c-6070b394e201', 'Prime Age >= 23 24-1', 24.3, 1, NOW(), NOW()),
('4684279d-1f9d-4166-b36e-a398ed428b0e', '68769975-8c4b-4294-886c-6070b394e201', 'Focus Age <= 47 24-2', 6.5, 2, NOW(), NOW()),
('26235e50-7c48-4481-9e87-4c03db2980ae', '159fb7ff-7ef3-4219-ba6d-34c46fede3ce', 'Focus Segment Affluent 25-1', 12.3, 1, NOW(), NOW()),
('2ff5d341-ca92-4110-9d8c-0dc29c265c25', '159fb7ff-7ef3-4219-ba6d-34c46fede3ce', 'Focus Risk >= 3 25-2', 13.6, 2, NOW(), NOW()),
('28484cb1-3b54-497a-8d91-e388f4907f5f', '159fb7ff-7ef3-4219-ba6d-34c46fede3ce', 'Priority Segment Young Wealth 25-3', 26.3, 3, NOW(), NOW()),
('7301d603-4ead-477e-b107-ad6aceb84b20', '159fb7ff-7ef3-4219-ba6d-34c46fede3ce', 'Momentum Segment Mass 25-4', 21.2, 4, NOW(), NOW()),
('c41decc5-3014-469e-8484-5bf335f7c746', '39261e9a-f2be-4419-983c-6efa87b31c19', 'Growth Segment VIP 26-1', 11.6, 1, NOW(), NOW()),
('48cd8d72-2d57-444c-ac4a-8780959d4532', '39261e9a-f2be-4419-983c-6efa87b31c19', 'Growth Segment Affluent 26-2', 26.5, 2, NOW(), NOW()),
('9f953c1c-d503-4f37-960c-2d6a5c417ae8', '30ded410-2416-4af4-a15b-694b876a3639', 'Focus Age <= 44 27-1', 6.8, 1, NOW(), NOW()),
('c66285c2-f7c4-4c64-ba67-1193939728ac', '30ded410-2416-4af4-a15b-694b876a3639', 'Core Segment Affluent 27-2', 20.0, 2, NOW(), NOW()),
('78f13f7a-3dae-4fd2-86bf-5a5ceef1d3fe', '30ded410-2416-4af4-a15b-694b876a3639', 'Prime Age >= 53 27-3', 27.5, 3, NOW(), NOW()),
('6ca8fe70-7017-4f97-b582-52f572611e17', '822765b0-3423-45aa-9433-e5d6bd04a72a', 'Prime Region Central 28-1', 21.6, 1, NOW(), NOW()),
('a2ba488b-10b8-43e6-96cc-6d7802a1a039', '822765b0-3423-45aa-9433-e5d6bd04a72a', 'Select Risk >= 2 28-2', 20.7, 2, NOW(), NOW()),
('b4e7ba16-9632-4f51-a1ed-98089d7525b0', '635ecb78-d0a0-45c9-9ecb-51d5d443161c', 'Prime Risk <= 4 29-1', 8.0, 1, NOW(), NOW()),
('5c55f9dd-67b5-4c40-9fee-7a0fbb9b7721', '635ecb78-d0a0-45c9-9ecb-51d5d443161c', 'Elite Segment SME 29-2', 25.4, 2, NOW(), NOW()),
('8931a566-ccce-442c-a950-0bbd07ae9017', '635ecb78-d0a0-45c9-9ecb-51d5d443161c', 'Priority Region Northeast 29-3', 13.5, 3, NOW(), NOW()),
('e9a4adad-ab58-42e9-9924-094b3987201a', '635ecb78-d0a0-45c9-9ecb-51d5d443161c', 'Elite Risk >= 4 29-4', 21.8, 4, NOW(), NOW()),
('fb7914f5-1d28-4fab-8162-0b74e1010f5b', '4f0ba3c0-6b5d-4092-a444-e06b844cb834', 'Elite Region North 30-1', 20.6, 1, NOW(), NOW()),
('a3630008-40e8-41af-9bd3-9e4b92696098', '4f0ba3c0-6b5d-4092-a444-e06b844cb834', 'Elite Risk >= 4 30-2', 23.6, 2, NOW(), NOW()),
('ee483360-a6a1-4d70-a71e-1f95906196a0', '4a262f46-3c5a-4b1d-8bc3-5127cafdf8d6', 'Growth Age <= 54 31-1', 23.7, 1, NOW(), NOW()),
('af308a77-6fef-4cf9-b590-3bbebb82ff6f', '4a262f46-3c5a-4b1d-8bc3-5127cafdf8d6', 'Elite Region Bangkok 31-2', 14.2, 2, NOW(), NOW()),
('3a0e1c74-9758-4e68-b93e-5ff712f72e10', '4c3c73ce-0c06-49ef-96ab-e9388039d887', 'Select Risk >= 5 32-1', 24.5, 1, NOW(), NOW()),
('285c0d52-1f0b-4c4f-a285-b529b30d60c5', '4c3c73ce-0c06-49ef-96ab-e9388039d887', 'Core Segment VIP 32-2', 11.9, 2, NOW(), NOW()),
('724de2b7-15ff-4140-896a-f941b7b94779', '9ea032dd-5e8b-44da-b7dc-61c8cc3e6cf6', 'Core Segment VIP 33-1', 6.4, 1, NOW(), NOW()),
('18cdf4aa-a148-47fa-8a3d-543a0807540f', '9ea032dd-5e8b-44da-b7dc-61c8cc3e6cf6', 'Priority Region South 33-2', 28.5, 2, NOW(), NOW()),
('53f439aa-74be-40d0-b244-c1f5e7ffca96', '9ea032dd-5e8b-44da-b7dc-61c8cc3e6cf6', 'Core Segment Mass 33-3', 11.9, 3, NOW(), NOW()),
('3fc01863-e731-4c86-aead-1db83106fca5', '9ea032dd-5e8b-44da-b7dc-61c8cc3e6cf6', 'Focus Region South 33-4', 10.9, 4, NOW(), NOW()),
('f4f72fae-0598-4aac-8d72-13ab033fb63b', '038a18cd-2e00-4a7c-b0e0-2e7e90cc6d95', 'Core Risk >= 2 34-1', 15.1, 1, NOW(), NOW()),
('161f23a1-2321-4291-b276-a052047a42d6', '038a18cd-2e00-4a7c-b0e0-2e7e90cc6d95', 'Elite Segment Mass 34-2', 11.8, 2, NOW(), NOW()),
('1b683a99-ac0c-4344-b6ba-d2a3f595b92d', '48dd0b36-c471-4e9e-a939-044e271466bb', 'Core Risk >= 1 35-1', 24.8, 1, NOW(), NOW()),
('cc4d040f-a39e-4c8f-b127-8893f2dbf63a', '48dd0b36-c471-4e9e-a939-044e271466bb', 'Prime Region Bangkok 35-2', 29.8, 2, NOW(), NOW()),
('20923cbd-72c9-4ccd-a04f-e50a20f61051', '48dd0b36-c471-4e9e-a939-044e271466bb', 'Prime Age >= 28 35-3', 17.5, 3, NOW(), NOW()),
('e2bdc246-d953-4429-b205-4913c671656a', '48dd0b36-c471-4e9e-a939-044e271466bb', 'Prime Age >= 65 35-4', 19.4, 4, NOW(), NOW()),
('b569e801-6133-4a89-a030-a7f5ba3f31b2', 'b6160e21-c85a-4d5b-a289-be68edd46bd8', 'Prime Segment Affluent 36-1', 14.0, 1, NOW(), NOW()),
('5cdc934a-96f7-42f8-a92d-d35202382d11', 'b6160e21-c85a-4d5b-a289-be68edd46bd8', 'Momentum Region Bangkok 36-2', 16.6, 2, NOW(), NOW()),
('fbf9ef73-b115-4f16-90f4-8510de13b1b4', 'b6160e21-c85a-4d5b-a289-be68edd46bd8', 'Select Risk <= 1 36-3', 6.5, 3, NOW(), NOW()),
('5f04cf45-4f99-41f1-9522-ee2ca37dccfe', '2ea9ac65-01d5-4c35-b099-5249b7429b06', 'Elite Risk >= 1 37-1', 17.1, 1, NOW(), NOW()),
('8f7900a9-77d7-4ce3-a297-06ca09488a8c', '2ea9ac65-01d5-4c35-b099-5249b7429b06', 'Core Segment Mass 37-2', 20.4, 2, NOW(), NOW()),
('aed2f28f-f310-418b-bcf0-6ce2459c82cf', '2ea9ac65-01d5-4c35-b099-5249b7429b06', 'Select Segment SME 37-3', 27.7, 3, NOW(), NOW()),
('97535e95-1e3b-4529-a8d3-be54943837ef', '7ad8b81e-24ea-48aa-b3e1-328222068c79', 'Priority Risk >= 4 38-1', 27.5, 1, NOW(), NOW()),
('4e75debe-b7f2-4dec-96ec-390b69a6222b', '7ad8b81e-24ea-48aa-b3e1-328222068c79', 'Select Risk <= 2 38-2', 22.8, 2, NOW(), NOW()),
('88c6c007-5b07-4523-8ca5-85a568ffaf25', '7ad8b81e-24ea-48aa-b3e1-328222068c79', 'Select Region Northeast 38-3', 16.5, 3, NOW(), NOW()),
('e62f3a37-ae70-481a-aa3a-966d643ee942', '2b7a1921-13fb-450e-b217-b6686e35832e', 'Select Risk <= 5 39-1', 11.6, 1, NOW(), NOW()),
('7407b470-9d77-40c7-ba80-975f820a0d76', '2b7a1921-13fb-450e-b217-b6686e35832e', 'Elite Segment SME 39-2', 14.1, 2, NOW(), NOW()),
('66c38aea-57e1-4599-98d8-006ebe031584', '4d187855-d11a-4921-b77f-c854a98aac97', 'Focus Region North 40-1', 6.9, 1, NOW(), NOW()),
('80e28d61-2c36-447d-962f-8387906521ca', '4d187855-d11a-4921-b77f-c854a98aac97', 'Priority Region Northeast 40-2', 12.3, 2, NOW(), NOW()),
('e39df0f1-766c-4955-af54-3d95e00dd3c5', '4d187855-d11a-4921-b77f-c854a98aac97', 'Elite Segment VIP 40-3', 22.2, 3, NOW(), NOW()),
('80424ebf-cc42-4670-9e80-a4c8241c124c', '2d1117c5-424a-4a9a-9825-5bd67a278909', 'Prime Segment Mass 41-1', 19.9, 1, NOW(), NOW()),
('dc90d75c-8794-46e2-95f4-bc5c5ad5b76c', '2d1117c5-424a-4a9a-9825-5bd67a278909', 'Select Segment SME 41-2', 26.6, 2, NOW(), NOW()),
('fad5cb5a-0a3b-42f4-8dd9-bbd8848d9d00', '2d1117c5-424a-4a9a-9825-5bd67a278909', 'Priority Region Northeast 41-3', 5.1, 3, NOW(), NOW()),
('e8ebc616-f9c4-430d-8cc4-99b8287b9cdf', '2d1117c5-424a-4a9a-9825-5bd67a278909', 'Priority Risk <= 4 41-4', 14.3, 4, NOW(), NOW()),
('aee7800d-45b8-42c3-b78a-cbfe533ec37d', '481faad9-3a8f-45f1-beb9-acf29c30c67b', 'Priority Region Bangkok 42-1', 16.0, 1, NOW(), NOW()),
('074761ec-78ff-4f9c-9762-2336abd575ff', '481faad9-3a8f-45f1-beb9-acf29c30c67b', 'Priority Age <= 60 42-2', 13.3, 2, NOW(), NOW()),
('c8bae5b2-e3bc-4253-a052-bfa6b8d39c3d', '481faad9-3a8f-45f1-beb9-acf29c30c67b', 'Prime Age >= 56 42-3', 26.2, 3, NOW(), NOW()),
('840752e8-bc78-4aa4-9768-84abd39340e4', '481faad9-3a8f-45f1-beb9-acf29c30c67b', 'Priority Age >= 58 42-4', 11.1, 4, NOW(), NOW()),
('f4996721-866f-46fa-8a01-a0404330592f', '73fb5e12-c158-423f-8acf-9ed5a382f6f1', 'Priority Region Bangkok 43-1', 24.6, 1, NOW(), NOW()),
('b01c944e-ec70-4f70-9b6c-2de816691c15', '73fb5e12-c158-423f-8acf-9ed5a382f6f1', 'Priority Segment Mass 43-2', 26.0, 2, NOW(), NOW()),
('9d05b605-b872-4080-8a2c-b5586efdc853', '73fb5e12-c158-423f-8acf-9ed5a382f6f1', 'Elite Risk <= 5 43-3', 8.1, 3, NOW(), NOW()),
('05294cc8-d570-4d1b-b6b4-6e95aa9b36ae', 'c941412f-50eb-4395-94a8-211318066a10', 'Growth Segment VIP 44-1', 22.1, 1, NOW(), NOW()),
('b315136c-2031-4713-bdd2-b76fd7db9326', 'c941412f-50eb-4395-94a8-211318066a10', 'Core Age <= 41 44-2', 15.2, 2, NOW(), NOW()),
('38c04eb8-80d9-4e28-a42e-42d195560f1f', 'c941412f-50eb-4395-94a8-211318066a10', 'Elite Age >= 59 44-3', 20.5, 3, NOW(), NOW()),
('16053d9e-17e9-4072-a1de-04c814e4d56d', '6c411ec7-0e25-45d6-980f-46ee08d44a9f', 'Core Segment Affluent 45-1', 27.0, 1, NOW(), NOW()),
('9fab3db7-359d-4950-872e-f85b7455a825', '6c411ec7-0e25-45d6-980f-46ee08d44a9f', 'Elite Age <= 63 45-2', 25.7, 2, NOW(), NOW()),
('1b5de42b-8e6a-4389-8840-0249a02e2863', '6c411ec7-0e25-45d6-980f-46ee08d44a9f', 'Select Region South 45-3', 6.7, 3, NOW(), NOW()),
('d7736859-de24-4e6f-8d38-8b4a1459bfe5', '9b116006-5244-423b-86e6-cbabe9f77baf', 'Focus Risk <= 2 46-1', 20.9, 1, NOW(), NOW()),
('45865993-4b4e-42f7-b653-62d40b04aef6', '9b116006-5244-423b-86e6-cbabe9f77baf', 'Growth Region Northeast 46-2', 24.9, 2, NOW(), NOW()),
('56a9cd2c-2398-4d83-8ec5-7ef4f8a744a4', '9b116006-5244-423b-86e6-cbabe9f77baf', 'Core Region North 46-3', 7.3, 3, NOW(), NOW()),
('03de891e-1732-4eda-a0ff-cd6546849362', '9b116006-5244-423b-86e6-cbabe9f77baf', 'Prime Risk <= 5 46-4', 26.6, 4, NOW(), NOW()),
('a6e0975d-e417-4bcc-8140-2e7685af1e96', '67363dc6-60dd-444b-8660-a0c9fc6ee5ce', 'Growth Age <= 40 47-1', 26.5, 1, NOW(), NOW()),
('c1ff405a-759a-4739-a7fc-71d13ed58007', '67363dc6-60dd-444b-8660-a0c9fc6ee5ce', 'Growth Risk >= 1 47-2', 7.5, 2, NOW(), NOW()),
('16e07397-4f24-4c32-8bf1-36febd8ffed2', '67363dc6-60dd-444b-8660-a0c9fc6ee5ce', 'Growth Region Central 47-3', 7.2, 3, NOW(), NOW()),
('a1cf63e1-8da8-417c-a617-2c85afe58a7a', '413c5664-b2bc-4941-9fe8-33bc830e488d', 'Elite Risk <= 5 48-1', 8.1, 1, NOW(), NOW()),
('721cb336-2a0e-451f-b308-5c488131247f', '413c5664-b2bc-4941-9fe8-33bc830e488d', 'Focus Region North 48-2', 19.7, 2, NOW(), NOW()),
('b6ed2e9f-3c45-496b-9e0b-c18848c753f0', '413c5664-b2bc-4941-9fe8-33bc830e488d', 'Core Region South 48-3', 19.7, 3, NOW(), NOW()),
('d4ecd0bf-2078-41a8-8a80-94c5257bf636', '034350dc-3f4e-481e-949c-362ef0a31b6d', 'Growth Risk >= 5 49-1', 17.5, 1, NOW(), NOW()),
('837670ee-6857-43c8-b6db-efec46fa7916', '034350dc-3f4e-481e-949c-362ef0a31b6d', 'Prime Risk <= 1 49-2', 20.1, 2, NOW(), NOW()),
('30885704-1d51-4f34-92ec-f54ff7a538b2', '034350dc-3f4e-481e-949c-362ef0a31b6d', 'Select Age >= 59 49-3', 15.5, 3, NOW(), NOW()),
('426a093a-277a-44e6-b1de-4364bd15b397', '7e4c3d97-0a86-41de-aa5a-3de766223644', 'Momentum Risk >= 4 50-1', 26.3, 1, NOW(), NOW()),
('d303fbcd-5780-4a9e-bff0-9ffdbc0daba7', '7e4c3d97-0a86-41de-aa5a-3de766223644', 'Elite Region Central 50-2', 24.8, 2, NOW(), NOW());

INSERT INTO rule_attributes ("ID", "RULE_ID", "ATTRIBUTE_ID", "VALUE", "CREATED_AT", "UPDATED_AT") VALUES
('04651cce-8dcd-4cad-9f6c-6ffb0220d6e1', '1601c7d0-0d8f-4bcb-a28e-a96df873f8f5', 'fba03e8e-8dfb-4b32-b8b8-f5213ac98d46', '23', NOW(), NOW()),
('14fa38c9-d370-49a9-aa19-13d798ebd26b', 'ae01306c-c3e0-479b-a977-92f3901166f3', '1acbc057-ccf7-47db-afb9-2a67e08f8ebe', '5', NOW(), NOW()),
('f55149ef-03ae-4b45-9127-1366072d1271', 'e6d69da7-3ff8-46db-a342-f7369d1fec00', 'e50751ea-bf83-438f-8a8c-d755796e7925', '"SME"', NOW(), NOW()),
('34b0181b-6897-4ff2-ac81-abeff765b91e', '30c9e945-3abe-47ed-a8a0-51b6ff514af6', '1acbc057-ccf7-47db-afb9-2a67e08f8ebe', '2', NOW(), NOW()),
('f57b3d18-6ae9-4390-a357-6bbcdf0f595c', 'f9f0d159-1b14-458d-9dd9-a3d4f69a5142', '1acbc057-ccf7-47db-afb9-2a67e08f8ebe', '1', NOW(), NOW()),
('489ee1ce-5ba6-4fc8-88a9-ac1a8fdd16cf', '64810d26-d115-4ad5-890c-7a41e7be9024', '1acbc057-ccf7-47db-afb9-2a67e08f8ebe', '1', NOW(), NOW()),
('6d045b67-22d6-4366-931a-6980dcf12229', '61cc6114-2a15-43cd-917a-3ea5aa5c8535', '1acbc057-ccf7-47db-afb9-2a67e08f8ebe', '5', NOW(), NOW()),
('9e7a88ca-f750-409a-b6d8-6148ac2bba4b', '50935335-53a3-4200-8883-914a3210fd6d', '1acbc057-ccf7-47db-afb9-2a67e08f8ebe', '3', NOW(), NOW()),
('d2139d8d-4df0-45fd-bab9-f5c0818d6c93', 'becf84c6-95e3-4a95-8afb-bd9ad8c543ff', 'fba03e8e-8dfb-4b32-b8b8-f5213ac98d46', '43', NOW(), NOW()),
('7a094605-0244-4161-b63e-f24601f1a2cb', 'd9897ecf-a1ae-4e8e-abe9-5ce660c9f20b', '6c98514c-3374-4be8-88fc-561bc5831cbc', '"South"', NOW(), NOW()),
('26310582-ee71-4b7f-8d5f-78a1256f1a80', 'b163221b-e227-42a8-b602-de1ff1c69edb', 'e50751ea-bf83-438f-8a8c-d755796e7925', '"VIP"', NOW(), NOW()),
('8633774b-250c-41f7-a6d4-e53772d256f5', '07777e23-9821-4b9d-af2e-8a20cea5c98d', '1acbc057-ccf7-47db-afb9-2a67e08f8ebe', '2', NOW(), NOW()),
('858c932f-3fc0-40e7-86f4-6d1a40677add', '4915e241-a060-420f-b4e5-34bb2fbec1c5', 'e50751ea-bf83-438f-8a8c-d755796e7925', '"Affluent"', NOW(), NOW()),
('236acf92-fded-4e60-b09a-bcd01462d6b3', 'd3c9ecb7-b7a7-41ce-99d0-f61dc52be3e8', '1acbc057-ccf7-47db-afb9-2a67e08f8ebe', '2', NOW(), NOW()),
('f44ed7cc-62c3-4997-a07f-55c5b9fcf60b', 'bb7e59ae-84ee-4b51-bea7-a940cd82e95f', '6c98514c-3374-4be8-88fc-561bc5831cbc', '"Central"', NOW(), NOW()),
('f262aa16-df76-4b7a-bdfc-1eb7348e32d6', '4de06a8a-4ee8-4acc-a480-67c5a8f0aae6', '6c98514c-3374-4be8-88fc-561bc5831cbc', '"North"', NOW(), NOW()),
('697b7663-090e-4650-9b15-c40f4accb240', '55b48b09-6b44-4aa7-9fdf-9999ecbbb098', '1acbc057-ccf7-47db-afb9-2a67e08f8ebe', '3', NOW(), NOW()),
('c252149a-b6a8-4908-8f2c-c03bd115d063', '5c41a51d-ab5f-4632-8b94-83e9a225d495', '6c98514c-3374-4be8-88fc-561bc5831cbc', '"Northeast"', NOW(), NOW()),
('937cf7c8-e7c4-4734-bef9-e91c91c1dfbf', 'cb2c3a0e-13a7-4cbd-9398-86a092335c17', 'fba03e8e-8dfb-4b32-b8b8-f5213ac98d46', '36', NOW(), NOW()),
('8e27a68d-deb8-4260-8555-106d5c834482', '752f4f87-f5dc-45f4-8a44-110d3c6ba319', 'e50751ea-bf83-438f-8a8c-d755796e7925', '"Mass"', NOW(), NOW()),
('511a5dcf-02a2-470a-b23a-cfc265e519be', '8f94189e-2848-426d-afd6-6a9640e8427d', '6c98514c-3374-4be8-88fc-561bc5831cbc', '"North"', NOW(), NOW()),
('fa35882f-5b0a-43c1-b35f-1b391f88a69f', '02698ca5-e199-4b64-b2dd-04264ec4b29a', '6c98514c-3374-4be8-88fc-561bc5831cbc', '"North"', NOW(), NOW()),
('2e800e3c-42d3-497c-9b71-39c953e5852f', '0d5ba7cd-d374-444c-acf2-ea06068eb6fe', 'fba03e8e-8dfb-4b32-b8b8-f5213ac98d46', '22', NOW(), NOW()),
('f9ce4cd2-6bca-4c94-9ecf-2f443265043c', '4ddc83d9-1d7f-4f93-8e52-cdbad351b046', '1acbc057-ccf7-47db-afb9-2a67e08f8ebe', '5', NOW(), NOW()),
('b23bd2e3-cfd1-4ec1-bb7e-37a62ce33b7a', 'e0219a1f-4920-47e4-9335-a150a4bbdb74', '6c98514c-3374-4be8-88fc-561bc5831cbc', '"South"', NOW(), NOW()),
('cab23e08-8724-441c-86a5-4c52999f8897', '8c9bba81-29fe-42f5-a6be-b7792d188677', '6c98514c-3374-4be8-88fc-561bc5831cbc', '"Northeast"', NOW(), NOW()),
('6c54595a-8e13-4759-870b-f6db5ef74368', 'deb9edbb-3fca-4171-9ab1-7bccac8e9c48', 'e50751ea-bf83-438f-8a8c-d755796e7925', '"VIP"', NOW(), NOW()),
('348d481a-4566-45f5-8fdf-41fe55773c08', '2a3f3893-3eee-44e1-b77b-436aaa7a89ff', 'fba03e8e-8dfb-4b32-b8b8-f5213ac98d46', '34', NOW(), NOW()),
('3099e60e-50c0-42cb-bbc1-f9ab3e833f33', '28914f3d-29a6-4077-85b8-28ae224e6b9d', '1acbc057-ccf7-47db-afb9-2a67e08f8ebe', '3', NOW(), NOW()),
('306de189-3df9-4ac7-a810-81e016f40b6b', '6070c585-c09b-49d1-a332-c4f357dc85cc', 'fba03e8e-8dfb-4b32-b8b8-f5213ac98d46', '28', NOW(), NOW()),
('1e7e957b-f89c-49e2-b98e-dd090edfbbc2', 'dc2dd8b9-59de-446d-9112-6640b9bd7eff', '6c98514c-3374-4be8-88fc-561bc5831cbc', '"North"', NOW(), NOW()),
('e5e2ee7e-13ce-43c4-befc-0b374d98e353', 'cf55fb94-bb2d-4837-ae61-2da3c832b0e9', 'e50751ea-bf83-438f-8a8c-d755796e7925', '"VIP"', NOW(), NOW()),
('01e4fb66-c7d7-4075-ae7e-9f2f90ab5b3f', 'be0a88cb-05bc-47a7-844d-9dca534bcec5', '6c98514c-3374-4be8-88fc-561bc5831cbc', '"Central"', NOW(), NOW()),
('ee184556-c543-4836-a560-08d5e68480af', 'c3a151fe-251f-4165-8796-57d07c8c9c74', '1acbc057-ccf7-47db-afb9-2a67e08f8ebe', '3', NOW(), NOW()),
('2f168929-9172-4862-9c5e-c016f45f082e', '520e1b68-ee3b-4eac-b547-d2dbdf69128e', '1acbc057-ccf7-47db-afb9-2a67e08f8ebe', '4', NOW(), NOW()),
('bd317fa8-aea9-4a06-af6e-6f7a194e6e58', '66326b5d-f204-4d5a-b53b-5ec085da200a', 'fba03e8e-8dfb-4b32-b8b8-f5213ac98d46', '44', NOW(), NOW()),
('46e3a8fd-104c-402c-ab43-c57c79062d02', '8fefe940-bb71-4210-9d68-680bb0a1f0e3', 'e50751ea-bf83-438f-8a8c-d755796e7925', '"VIP"', NOW(), NOW()),
('bcc5d947-4402-4e8c-89a3-958b059cf12c', '34b20cb8-ca90-49ae-9a6f-c6dbb64888da', 'e50751ea-bf83-438f-8a8c-d755796e7925', '"Young Wealth"', NOW(), NOW()),
('665dcb7d-2409-4609-929b-59b0065b052c', '684b313c-188c-46db-856f-c7e992470363', '1acbc057-ccf7-47db-afb9-2a67e08f8ebe', '1', NOW(), NOW()),
('efdf4437-8e49-419d-b3bc-82e920af5146', 'ae8e0de2-8e0a-47a7-932a-08a1bcfa2e0e', 'fba03e8e-8dfb-4b32-b8b8-f5213ac98d46', '26', NOW(), NOW()),
('c99d412d-15d2-47d1-8249-7f3f393cd5e2', '407fae89-2b9c-40ff-8679-0f0c2a293c31', '6c98514c-3374-4be8-88fc-561bc5831cbc', '"Northeast"', NOW(), NOW()),
('f48b38a2-d8c2-42b3-921a-5d0603cfa5c1', '856cab7b-b32d-4daf-9ba0-97b22e4f6249', '6c98514c-3374-4be8-88fc-561bc5831cbc', '"North"', NOW(), NOW()),
('284a22c0-06a5-43dd-b03c-103bf152f76e', '44f06b6c-457b-4ba2-adf3-a0efaf14d275', 'fba03e8e-8dfb-4b32-b8b8-f5213ac98d46', '61', NOW(), NOW()),
('6b764f27-c805-4ef7-92ed-f1909d74d3e4', '8d442265-eacc-442b-b61b-8a9717cd8389', 'e50751ea-bf83-438f-8a8c-d755796e7925', '"VIP"', NOW(), NOW()),
('9c8fe396-921b-48fd-b336-fbf186618700', '1f9c3748-8a25-4a5c-9cd1-e9a90dbdc6ca', '6c98514c-3374-4be8-88fc-561bc5831cbc', '"Central"', NOW(), NOW()),
('75d12b50-5b49-4175-bd59-1934bf6f0d43', 'cb1860f5-22da-4fd4-b39a-7ab6db067c86', '6c98514c-3374-4be8-88fc-561bc5831cbc', '"Central"', NOW(), NOW()),
('71db475c-b56b-4361-90ff-1f631088c178', '08bd3190-75e6-4c35-ad40-3ab818f31cd2', 'e50751ea-bf83-438f-8a8c-d755796e7925', '"Affluent"', NOW(), NOW()),
('bc70d6a2-ccbf-46de-b914-56611734605e', '9fd2b62e-2fe8-4171-a0b7-a0d8b8089e59', '6c98514c-3374-4be8-88fc-561bc5831cbc', '"Bangkok"', NOW(), NOW()),
('db489dc6-1647-457a-9df1-05e1d0817432', '325b40ce-0384-47fa-9472-4c25dbcf5142', '1acbc057-ccf7-47db-afb9-2a67e08f8ebe', '3', NOW(), NOW()),
('62e98eca-156c-40b5-b98b-adf282605082', '5cba9f19-7d8a-4bae-a311-ffd8f8c7e177', 'e50751ea-bf83-438f-8a8c-d755796e7925', '"Young Wealth"', NOW(), NOW()),
('86fc27f6-e484-453f-9184-19cf91b2ba22', 'c606deb8-38c9-4c59-9691-720f670b4162', 'e50751ea-bf83-438f-8a8c-d755796e7925', '"Mass"', NOW(), NOW()),
('ec8b8532-433f-49cc-b171-ed59489bc103', 'a9830e0e-3bfa-4807-a7f4-a116f363a5c0', '1acbc057-ccf7-47db-afb9-2a67e08f8ebe', '2', NOW(), NOW()),
('1de074b4-2998-4952-b17e-d01a8b0a2305', '0a6c51d4-2026-4ea9-ac24-3762e39195e2', 'fba03e8e-8dfb-4b32-b8b8-f5213ac98d46', '32', NOW(), NOW()),
('5b729112-c7b6-4ba0-bbae-720c61bfd5f3', 'e45495ab-5471-4417-8fb3-b042783ce42a', 'fba03e8e-8dfb-4b32-b8b8-f5213ac98d46', '21', NOW(), NOW()),
('231bdda6-6251-4ffb-ba38-e3c13ffcae77', '5173253f-2bd1-4f46-9b0a-b8198e492013', '1acbc057-ccf7-47db-afb9-2a67e08f8ebe', '5', NOW(), NOW()),
('f8780174-b9b4-46a4-9924-78d652676810', 'd799c6bd-7f51-46dd-94ca-6eeaadd4506a', '1acbc057-ccf7-47db-afb9-2a67e08f8ebe', '1', NOW(), NOW()),
('16764efa-c9ba-48ae-8890-05913e49400c', 'c5f6ff04-f7f2-43e4-a63f-29963a79dd27', 'fba03e8e-8dfb-4b32-b8b8-f5213ac98d46', '42', NOW(), NOW()),
('0856eb8a-3b9f-40fd-b35e-691732b6749d', '4fd325dd-03fc-485d-ae8d-c700e1b894e7', '1acbc057-ccf7-47db-afb9-2a67e08f8ebe', '4', NOW(), NOW()),
('1da8288c-bdba-49cd-891a-ac91caeacdb5', '0c7cc7fa-455b-4b25-8bc4-a43dffab7a3a', '6c98514c-3374-4be8-88fc-561bc5831cbc', '"Bangkok"', NOW(), NOW()),
('f89684c1-3ed3-4513-a3d1-f14ea7170124', '15e75944-f03b-43ca-8fe7-ae1ab5bbdfae', 'fba03e8e-8dfb-4b32-b8b8-f5213ac98d46', '34', NOW(), NOW()),
('52ba2e41-2151-45ce-9d4c-027c6f12ae51', '69063f00-03d7-49a7-b0c3-5ec9c1b8e5ce', '1acbc057-ccf7-47db-afb9-2a67e08f8ebe', '4', NOW(), NOW()),
('e24beee7-1a42-4729-9fd1-e1778b7d8ff8', 'ff711cdd-1bb3-4411-a575-dc9038c3a706', 'fba03e8e-8dfb-4b32-b8b8-f5213ac98d46', '26', NOW(), NOW()),
('61c7ddf6-4c7c-47e3-beea-41b398fb82d0', '9c4f6ee2-2abc-49aa-a6f2-22bb97c1933e', 'e50751ea-bf83-438f-8a8c-d755796e7925', '"SME"', NOW(), NOW()),
('63880712-357c-4d0b-996c-2f82ea7704ca', '14e8c342-3372-4042-943c-79d1756467d2', '1acbc057-ccf7-47db-afb9-2a67e08f8ebe', '1', NOW(), NOW()),
('5728a686-af6c-4243-8015-ef315c7e355f', 'b122e355-7ee0-408a-a7f0-c40ef643ba20', '6c98514c-3374-4be8-88fc-561bc5831cbc', '"Bangkok"', NOW(), NOW()),
('7de5f6db-f1ae-4c97-97e5-a2a24a847776', '8a502522-6cfa-4a0c-8db8-65659306d940', '1acbc057-ccf7-47db-afb9-2a67e08f8ebe', '1', NOW(), NOW()),
('12a687e9-b50b-4379-b4a3-a2790438c87d', '454353a7-c41a-4fe7-8e0e-c6e35be0e95f', 'e50751ea-bf83-438f-8a8c-d755796e7925', '"SME"', NOW(), NOW()),
('d4985e0f-5477-4cc2-9bd6-9809c475e379', '1f1c23c2-ef14-43ae-9048-fdc53f4f83b6', '1acbc057-ccf7-47db-afb9-2a67e08f8ebe', '5', NOW(), NOW()),
('2fec58f9-1af5-4a5f-9229-7e06029d6190', '9360c74a-ff2f-456f-a817-6673c97aae3b', 'fba03e8e-8dfb-4b32-b8b8-f5213ac98d46', '23', NOW(), NOW()),
('497bf80f-e3ad-4411-9444-91cfb637bc9c', '4684279d-1f9d-4166-b36e-a398ed428b0e', 'fba03e8e-8dfb-4b32-b8b8-f5213ac98d46', '47', NOW(), NOW()),
('d47a4586-0571-40c8-afc9-aa9706adc15e', '26235e50-7c48-4481-9e87-4c03db2980ae', 'e50751ea-bf83-438f-8a8c-d755796e7925', '"Affluent"', NOW(), NOW()),
('4ac34450-3fe5-4b8e-8f2d-463b3e22c902', '2ff5d341-ca92-4110-9d8c-0dc29c265c25', '1acbc057-ccf7-47db-afb9-2a67e08f8ebe', '3', NOW(), NOW()),
('153c64d4-19ad-4c3c-ae96-a66c9404293a', '28484cb1-3b54-497a-8d91-e388f4907f5f', 'e50751ea-bf83-438f-8a8c-d755796e7925', '"Young Wealth"', NOW(), NOW()),
('038a03e3-6d7f-4ada-ae00-7025576d780e', '7301d603-4ead-477e-b107-ad6aceb84b20', 'e50751ea-bf83-438f-8a8c-d755796e7925', '"Mass"', NOW(), NOW()),
('b5d763d1-c3c3-4b72-854a-23cea5ae322e', 'c41decc5-3014-469e-8484-5bf335f7c746', 'e50751ea-bf83-438f-8a8c-d755796e7925', '"VIP"', NOW(), NOW()),
('def32b83-0dee-487c-9fb1-26b68aa00b45', '48cd8d72-2d57-444c-ac4a-8780959d4532', 'e50751ea-bf83-438f-8a8c-d755796e7925', '"Affluent"', NOW(), NOW()),
('ab46dd2e-6ae8-4808-9f58-93b7a233719b', '9f953c1c-d503-4f37-960c-2d6a5c417ae8', 'fba03e8e-8dfb-4b32-b8b8-f5213ac98d46', '44', NOW(), NOW()),
('582427d5-969e-4079-88db-e7674ed91359', 'c66285c2-f7c4-4c64-ba67-1193939728ac', 'e50751ea-bf83-438f-8a8c-d755796e7925', '"Affluent"', NOW(), NOW()),
('5fa7adf6-d789-42a9-bdd2-77a69796d761', '78f13f7a-3dae-4fd2-86bf-5a5ceef1d3fe', 'fba03e8e-8dfb-4b32-b8b8-f5213ac98d46', '53', NOW(), NOW()),
('087abb7a-e886-4ebb-9313-52eb8a0f9089', '6ca8fe70-7017-4f97-b582-52f572611e17', '6c98514c-3374-4be8-88fc-561bc5831cbc', '"Central"', NOW(), NOW()),
('5670b1fd-30da-40ab-94b3-1304457c0870', 'a2ba488b-10b8-43e6-96cc-6d7802a1a039', '1acbc057-ccf7-47db-afb9-2a67e08f8ebe', '2', NOW(), NOW()),
('1aca10dd-e044-4040-9aab-e43e144303db', 'b4e7ba16-9632-4f51-a1ed-98089d7525b0', '1acbc057-ccf7-47db-afb9-2a67e08f8ebe', '4', NOW(), NOW()),
('ec0b4445-d5e9-4a54-ac13-44b972d1afdb', '5c55f9dd-67b5-4c40-9fee-7a0fbb9b7721', 'e50751ea-bf83-438f-8a8c-d755796e7925', '"SME"', NOW(), NOW()),
('84460ba3-0bd7-4523-b567-a0840e8e5e8e', '8931a566-ccce-442c-a950-0bbd07ae9017', '6c98514c-3374-4be8-88fc-561bc5831cbc', '"Northeast"', NOW(), NOW()),
('68d5e070-9f92-4d45-a935-19c69c8e7481', 'e9a4adad-ab58-42e9-9924-094b3987201a', '1acbc057-ccf7-47db-afb9-2a67e08f8ebe', '4', NOW(), NOW()),
('28f493be-0f20-4ef1-a185-643730e59f38', 'fb7914f5-1d28-4fab-8162-0b74e1010f5b', '6c98514c-3374-4be8-88fc-561bc5831cbc', '"North"', NOW(), NOW()),
('a55e0a1a-3a12-4ca3-94a1-18154db53fab', 'a3630008-40e8-41af-9bd3-9e4b92696098', '1acbc057-ccf7-47db-afb9-2a67e08f8ebe', '4', NOW(), NOW()),
('d034926d-7c28-4603-a88b-75924846ece2', 'ee483360-a6a1-4d70-a71e-1f95906196a0', 'fba03e8e-8dfb-4b32-b8b8-f5213ac98d46', '54', NOW(), NOW()),
('6bb4c8c3-fa7d-44a0-931d-5739a2ed4b2c', 'af308a77-6fef-4cf9-b590-3bbebb82ff6f', '6c98514c-3374-4be8-88fc-561bc5831cbc', '"Bangkok"', NOW(), NOW()),
('d735fe6a-2c90-4b5b-b7a7-e3d9f4ebf2d0', '3a0e1c74-9758-4e68-b93e-5ff712f72e10', '1acbc057-ccf7-47db-afb9-2a67e08f8ebe', '5', NOW(), NOW()),
('d5558f7d-eef9-44bd-b882-21ab7a45d568', '285c0d52-1f0b-4c4f-a285-b529b30d60c5', 'e50751ea-bf83-438f-8a8c-d755796e7925', '"VIP"', NOW(), NOW()),
('80754ef8-4a2d-4d42-a4b5-98af58a213e1', '724de2b7-15ff-4140-896a-f941b7b94779', 'e50751ea-bf83-438f-8a8c-d755796e7925', '"VIP"', NOW(), NOW()),
('5aee2a13-81a5-4321-a7c2-91a018ad2ea6', '18cdf4aa-a148-47fa-8a3d-543a0807540f', '6c98514c-3374-4be8-88fc-561bc5831cbc', '"South"', NOW(), NOW()),
('d83f1f13-4194-45b3-a52a-8264fb3e9d81', '53f439aa-74be-40d0-b244-c1f5e7ffca96', 'e50751ea-bf83-438f-8a8c-d755796e7925', '"Mass"', NOW(), NOW()),
('55e3f357-353b-40f3-945e-66cb50666471', '3fc01863-e731-4c86-aead-1db83106fca5', '6c98514c-3374-4be8-88fc-561bc5831cbc', '"South"', NOW(), NOW()),
('3c83a34a-10b5-45e6-a879-df35cb9cf271', 'f4f72fae-0598-4aac-8d72-13ab033fb63b', '1acbc057-ccf7-47db-afb9-2a67e08f8ebe', '2', NOW(), NOW()),
('4439a573-4f30-442a-85bf-bbffe70a3e89', '161f23a1-2321-4291-b276-a052047a42d6', 'e50751ea-bf83-438f-8a8c-d755796e7925', '"Mass"', NOW(), NOW()),
('a449aaa7-c311-4316-9afc-0b7c7f56f201', '1b683a99-ac0c-4344-b6ba-d2a3f595b92d', '1acbc057-ccf7-47db-afb9-2a67e08f8ebe', '1', NOW(), NOW()),
('261c7052-2df7-4457-94f9-8f637029fcbf', 'cc4d040f-a39e-4c8f-b127-8893f2dbf63a', '6c98514c-3374-4be8-88fc-561bc5831cbc', '"Bangkok"', NOW(), NOW()),
('fc0e3e1c-6588-4613-8738-0cf671d17360', '20923cbd-72c9-4ccd-a04f-e50a20f61051', 'fba03e8e-8dfb-4b32-b8b8-f5213ac98d46', '28', NOW(), NOW()),
('4e7307e0-0287-40de-a64b-fd7fcaa442c3', 'e2bdc246-d953-4429-b205-4913c671656a', 'fba03e8e-8dfb-4b32-b8b8-f5213ac98d46', '65', NOW(), NOW()),
('ce853860-a51c-459c-a0c6-7c518f07c2f5', 'b569e801-6133-4a89-a030-a7f5ba3f31b2', 'e50751ea-bf83-438f-8a8c-d755796e7925', '"Affluent"', NOW(), NOW()),
('b8a814e8-de6f-491f-9176-a21d964f1e50', '5cdc934a-96f7-42f8-a92d-d35202382d11', '6c98514c-3374-4be8-88fc-561bc5831cbc', '"Bangkok"', NOW(), NOW()),
('95c713d2-84bb-4b64-86e1-f146d000b4ab', 'fbf9ef73-b115-4f16-90f4-8510de13b1b4', '1acbc057-ccf7-47db-afb9-2a67e08f8ebe', '1', NOW(), NOW()),
('a171ce01-0496-4c79-81f6-9f1c5e61f7d0', '5f04cf45-4f99-41f1-9522-ee2ca37dccfe', '1acbc057-ccf7-47db-afb9-2a67e08f8ebe', '1', NOW(), NOW()),
('5a1287cf-e310-4400-9c61-da8a7414355e', '8f7900a9-77d7-4ce3-a297-06ca09488a8c', 'e50751ea-bf83-438f-8a8c-d755796e7925', '"Mass"', NOW(), NOW()),
('bc4821b4-438f-42ef-910d-f61c7da00ff1', 'aed2f28f-f310-418b-bcf0-6ce2459c82cf', 'e50751ea-bf83-438f-8a8c-d755796e7925', '"SME"', NOW(), NOW()),
('c695003f-271e-4e7f-82cb-8dbad1cc3dc1', '97535e95-1e3b-4529-a8d3-be54943837ef', '1acbc057-ccf7-47db-afb9-2a67e08f8ebe', '4', NOW(), NOW()),
('e4898ac7-ff41-44d5-9f97-cda40e6bd1a4', '4e75debe-b7f2-4dec-96ec-390b69a6222b', '1acbc057-ccf7-47db-afb9-2a67e08f8ebe', '2', NOW(), NOW()),
('eb16a5e7-33e1-4de9-b032-590b162e6606', '88c6c007-5b07-4523-8ca5-85a568ffaf25', '6c98514c-3374-4be8-88fc-561bc5831cbc', '"Northeast"', NOW(), NOW()),
('7743734f-93ed-41fa-8f08-e41138399a84', 'e62f3a37-ae70-481a-aa3a-966d643ee942', '1acbc057-ccf7-47db-afb9-2a67e08f8ebe', '5', NOW(), NOW()),
('e9918e64-d05c-4c60-8bfd-f60c50080a9d', '7407b470-9d77-40c7-ba80-975f820a0d76', 'e50751ea-bf83-438f-8a8c-d755796e7925', '"SME"', NOW(), NOW()),
('38ac6ea0-18a0-4ea3-b5f3-9f8f6ae8abc3', '66c38aea-57e1-4599-98d8-006ebe031584', '6c98514c-3374-4be8-88fc-561bc5831cbc', '"North"', NOW(), NOW()),
('dd7a828f-2794-4dab-bff9-d97a10f19510', '80e28d61-2c36-447d-962f-8387906521ca', '6c98514c-3374-4be8-88fc-561bc5831cbc', '"Northeast"', NOW(), NOW()),
('ceb69258-21f6-4941-8707-4db5120caf19', 'e39df0f1-766c-4955-af54-3d95e00dd3c5', 'e50751ea-bf83-438f-8a8c-d755796e7925', '"VIP"', NOW(), NOW()),
('8e530010-d169-47a6-9ebe-7b5838b9a4d7', '80424ebf-cc42-4670-9e80-a4c8241c124c', 'e50751ea-bf83-438f-8a8c-d755796e7925', '"Mass"', NOW(), NOW()),
('bac7698d-529c-48dc-9f41-1e9105358229', 'dc90d75c-8794-46e2-95f4-bc5c5ad5b76c', 'e50751ea-bf83-438f-8a8c-d755796e7925', '"SME"', NOW(), NOW()),
('44836594-a2d3-4b63-a00b-4c714d0cfe83', 'fad5cb5a-0a3b-42f4-8dd9-bbd8848d9d00', '6c98514c-3374-4be8-88fc-561bc5831cbc', '"Northeast"', NOW(), NOW()),
('dc4f8e76-f715-4a04-8de7-389bbf3acf51', 'e8ebc616-f9c4-430d-8cc4-99b8287b9cdf', '1acbc057-ccf7-47db-afb9-2a67e08f8ebe', '4', NOW(), NOW()),
('44b9f4d5-0652-4682-b6e9-f12f71ca9292', 'aee7800d-45b8-42c3-b78a-cbfe533ec37d', '6c98514c-3374-4be8-88fc-561bc5831cbc', '"Bangkok"', NOW(), NOW()),
('0d509854-0c13-4739-9a70-6e73efeed969', '074761ec-78ff-4f9c-9762-2336abd575ff', 'fba03e8e-8dfb-4b32-b8b8-f5213ac98d46', '60', NOW(), NOW()),
('ff5ce8bf-b916-414a-8065-e93a84a16ebe', 'c8bae5b2-e3bc-4253-a052-bfa6b8d39c3d', 'fba03e8e-8dfb-4b32-b8b8-f5213ac98d46', '56', NOW(), NOW()),
('5cc99ba9-bc03-4f5f-9338-55e80d84500b', '840752e8-bc78-4aa4-9768-84abd39340e4', 'fba03e8e-8dfb-4b32-b8b8-f5213ac98d46', '58', NOW(), NOW()),
('dcdb23bd-3d4c-4b0c-ae15-871b51903a4c', 'f4996721-866f-46fa-8a01-a0404330592f', '6c98514c-3374-4be8-88fc-561bc5831cbc', '"Bangkok"', NOW(), NOW()),
('9695c5da-ab36-4b4a-920c-5e8e44374aa6', 'b01c944e-ec70-4f70-9b6c-2de816691c15', 'e50751ea-bf83-438f-8a8c-d755796e7925', '"Mass"', NOW(), NOW()),
('749cff31-b39f-4799-9339-f91223dce820', '9d05b605-b872-4080-8a2c-b5586efdc853', '1acbc057-ccf7-47db-afb9-2a67e08f8ebe', '5', NOW(), NOW()),
('cb4b342d-dea2-4d5a-bf43-057edf7b2b5d', '05294cc8-d570-4d1b-b6b4-6e95aa9b36ae', 'e50751ea-bf83-438f-8a8c-d755796e7925', '"VIP"', NOW(), NOW()),
('6140e8ae-65e5-4291-8704-da61cba72ebe', 'b315136c-2031-4713-bdd2-b76fd7db9326', 'fba03e8e-8dfb-4b32-b8b8-f5213ac98d46', '41', NOW(), NOW()),
('c785f8d3-8de4-4a0e-9123-37dc80a81611', '38c04eb8-80d9-4e28-a42e-42d195560f1f', 'fba03e8e-8dfb-4b32-b8b8-f5213ac98d46', '59', NOW(), NOW()),
('895e2570-40da-4afc-8952-d97015c5253c', '16053d9e-17e9-4072-a1de-04c814e4d56d', 'e50751ea-bf83-438f-8a8c-d755796e7925', '"Affluent"', NOW(), NOW()),
('23d85b16-2b66-4276-b884-a45557fa9762', '9fab3db7-359d-4950-872e-f85b7455a825', 'fba03e8e-8dfb-4b32-b8b8-f5213ac98d46', '63', NOW(), NOW()),
('97f20d50-87ad-4578-9c79-725ba5ff9484', '1b5de42b-8e6a-4389-8840-0249a02e2863', '6c98514c-3374-4be8-88fc-561bc5831cbc', '"South"', NOW(), NOW()),
('cb49712d-9311-4d00-9e3a-904821fa1729', 'd7736859-de24-4e6f-8d38-8b4a1459bfe5', '1acbc057-ccf7-47db-afb9-2a67e08f8ebe', '2', NOW(), NOW()),
('a687d0c5-6597-47f6-a31a-7033c67e76eb', '45865993-4b4e-42f7-b653-62d40b04aef6', '6c98514c-3374-4be8-88fc-561bc5831cbc', '"Northeast"', NOW(), NOW()),
('70405364-21da-4643-859e-96542f8a46c5', '56a9cd2c-2398-4d83-8ec5-7ef4f8a744a4', '6c98514c-3374-4be8-88fc-561bc5831cbc', '"North"', NOW(), NOW()),
('b60382d6-832a-475a-a92e-f9661e98deca', '03de891e-1732-4eda-a0ff-cd6546849362', '1acbc057-ccf7-47db-afb9-2a67e08f8ebe', '5', NOW(), NOW()),
('a1c1142a-45b0-4591-90bb-f60e91dfff75', 'a6e0975d-e417-4bcc-8140-2e7685af1e96', 'fba03e8e-8dfb-4b32-b8b8-f5213ac98d46', '40', NOW(), NOW()),
('4a973439-bd99-4c29-818e-2ffb77c26c3f', 'c1ff405a-759a-4739-a7fc-71d13ed58007', '1acbc057-ccf7-47db-afb9-2a67e08f8ebe', '1', NOW(), NOW()),
('71cbd137-8000-44d6-9222-47ca238de9e7', '16e07397-4f24-4c32-8bf1-36febd8ffed2', '6c98514c-3374-4be8-88fc-561bc5831cbc', '"Central"', NOW(), NOW()),
('0ce468cc-e374-4eac-b37f-708db92a3fe1', 'a1cf63e1-8da8-417c-a617-2c85afe58a7a', '1acbc057-ccf7-47db-afb9-2a67e08f8ebe', '5', NOW(), NOW()),
('cbf23caa-262a-47c2-8999-63fdae8179ac', '721cb336-2a0e-451f-b308-5c488131247f', '6c98514c-3374-4be8-88fc-561bc5831cbc', '"North"', NOW(), NOW()),
('d0313f85-df73-47fc-a855-83afd7d84eaa', 'b6ed2e9f-3c45-496b-9e0b-c18848c753f0', '6c98514c-3374-4be8-88fc-561bc5831cbc', '"South"', NOW(), NOW()),
('c517d3c7-9ee6-44f3-9533-9197ed861f8c', 'd4ecd0bf-2078-41a8-8a80-94c5257bf636', '1acbc057-ccf7-47db-afb9-2a67e08f8ebe', '5', NOW(), NOW()),
('a2a12ebc-d52f-4fe9-9d2c-5323499643bd', '837670ee-6857-43c8-b6db-efec46fa7916', '1acbc057-ccf7-47db-afb9-2a67e08f8ebe', '1', NOW(), NOW()),
('727ce376-c21b-4af1-a1b2-c228851fd5e9', '30885704-1d51-4f34-92ec-f54ff7a538b2', 'fba03e8e-8dfb-4b32-b8b8-f5213ac98d46', '59', NOW(), NOW()),
('5a7e308d-d4fc-493d-adc5-66d8ba690b93', '426a093a-277a-44e6-b1de-4364bd15b397', '1acbc057-ccf7-47db-afb9-2a67e08f8ebe', '4', NOW(), NOW()),
('d5f40821-99e1-47df-9918-d77fd5fd0d42', 'd303fbcd-5780-4a9e-bff0-9ffdbc0daba7', '6c98514c-3374-4be8-88fc-561bc5831cbc', '"Central"', NOW(), NOW());

INSERT INTO schedules ("ID", "DECISION_RULE_ID", "PLACEMENT_ID", "RECURRENCE_TYPE", "EFFECTIVE_FROM", "EFFECTIVE_UNTIL", "IS_ACTIVE", "CREATED_AT", "UPDATED_AT") VALUES
('cdd8ae1c-4085-4de3-acbc-6220c898e548', '1a0d5ec3-a38a-406e-8472-072424b749cb', '28a3eb89-c2bf-42c1-8816-aad1e152897d', 'ONCE', NOW() - interval '42 day', NOW() + interval '219 day', true, NOW(), NOW()),
('200aee13-01de-43c5-b6be-fd6bfb8803a5', '9191c378-2e03-4942-9f14-15f7a598924a', 'dd262082-f8f0-4d6d-87a4-b673f3bfe420', 'ONCE', NOW() - interval '4 day', NOW() + interval '175 day', true, NOW(), NOW()),
('ea6e9aea-83c2-4b14-ac3a-aa31949b15df', '639c9d54-f752-4a52-80b6-5247b6e47a0e', '28a3eb89-c2bf-42c1-8816-aad1e152897d', 'ONCE', NOW() - interval '26 day', NOW() + interval '289 day', true, NOW(), NOW()),
('1009d63e-62a2-4874-8e61-02151c146238', '482f66c2-caeb-4473-98a5-d0af13d43db0', '28a3eb89-c2bf-42c1-8816-aad1e152897d', 'ONCE', NOW() - interval '38 day', NOW() + interval '294 day', true, NOW(), NOW()),
('e9a7f052-18d4-4fce-a6f0-ef977e6a5607', '1178b345-de81-42c7-9bce-2f9c38eb4d2d', '652c8aca-aba3-47e5-8d17-4acf3ab49607', 'ONCE', NOW() - interval '34 day', NOW() + interval '278 day', true, NOW(), NOW()),
('39c3ab4f-fdd2-47ac-a08f-74f5acd35ec9', '8fdf4eaa-cfb8-46d4-a4a3-f09c8c5e29e4', '28a3eb89-c2bf-42c1-8816-aad1e152897d', 'ONCE', NOW() - interval '14 day', NOW() + interval '298 day', true, NOW(), NOW()),
('682f6160-09ab-4978-a259-0dccc60c8a15', '91a1c573-4efe-49b8-a894-c1bc99e11994', '652c8aca-aba3-47e5-8d17-4acf3ab49607', 'ONCE', NOW() - interval '6 day', NOW() + interval '340 day', true, NOW(), NOW()),
('a991fbc5-6258-473d-b648-586e7a0887e5', 'c5755402-7e50-4251-8f26-974af9fe9da1', '652c8aca-aba3-47e5-8d17-4acf3ab49607', 'ONCE', NOW() - interval '32 day', NOW() + interval '143 day', true, NOW(), NOW()),
('ae975bb4-d2de-4f43-8253-8d518a16e257', '528ceaf8-f62a-4003-b232-e308d5d9e000', 'dd262082-f8f0-4d6d-87a4-b673f3bfe420', 'ONCE', NOW() - interval '31 day', NOW() + interval '232 day', true, NOW(), NOW()),
('1f4e6454-a5d0-417c-98f6-75c3defc5df4', 'f39d98f9-c74a-44f4-8545-e3f44e391081', 'b5728563-46e7-4b12-a83b-d090756ed954', 'ONCE', NOW() - interval '4 day', NOW() + interval '246 day', true, NOW(), NOW()),
('0d556d72-2866-4770-84d8-2eef155ace78', '28859a02-5541-497f-ba93-ea51456c70b6', '28a3eb89-c2bf-42c1-8816-aad1e152897d', 'ONCE', NOW() - interval '44 day', NOW() + interval '253 day', true, NOW(), NOW()),
('62374b90-62ba-42a7-ac12-ab2a734b3b5a', '683b7df3-9cbf-4ac1-92ce-ed2f541f1e83', 'dd262082-f8f0-4d6d-87a4-b673f3bfe420', 'ONCE', NOW() - interval '13 day', NOW() + interval '226 day', true, NOW(), NOW()),
('233cfd4d-d2e9-4e07-a837-2e42217e9e9e', 'c0ac685e-bcd4-4e52-896c-5efed983ffad', '28a3eb89-c2bf-42c1-8816-aad1e152897d', 'ONCE', NOW() - interval '11 day', NOW() + interval '266 day', true, NOW(), NOW()),
('6bd4bf25-fd6b-449f-9ad0-7302a57b3091', 'e02da961-7aff-4820-9e2f-4d5be976541f', '652c8aca-aba3-47e5-8d17-4acf3ab49607', 'ONCE', NOW() - interval '33 day', NOW() + interval '314 day', true, NOW(), NOW()),
('e38728c1-0883-4d25-97d9-59754e8f28b8', '7c711126-a6bf-4d5f-a072-4b892c0672b8', 'b5728563-46e7-4b12-a83b-d090756ed954', 'ONCE', NOW() - interval '40 day', NOW() + interval '268 day', true, NOW(), NOW()),
('9005f678-0fb2-4dae-89df-340aab640668', '4cd0b6a4-e0d4-464d-9ade-81cadf5fe957', '652c8aca-aba3-47e5-8d17-4acf3ab49607', 'ONCE', NOW() - interval '32 day', NOW() + interval '217 day', true, NOW(), NOW()),
('bcece038-13f9-4c60-b86c-fdf09650a861', '68b64188-b864-4fb4-908e-b7f074f11a3d', 'b5728563-46e7-4b12-a83b-d090756ed954', 'ONCE', NOW() - interval '31 day', NOW() + interval '111 day', true, NOW(), NOW()),
('c42c8aa9-b994-405a-844e-03dd31a0768c', '8cbe158f-3ec9-4a9c-86f9-a9bd9afe285b', '28a3eb89-c2bf-42c1-8816-aad1e152897d', 'ONCE', NOW() - interval '27 day', NOW() + interval '152 day', true, NOW(), NOW()),
('62ece06b-75d4-46b1-b87e-f0b731f3d4ad', 'e1eefeb4-c864-40f0-abf4-71555e5f5b7e', '652c8aca-aba3-47e5-8d17-4acf3ab49607', 'ONCE', NOW() - interval '19 day', NOW() + interval '102 day', true, NOW(), NOW()),
('6ba1cd75-72cb-4849-838c-6ced7bc7f32e', '404b0eca-de9c-46b5-bef2-bef69cdd8e61', '28a3eb89-c2bf-42c1-8816-aad1e152897d', 'ONCE', NOW() - interval '2 day', NOW() + interval '276 day', true, NOW(), NOW()),
('89968d39-f437-4e9f-86e9-e6c028c8c66f', 'b6c5e083-6965-48dc-9cec-95110e1e0434', '28a3eb89-c2bf-42c1-8816-aad1e152897d', 'ONCE', NOW() - interval '2 day', NOW() + interval '343 day', true, NOW(), NOW()),
('b274cdc2-1deb-4fa5-b06d-085410c553ea', '801db80d-907e-499a-aa3e-729339b461a8', '28a3eb89-c2bf-42c1-8816-aad1e152897d', 'ONCE', NOW() - interval '31 day', NOW() + interval '314 day', true, NOW(), NOW()),
('fb5fd8e2-a93c-4f49-8403-f0899cf6f10e', 'fa73eb6b-585b-4dbb-a82e-f9a20f9c4cf6', 'dd262082-f8f0-4d6d-87a4-b673f3bfe420', 'ONCE', NOW() - interval '19 day', NOW() + interval '346 day', true, NOW(), NOW()),
('37afc630-9ec5-4c6e-87fb-51c862b67298', '68769975-8c4b-4294-886c-6070b394e201', 'dd262082-f8f0-4d6d-87a4-b673f3bfe420', 'ONCE', NOW() - interval '35 day', NOW() + interval '260 day', true, NOW(), NOW()),
('0d8853b6-68ef-451d-bc27-a6906cbe08ea', '159fb7ff-7ef3-4219-ba6d-34c46fede3ce', 'dd262082-f8f0-4d6d-87a4-b673f3bfe420', 'ONCE', NOW() - interval '28 day', NOW() + interval '115 day', true, NOW(), NOW()),
('282a939d-93c0-4d8d-b315-ea84fecab070', '39261e9a-f2be-4419-983c-6efa87b31c19', '28a3eb89-c2bf-42c1-8816-aad1e152897d', 'ONCE', NOW() - interval '42 day', NOW() + interval '295 day', true, NOW(), NOW()),
('929c9a5d-7fad-451f-b707-879342baac29', '30ded410-2416-4af4-a15b-694b876a3639', '652c8aca-aba3-47e5-8d17-4acf3ab49607', 'ONCE', NOW() - interval '35 day', NOW() + interval '219 day', true, NOW(), NOW()),
('6ef97076-527c-411e-a721-cf11859601a3', '822765b0-3423-45aa-9433-e5d6bd04a72a', 'dd262082-f8f0-4d6d-87a4-b673f3bfe420', 'ONCE', NOW() - interval '11 day', NOW() + interval '344 day', true, NOW(), NOW()),
('f3b3e760-39a6-41af-9ae1-c4dfd8523005', '635ecb78-d0a0-45c9-9ecb-51d5d443161c', 'dd262082-f8f0-4d6d-87a4-b673f3bfe420', 'ONCE', NOW() - interval '19 day', NOW() + interval '285 day', true, NOW(), NOW()),
('b3f37764-d52b-48ae-abec-275defba2790', '4f0ba3c0-6b5d-4092-a444-e06b844cb834', 'dd262082-f8f0-4d6d-87a4-b673f3bfe420', 'ONCE', NOW() - interval '26 day', NOW() + interval '105 day', true, NOW(), NOW()),
('184bc433-0f6b-4267-a91e-6b78e2987606', '4a262f46-3c5a-4b1d-8bc3-5127cafdf8d6', 'b5728563-46e7-4b12-a83b-d090756ed954', 'ONCE', NOW() - interval '37 day', NOW() + interval '269 day', true, NOW(), NOW()),
('497829ce-e869-43de-a485-718899a9175e', '4c3c73ce-0c06-49ef-96ab-e9388039d887', 'dd262082-f8f0-4d6d-87a4-b673f3bfe420', 'ONCE', NOW() - interval '16 day', NOW() + interval '231 day', true, NOW(), NOW()),
('b4464f03-2644-4b1d-be0e-5dcea2eec553', '9ea032dd-5e8b-44da-b7dc-61c8cc3e6cf6', '28a3eb89-c2bf-42c1-8816-aad1e152897d', 'ONCE', NOW() - interval '38 day', NOW() + interval '204 day', true, NOW(), NOW()),
('a3cc7e8c-c040-44c1-8698-7ebd18cdfc49', '038a18cd-2e00-4a7c-b0e0-2e7e90cc6d95', '652c8aca-aba3-47e5-8d17-4acf3ab49607', 'ONCE', NOW() - interval '37 day', NOW() + interval '113 day', true, NOW(), NOW()),
('85f2be8f-d78d-4794-90de-6a20565d9eb9', '48dd0b36-c471-4e9e-a939-044e271466bb', 'b5728563-46e7-4b12-a83b-d090756ed954', 'ONCE', NOW() - interval '21 day', NOW() + interval '365 day', true, NOW(), NOW()),
('d4afda90-04e4-4588-9157-685f06f83c98', 'b6160e21-c85a-4d5b-a289-be68edd46bd8', 'dd262082-f8f0-4d6d-87a4-b673f3bfe420', 'ONCE', NOW() - interval '4 day', NOW() + interval '190 day', true, NOW(), NOW()),
('dcb3cd06-aa7c-4a37-8e38-9e27c7618e9b', '2ea9ac65-01d5-4c35-b099-5249b7429b06', 'b5728563-46e7-4b12-a83b-d090756ed954', 'ONCE', NOW() - interval '27 day', NOW() + interval '133 day', true, NOW(), NOW()),
('d81795d1-30da-4dbe-a1a1-8b2b5169e6bf', '7ad8b81e-24ea-48aa-b3e1-328222068c79', '28a3eb89-c2bf-42c1-8816-aad1e152897d', 'ONCE', NOW() - interval '0 day', NOW() + interval '315 day', true, NOW(), NOW()),
('2de787e3-9723-4927-a18b-f3b31970be17', '2b7a1921-13fb-450e-b217-b6686e35832e', '28a3eb89-c2bf-42c1-8816-aad1e152897d', 'ONCE', NOW() - interval '11 day', NOW() + interval '96 day', true, NOW(), NOW()),
('63c779ba-ee41-4281-ab3d-a9e60c0a30df', '4d187855-d11a-4921-b77f-c854a98aac97', 'b5728563-46e7-4b12-a83b-d090756ed954', 'ONCE', NOW() - interval '35 day', NOW() + interval '235 day', true, NOW(), NOW()),
('b984fd61-06b8-4dbf-a18c-7216e4abe203', '2d1117c5-424a-4a9a-9825-5bd67a278909', 'dd262082-f8f0-4d6d-87a4-b673f3bfe420', 'ONCE', NOW() - interval '8 day', NOW() + interval '110 day', true, NOW(), NOW()),
('54ba4c50-6299-4c7b-97a2-5cc587356462', '481faad9-3a8f-45f1-beb9-acf29c30c67b', '28a3eb89-c2bf-42c1-8816-aad1e152897d', 'ONCE', NOW() - interval '28 day', NOW() + interval '164 day', true, NOW(), NOW()),
('e7c179d4-4fc6-4266-b2de-0071c3cf3f22', '73fb5e12-c158-423f-8acf-9ed5a382f6f1', '652c8aca-aba3-47e5-8d17-4acf3ab49607', 'ONCE', NOW() - interval '0 day', NOW() + interval '344 day', true, NOW(), NOW()),
('46f6deb3-1ec1-4043-abc7-be7cb5d71f49', 'c941412f-50eb-4395-94a8-211318066a10', '28a3eb89-c2bf-42c1-8816-aad1e152897d', 'ONCE', NOW() - interval '18 day', NOW() + interval '162 day', true, NOW(), NOW()),
('945e86b8-fb14-4eb4-92b9-217ceb56c6f8', '6c411ec7-0e25-45d6-980f-46ee08d44a9f', '652c8aca-aba3-47e5-8d17-4acf3ab49607', 'ONCE', NOW() - interval '22 day', NOW() + interval '133 day', true, NOW(), NOW()),
('f8ae3b5d-09c0-4711-b1ac-d215f4d09ae4', '9b116006-5244-423b-86e6-cbabe9f77baf', '652c8aca-aba3-47e5-8d17-4acf3ab49607', 'ONCE', NOW() - interval '24 day', NOW() + interval '289 day', true, NOW(), NOW()),
('35bd9b22-64bf-4ea7-a419-b5bd15340025', '67363dc6-60dd-444b-8660-a0c9fc6ee5ce', 'dd262082-f8f0-4d6d-87a4-b673f3bfe420', 'ONCE', NOW() - interval '19 day', NOW() + interval '213 day', true, NOW(), NOW()),
('cb552ada-e8d6-4d54-9a19-a309a9265586', '413c5664-b2bc-4941-9fe8-33bc830e488d', '652c8aca-aba3-47e5-8d17-4acf3ab49607', 'ONCE', NOW() - interval '40 day', NOW() + interval '205 day', true, NOW(), NOW()),
('f8c30183-a0b8-4e06-851e-afcafc149373', '034350dc-3f4e-481e-949c-362ef0a31b6d', '28a3eb89-c2bf-42c1-8816-aad1e152897d', 'ONCE', NOW() - interval '8 day', NOW() + interval '96 day', true, NOW(), NOW()),
('be99ebbc-64c5-4d39-8669-430719fa842b', '7e4c3d97-0a86-41de-aa5a-3de766223644', '28a3eb89-c2bf-42c1-8816-aad1e152897d', 'ONCE', NOW() - interval '15 day', NOW() + interval '163 day', true, NOW(), NOW());

-- +goose Down
DELETE FROM schedules WHERE "ID" IN (
    'cdd8ae1c-4085-4de3-acbc-6220c898e548',
    '200aee13-01de-43c5-b6be-fd6bfb8803a5',
    'ea6e9aea-83c2-4b14-ac3a-aa31949b15df',
    '1009d63e-62a2-4874-8e61-02151c146238',
    'e9a7f052-18d4-4fce-a6f0-ef977e6a5607',
    '39c3ab4f-fdd2-47ac-a08f-74f5acd35ec9',
    '682f6160-09ab-4978-a259-0dccc60c8a15',
    'a991fbc5-6258-473d-b648-586e7a0887e5',
    'ae975bb4-d2de-4f43-8253-8d518a16e257',
    '1f4e6454-a5d0-417c-98f6-75c3defc5df4',
    '0d556d72-2866-4770-84d8-2eef155ace78',
    '62374b90-62ba-42a7-ac12-ab2a734b3b5a',
    '233cfd4d-d2e9-4e07-a837-2e42217e9e9e',
    '6bd4bf25-fd6b-449f-9ad0-7302a57b3091',
    'e38728c1-0883-4d25-97d9-59754e8f28b8',
    '9005f678-0fb2-4dae-89df-340aab640668',
    'bcece038-13f9-4c60-b86c-fdf09650a861',
    'c42c8aa9-b994-405a-844e-03dd31a0768c',
    '62ece06b-75d4-46b1-b87e-f0b731f3d4ad',
    '6ba1cd75-72cb-4849-838c-6ced7bc7f32e',
    '89968d39-f437-4e9f-86e9-e6c028c8c66f',
    'b274cdc2-1deb-4fa5-b06d-085410c553ea',
    'fb5fd8e2-a93c-4f49-8403-f0899cf6f10e',
    '37afc630-9ec5-4c6e-87fb-51c862b67298',
    '0d8853b6-68ef-451d-bc27-a6906cbe08ea',
    '282a939d-93c0-4d8d-b315-ea84fecab070',
    '929c9a5d-7fad-451f-b707-879342baac29',
    '6ef97076-527c-411e-a721-cf11859601a3',
    'f3b3e760-39a6-41af-9ae1-c4dfd8523005',
    'b3f37764-d52b-48ae-abec-275defba2790',
    '184bc433-0f6b-4267-a91e-6b78e2987606',
    '497829ce-e869-43de-a485-718899a9175e',
    'b4464f03-2644-4b1d-be0e-5dcea2eec553',
    'a3cc7e8c-c040-44c1-8698-7ebd18cdfc49',
    '85f2be8f-d78d-4794-90de-6a20565d9eb9',
    'd4afda90-04e4-4588-9157-685f06f83c98',
    'dcb3cd06-aa7c-4a37-8e38-9e27c7618e9b',
    'd81795d1-30da-4dbe-a1a1-8b2b5169e6bf',
    '2de787e3-9723-4927-a18b-f3b31970be17',
    '63c779ba-ee41-4281-ab3d-a9e60c0a30df',
    'b984fd61-06b8-4dbf-a18c-7216e4abe203',
    '54ba4c50-6299-4c7b-97a2-5cc587356462',
    'e7c179d4-4fc6-4266-b2de-0071c3cf3f22',
    '46f6deb3-1ec1-4043-abc7-be7cb5d71f49',
    '945e86b8-fb14-4eb4-92b9-217ceb56c6f8',
    'f8ae3b5d-09c0-4711-b1ac-d215f4d09ae4',
    '35bd9b22-64bf-4ea7-a419-b5bd15340025',
    'cb552ada-e8d6-4d54-9a19-a309a9265586',
    'f8c30183-a0b8-4e06-851e-afcafc149373',
    'be99ebbc-64c5-4d39-8669-430719fa842b'
);
DELETE FROM rule_attributes WHERE "ID" IN (
    '04651cce-8dcd-4cad-9f6c-6ffb0220d6e1',
    '14fa38c9-d370-49a9-aa19-13d798ebd26b',
    'f55149ef-03ae-4b45-9127-1366072d1271',
    '34b0181b-6897-4ff2-ac81-abeff765b91e',
    'f57b3d18-6ae9-4390-a357-6bbcdf0f595c',
    '489ee1ce-5ba6-4fc8-88a9-ac1a8fdd16cf',
    '6d045b67-22d6-4366-931a-6980dcf12229',
    '9e7a88ca-f750-409a-b6d8-6148ac2bba4b',
    'd2139d8d-4df0-45fd-bab9-f5c0818d6c93',
    '7a094605-0244-4161-b63e-f24601f1a2cb',
    '26310582-ee71-4b7f-8d5f-78a1256f1a80',
    '8633774b-250c-41f7-a6d4-e53772d256f5',
    '858c932f-3fc0-40e7-86f4-6d1a40677add',
    '236acf92-fded-4e60-b09a-bcd01462d6b3',
    'f44ed7cc-62c3-4997-a07f-55c5b9fcf60b',
    'f262aa16-df76-4b7a-bdfc-1eb7348e32d6',
    '697b7663-090e-4650-9b15-c40f4accb240',
    'c252149a-b6a8-4908-8f2c-c03bd115d063',
    '937cf7c8-e7c4-4734-bef9-e91c91c1dfbf',
    '8e27a68d-deb8-4260-8555-106d5c834482',
    '511a5dcf-02a2-470a-b23a-cfc265e519be',
    'fa35882f-5b0a-43c1-b35f-1b391f88a69f',
    '2e800e3c-42d3-497c-9b71-39c953e5852f',
    'f9ce4cd2-6bca-4c94-9ecf-2f443265043c',
    'b23bd2e3-cfd1-4ec1-bb7e-37a62ce33b7a',
    'cab23e08-8724-441c-86a5-4c52999f8897',
    '6c54595a-8e13-4759-870b-f6db5ef74368',
    '348d481a-4566-45f5-8fdf-41fe55773c08',
    '3099e60e-50c0-42cb-bbc1-f9ab3e833f33',
    '306de189-3df9-4ac7-a810-81e016f40b6b',
    '1e7e957b-f89c-49e2-b98e-dd090edfbbc2',
    'e5e2ee7e-13ce-43c4-befc-0b374d98e353',
    '01e4fb66-c7d7-4075-ae7e-9f2f90ab5b3f',
    'ee184556-c543-4836-a560-08d5e68480af',
    '2f168929-9172-4862-9c5e-c016f45f082e',
    'bd317fa8-aea9-4a06-af6e-6f7a194e6e58',
    '46e3a8fd-104c-402c-ab43-c57c79062d02',
    'bcc5d947-4402-4e8c-89a3-958b059cf12c',
    '665dcb7d-2409-4609-929b-59b0065b052c',
    'efdf4437-8e49-419d-b3bc-82e920af5146',
    'c99d412d-15d2-47d1-8249-7f3f393cd5e2',
    'f48b38a2-d8c2-42b3-921a-5d0603cfa5c1',
    '284a22c0-06a5-43dd-b03c-103bf152f76e',
    '6b764f27-c805-4ef7-92ed-f1909d74d3e4',
    '9c8fe396-921b-48fd-b336-fbf186618700',
    '75d12b50-5b49-4175-bd59-1934bf6f0d43',
    '71db475c-b56b-4361-90ff-1f631088c178',
    'bc70d6a2-ccbf-46de-b914-56611734605e',
    'db489dc6-1647-457a-9df1-05e1d0817432',
    '62e98eca-156c-40b5-b98b-adf282605082',
    '86fc27f6-e484-453f-9184-19cf91b2ba22',
    'ec8b8532-433f-49cc-b171-ed59489bc103',
    '1de074b4-2998-4952-b17e-d01a8b0a2305',
    '5b729112-c7b6-4ba0-bbae-720c61bfd5f3',
    '231bdda6-6251-4ffb-ba38-e3c13ffcae77',
    'f8780174-b9b4-46a4-9924-78d652676810',
    '16764efa-c9ba-48ae-8890-05913e49400c',
    '0856eb8a-3b9f-40fd-b35e-691732b6749d',
    '1da8288c-bdba-49cd-891a-ac91caeacdb5',
    'f89684c1-3ed3-4513-a3d1-f14ea7170124',
    '52ba2e41-2151-45ce-9d4c-027c6f12ae51',
    'e24beee7-1a42-4729-9fd1-e1778b7d8ff8',
    '61c7ddf6-4c7c-47e3-beea-41b398fb82d0',
    '63880712-357c-4d0b-996c-2f82ea7704ca',
    '5728a686-af6c-4243-8015-ef315c7e355f',
    '7de5f6db-f1ae-4c97-97e5-a2a24a847776',
    '12a687e9-b50b-4379-b4a3-a2790438c87d',
    'd4985e0f-5477-4cc2-9bd6-9809c475e379',
    '2fec58f9-1af5-4a5f-9229-7e06029d6190',
    '497bf80f-e3ad-4411-9444-91cfb637bc9c',
    'd47a4586-0571-40c8-afc9-aa9706adc15e',
    '4ac34450-3fe5-4b8e-8f2d-463b3e22c902',
    '153c64d4-19ad-4c3c-ae96-a66c9404293a',
    '038a03e3-6d7f-4ada-ae00-7025576d780e',
    'b5d763d1-c3c3-4b72-854a-23cea5ae322e',
    'def32b83-0dee-487c-9fb1-26b68aa00b45',
    'ab46dd2e-6ae8-4808-9f58-93b7a233719b',
    '582427d5-969e-4079-88db-e7674ed91359',
    '5fa7adf6-d789-42a9-bdd2-77a69796d761',
    '087abb7a-e886-4ebb-9313-52eb8a0f9089',
    '5670b1fd-30da-40ab-94b3-1304457c0870',
    '1aca10dd-e044-4040-9aab-e43e144303db',
    'ec0b4445-d5e9-4a54-ac13-44b972d1afdb',
    '84460ba3-0bd7-4523-b567-a0840e8e5e8e',
    '68d5e070-9f92-4d45-a935-19c69c8e7481',
    '28f493be-0f20-4ef1-a185-643730e59f38',
    'a55e0a1a-3a12-4ca3-94a1-18154db53fab',
    'd034926d-7c28-4603-a88b-75924846ece2',
    '6bb4c8c3-fa7d-44a0-931d-5739a2ed4b2c',
    'd735fe6a-2c90-4b5b-b7a7-e3d9f4ebf2d0',
    'd5558f7d-eef9-44bd-b882-21ab7a45d568',
    '80754ef8-4a2d-4d42-a4b5-98af58a213e1',
    '5aee2a13-81a5-4321-a7c2-91a018ad2ea6',
    'd83f1f13-4194-45b3-a52a-8264fb3e9d81',
    '55e3f357-353b-40f3-945e-66cb50666471',
    '3c83a34a-10b5-45e6-a879-df35cb9cf271',
    '4439a573-4f30-442a-85bf-bbffe70a3e89',
    'a449aaa7-c311-4316-9afc-0b7c7f56f201',
    '261c7052-2df7-4457-94f9-8f637029fcbf',
    'fc0e3e1c-6588-4613-8738-0cf671d17360',
    '4e7307e0-0287-40de-a64b-fd7fcaa442c3',
    'ce853860-a51c-459c-a0c6-7c518f07c2f5',
    'b8a814e8-de6f-491f-9176-a21d964f1e50',
    '95c713d2-84bb-4b64-86e1-f146d000b4ab',
    'a171ce01-0496-4c79-81f6-9f1c5e61f7d0',
    '5a1287cf-e310-4400-9c61-da8a7414355e',
    'bc4821b4-438f-42ef-910d-f61c7da00ff1',
    'c695003f-271e-4e7f-82cb-8dbad1cc3dc1',
    'e4898ac7-ff41-44d5-9f97-cda40e6bd1a4',
    'eb16a5e7-33e1-4de9-b032-590b162e6606',
    '7743734f-93ed-41fa-8f08-e41138399a84',
    'e9918e64-d05c-4c60-8bfd-f60c50080a9d',
    '38ac6ea0-18a0-4ea3-b5f3-9f8f6ae8abc3',
    'dd7a828f-2794-4dab-bff9-d97a10f19510',
    'ceb69258-21f6-4941-8707-4db5120caf19',
    '8e530010-d169-47a6-9ebe-7b5838b9a4d7',
    'bac7698d-529c-48dc-9f41-1e9105358229',
    '44836594-a2d3-4b63-a00b-4c714d0cfe83',
    'dc4f8e76-f715-4a04-8de7-389bbf3acf51',
    '44b9f4d5-0652-4682-b6e9-f12f71ca9292',
    '0d509854-0c13-4739-9a70-6e73efeed969',
    'ff5ce8bf-b916-414a-8065-e93a84a16ebe',
    '5cc99ba9-bc03-4f5f-9338-55e80d84500b',
    'dcdb23bd-3d4c-4b0c-ae15-871b51903a4c',
    '9695c5da-ab36-4b4a-920c-5e8e44374aa6',
    '749cff31-b39f-4799-9339-f91223dce820',
    'cb4b342d-dea2-4d5a-bf43-057edf7b2b5d',
    '6140e8ae-65e5-4291-8704-da61cba72ebe',
    'c785f8d3-8de4-4a0e-9123-37dc80a81611',
    '895e2570-40da-4afc-8952-d97015c5253c',
    '23d85b16-2b66-4276-b884-a45557fa9762',
    '97f20d50-87ad-4578-9c79-725ba5ff9484',
    'cb49712d-9311-4d00-9e3a-904821fa1729',
    'a687d0c5-6597-47f6-a31a-7033c67e76eb',
    '70405364-21da-4643-859e-96542f8a46c5',
    'b60382d6-832a-475a-a92e-f9661e98deca',
    'a1c1142a-45b0-4591-90bb-f60e91dfff75',
    '4a973439-bd99-4c29-818e-2ffb77c26c3f',
    '71cbd137-8000-44d6-9222-47ca238de9e7',
    '0ce468cc-e374-4eac-b37f-708db92a3fe1',
    'cbf23caa-262a-47c2-8999-63fdae8179ac',
    'd0313f85-df73-47fc-a855-83afd7d84eaa',
    'c517d3c7-9ee6-44f3-9533-9197ed861f8c',
    'a2a12ebc-d52f-4fe9-9d2c-5323499643bd',
    '727ce376-c21b-4af1-a1b2-c228851fd5e9',
    '5a7e308d-d4fc-493d-adc5-66d8ba690b93',
    'd5f40821-99e1-47df-9918-d77fd5fd0d42'
);
DELETE FROM rules WHERE "ID" IN (
    '1601c7d0-0d8f-4bcb-a28e-a96df873f8f5',
    'ae01306c-c3e0-479b-a977-92f3901166f3',
    'e6d69da7-3ff8-46db-a342-f7369d1fec00',
    '30c9e945-3abe-47ed-a8a0-51b6ff514af6',
    'f9f0d159-1b14-458d-9dd9-a3d4f69a5142',
    '64810d26-d115-4ad5-890c-7a41e7be9024',
    '61cc6114-2a15-43cd-917a-3ea5aa5c8535',
    '50935335-53a3-4200-8883-914a3210fd6d',
    'becf84c6-95e3-4a95-8afb-bd9ad8c543ff',
    'd9897ecf-a1ae-4e8e-abe9-5ce660c9f20b',
    'b163221b-e227-42a8-b602-de1ff1c69edb',
    '07777e23-9821-4b9d-af2e-8a20cea5c98d',
    '4915e241-a060-420f-b4e5-34bb2fbec1c5',
    'd3c9ecb7-b7a7-41ce-99d0-f61dc52be3e8',
    'bb7e59ae-84ee-4b51-bea7-a940cd82e95f',
    '4de06a8a-4ee8-4acc-a480-67c5a8f0aae6',
    '55b48b09-6b44-4aa7-9fdf-9999ecbbb098',
    '5c41a51d-ab5f-4632-8b94-83e9a225d495',
    'cb2c3a0e-13a7-4cbd-9398-86a092335c17',
    '752f4f87-f5dc-45f4-8a44-110d3c6ba319',
    '8f94189e-2848-426d-afd6-6a9640e8427d',
    '02698ca5-e199-4b64-b2dd-04264ec4b29a',
    '0d5ba7cd-d374-444c-acf2-ea06068eb6fe',
    '4ddc83d9-1d7f-4f93-8e52-cdbad351b046',
    'e0219a1f-4920-47e4-9335-a150a4bbdb74',
    '8c9bba81-29fe-42f5-a6be-b7792d188677',
    'deb9edbb-3fca-4171-9ab1-7bccac8e9c48',
    '2a3f3893-3eee-44e1-b77b-436aaa7a89ff',
    '28914f3d-29a6-4077-85b8-28ae224e6b9d',
    '6070c585-c09b-49d1-a332-c4f357dc85cc',
    'dc2dd8b9-59de-446d-9112-6640b9bd7eff',
    'cf55fb94-bb2d-4837-ae61-2da3c832b0e9',
    'be0a88cb-05bc-47a7-844d-9dca534bcec5',
    'c3a151fe-251f-4165-8796-57d07c8c9c74',
    '520e1b68-ee3b-4eac-b547-d2dbdf69128e',
    '66326b5d-f204-4d5a-b53b-5ec085da200a',
    '8fefe940-bb71-4210-9d68-680bb0a1f0e3',
    '34b20cb8-ca90-49ae-9a6f-c6dbb64888da',
    '684b313c-188c-46db-856f-c7e992470363',
    'ae8e0de2-8e0a-47a7-932a-08a1bcfa2e0e',
    '407fae89-2b9c-40ff-8679-0f0c2a293c31',
    '856cab7b-b32d-4daf-9ba0-97b22e4f6249',
    '44f06b6c-457b-4ba2-adf3-a0efaf14d275',
    '8d442265-eacc-442b-b61b-8a9717cd8389',
    '1f9c3748-8a25-4a5c-9cd1-e9a90dbdc6ca',
    'cb1860f5-22da-4fd4-b39a-7ab6db067c86',
    '08bd3190-75e6-4c35-ad40-3ab818f31cd2',
    '9fd2b62e-2fe8-4171-a0b7-a0d8b8089e59',
    '325b40ce-0384-47fa-9472-4c25dbcf5142',
    '5cba9f19-7d8a-4bae-a311-ffd8f8c7e177',
    'c606deb8-38c9-4c59-9691-720f670b4162',
    'a9830e0e-3bfa-4807-a7f4-a116f363a5c0',
    '0a6c51d4-2026-4ea9-ac24-3762e39195e2',
    'e45495ab-5471-4417-8fb3-b042783ce42a',
    '5173253f-2bd1-4f46-9b0a-b8198e492013',
    'd799c6bd-7f51-46dd-94ca-6eeaadd4506a',
    'c5f6ff04-f7f2-43e4-a63f-29963a79dd27',
    '4fd325dd-03fc-485d-ae8d-c700e1b894e7',
    '0c7cc7fa-455b-4b25-8bc4-a43dffab7a3a',
    '15e75944-f03b-43ca-8fe7-ae1ab5bbdfae',
    '69063f00-03d7-49a7-b0c3-5ec9c1b8e5ce',
    'ff711cdd-1bb3-4411-a575-dc9038c3a706',
    '9c4f6ee2-2abc-49aa-a6f2-22bb97c1933e',
    '14e8c342-3372-4042-943c-79d1756467d2',
    'b122e355-7ee0-408a-a7f0-c40ef643ba20',
    '8a502522-6cfa-4a0c-8db8-65659306d940',
    '454353a7-c41a-4fe7-8e0e-c6e35be0e95f',
    '1f1c23c2-ef14-43ae-9048-fdc53f4f83b6',
    '9360c74a-ff2f-456f-a817-6673c97aae3b',
    '4684279d-1f9d-4166-b36e-a398ed428b0e',
    '26235e50-7c48-4481-9e87-4c03db2980ae',
    '2ff5d341-ca92-4110-9d8c-0dc29c265c25',
    '28484cb1-3b54-497a-8d91-e388f4907f5f',
    '7301d603-4ead-477e-b107-ad6aceb84b20',
    'c41decc5-3014-469e-8484-5bf335f7c746',
    '48cd8d72-2d57-444c-ac4a-8780959d4532',
    '9f953c1c-d503-4f37-960c-2d6a5c417ae8',
    'c66285c2-f7c4-4c64-ba67-1193939728ac',
    '78f13f7a-3dae-4fd2-86bf-5a5ceef1d3fe',
    '6ca8fe70-7017-4f97-b582-52f572611e17',
    'a2ba488b-10b8-43e6-96cc-6d7802a1a039',
    'b4e7ba16-9632-4f51-a1ed-98089d7525b0',
    '5c55f9dd-67b5-4c40-9fee-7a0fbb9b7721',
    '8931a566-ccce-442c-a950-0bbd07ae9017',
    'e9a4adad-ab58-42e9-9924-094b3987201a',
    'fb7914f5-1d28-4fab-8162-0b74e1010f5b',
    'a3630008-40e8-41af-9bd3-9e4b92696098',
    'ee483360-a6a1-4d70-a71e-1f95906196a0',
    'af308a77-6fef-4cf9-b590-3bbebb82ff6f',
    '3a0e1c74-9758-4e68-b93e-5ff712f72e10',
    '285c0d52-1f0b-4c4f-a285-b529b30d60c5',
    '724de2b7-15ff-4140-896a-f941b7b94779',
    '18cdf4aa-a148-47fa-8a3d-543a0807540f',
    '53f439aa-74be-40d0-b244-c1f5e7ffca96',
    '3fc01863-e731-4c86-aead-1db83106fca5',
    'f4f72fae-0598-4aac-8d72-13ab033fb63b',
    '161f23a1-2321-4291-b276-a052047a42d6',
    '1b683a99-ac0c-4344-b6ba-d2a3f595b92d',
    'cc4d040f-a39e-4c8f-b127-8893f2dbf63a',
    '20923cbd-72c9-4ccd-a04f-e50a20f61051',
    'e2bdc246-d953-4429-b205-4913c671656a',
    'b569e801-6133-4a89-a030-a7f5ba3f31b2',
    '5cdc934a-96f7-42f8-a92d-d35202382d11',
    'fbf9ef73-b115-4f16-90f4-8510de13b1b4',
    '5f04cf45-4f99-41f1-9522-ee2ca37dccfe',
    '8f7900a9-77d7-4ce3-a297-06ca09488a8c',
    'aed2f28f-f310-418b-bcf0-6ce2459c82cf',
    '97535e95-1e3b-4529-a8d3-be54943837ef',
    '4e75debe-b7f2-4dec-96ec-390b69a6222b',
    '88c6c007-5b07-4523-8ca5-85a568ffaf25',
    'e62f3a37-ae70-481a-aa3a-966d643ee942',
    '7407b470-9d77-40c7-ba80-975f820a0d76',
    '66c38aea-57e1-4599-98d8-006ebe031584',
    '80e28d61-2c36-447d-962f-8387906521ca',
    'e39df0f1-766c-4955-af54-3d95e00dd3c5',
    '80424ebf-cc42-4670-9e80-a4c8241c124c',
    'dc90d75c-8794-46e2-95f4-bc5c5ad5b76c',
    'fad5cb5a-0a3b-42f4-8dd9-bbd8848d9d00',
    'e8ebc616-f9c4-430d-8cc4-99b8287b9cdf',
    'aee7800d-45b8-42c3-b78a-cbfe533ec37d',
    '074761ec-78ff-4f9c-9762-2336abd575ff',
    'c8bae5b2-e3bc-4253-a052-bfa6b8d39c3d',
    '840752e8-bc78-4aa4-9768-84abd39340e4',
    'f4996721-866f-46fa-8a01-a0404330592f',
    'b01c944e-ec70-4f70-9b6c-2de816691c15',
    '9d05b605-b872-4080-8a2c-b5586efdc853',
    '05294cc8-d570-4d1b-b6b4-6e95aa9b36ae',
    'b315136c-2031-4713-bdd2-b76fd7db9326',
    '38c04eb8-80d9-4e28-a42e-42d195560f1f',
    '16053d9e-17e9-4072-a1de-04c814e4d56d',
    '9fab3db7-359d-4950-872e-f85b7455a825',
    '1b5de42b-8e6a-4389-8840-0249a02e2863',
    'd7736859-de24-4e6f-8d38-8b4a1459bfe5',
    '45865993-4b4e-42f7-b653-62d40b04aef6',
    '56a9cd2c-2398-4d83-8ec5-7ef4f8a744a4',
    '03de891e-1732-4eda-a0ff-cd6546849362',
    'a6e0975d-e417-4bcc-8140-2e7685af1e96',
    'c1ff405a-759a-4739-a7fc-71d13ed58007',
    '16e07397-4f24-4c32-8bf1-36febd8ffed2',
    'a1cf63e1-8da8-417c-a617-2c85afe58a7a',
    '721cb336-2a0e-451f-b308-5c488131247f',
    'b6ed2e9f-3c45-496b-9e0b-c18848c753f0',
    'd4ecd0bf-2078-41a8-8a80-94c5257bf636',
    '837670ee-6857-43c8-b6db-efec46fa7916',
    '30885704-1d51-4f34-92ec-f54ff7a538b2',
    '426a093a-277a-44e6-b1de-4364bd15b397',
    'd303fbcd-5780-4a9e-bff0-9ffdbc0daba7'
);
DELETE FROM rule_conditions WHERE "ID" IN (
    '366cb210-a7da-4a4c-bb4a-86ba0de81ec0',
    'bfcbfc07-804c-4514-8dfb-8b1bacbb680d',
    '6a70d040-d24d-420b-86af-574d1b1bd1e1',
    '7c9458ce-000e-4f52-949b-3bbbfeda4455',
    'abb5bed7-7b36-42cc-b201-6cdc6027bb66',
    '0cfc0e54-f6a0-4700-9cc0-8a03d73321c8',
    'ec582906-8ac8-417d-9b9b-6379e2b906c4',
    'a274fb5a-a349-4596-93f6-4223e4284626',
    'dadcc7f0-7312-4dc5-92d7-16be5e95c290',
    '7500aff4-da3e-4aeb-9c85-8176f049137e',
    '7fd970b1-281e-4b76-8e9b-7ec5cf8170d9',
    'e346491e-c648-47ff-96a0-758acb039f04',
    '7c0b3970-7b72-43b4-94b5-28ae5a27d58b',
    '99895bb1-382b-495f-8ab8-850c1f3ca48b',
    '206d48ff-4ec7-4b04-8f4a-efb52e94a0a7',
    'b8092d57-7627-4c8d-88a5-523c32de2e23',
    '526fb097-47d1-4d8c-82f3-5708cae07c9a',
    '3987b313-3932-4aca-94cc-21540ffba643',
    '164aac23-d353-404a-a11a-4c4b8edc73fb',
    '76cb02d8-f511-4a65-b78f-84766d903185',
    '4a212759-1b52-488c-bf7c-2a86d48e9e74',
    '2f9786de-7075-4683-bc9e-1cdcccfb2838',
    'f14629f7-4fac-4547-8527-be0cedf1f785',
    '25998601-b526-4fb1-ab9d-ae5368426031',
    '2431c1f7-95ca-4fb6-ab1c-50fea5171705',
    'c38c9ecc-bcfa-4686-bd7d-523496e1421c',
    'e64a6615-f13c-452f-8d32-c24cc16fd231',
    '195f79ae-a902-4733-81a1-360e23750bb7',
    '3f877f7e-dca5-4295-abb6-bd6c14ca8b7d',
    'de56113c-f31b-4a86-89d1-a487c39d3dfb',
    '0134f108-da42-4009-9d69-5ed66acaa7c3',
    '96ec0c41-d76d-43fe-90e7-0de32361818b',
    '4d0eda4b-9595-48fe-b0a4-5faa81b33b3c',
    '75699ff7-be85-46ef-ae5f-4d3e8ad37736',
    '94ba96f4-455e-4d6f-9d99-7c5ff75bf17a',
    'e23e1d8b-83a5-43ef-9eb5-f4663fac06e2',
    'e5c70162-222a-4889-b1d4-31ed2d196c5c',
    'e1bf9e1f-3a9d-46f3-abd8-89c98858e8ed',
    '4988b9c2-cd73-46ec-a6a7-e1333f453ccf',
    '3b900069-81e6-43d4-a8e3-fd7df21ba2c2',
    '58dd1462-4e2a-4784-96f0-7288ab08980d',
    '89e4841d-6b91-43b3-9c9d-35127687b41a',
    '8619e398-6cec-4307-b484-dd445fd4577d',
    '38f921dc-d921-484d-8849-f6eb4af6b60f',
    '830515b4-5732-4764-accd-191c4dcb71c6',
    '528548c6-4dfd-40c6-842b-079add16da9f',
    'c7b939de-5abb-4605-a93d-61a318153422',
    '2e35c794-34da-485c-89ce-63d53c5efc61',
    'a738086c-c049-429d-abac-a49bfc0d7ba3',
    '1a4ea759-ca78-4429-8dff-9162926251b5'
);
DELETE FROM decision_rules WHERE "ID" IN (
    '1a0d5ec3-a38a-406e-8472-072424b749cb',
    '9191c378-2e03-4942-9f14-15f7a598924a',
    '639c9d54-f752-4a52-80b6-5247b6e47a0e',
    '482f66c2-caeb-4473-98a5-d0af13d43db0',
    '1178b345-de81-42c7-9bce-2f9c38eb4d2d',
    '8fdf4eaa-cfb8-46d4-a4a3-f09c8c5e29e4',
    '91a1c573-4efe-49b8-a894-c1bc99e11994',
    'c5755402-7e50-4251-8f26-974af9fe9da1',
    '528ceaf8-f62a-4003-b232-e308d5d9e000',
    'f39d98f9-c74a-44f4-8545-e3f44e391081',
    '28859a02-5541-497f-ba93-ea51456c70b6',
    '683b7df3-9cbf-4ac1-92ce-ed2f541f1e83',
    'c0ac685e-bcd4-4e52-896c-5efed983ffad',
    'e02da961-7aff-4820-9e2f-4d5be976541f',
    '7c711126-a6bf-4d5f-a072-4b892c0672b8',
    '4cd0b6a4-e0d4-464d-9ade-81cadf5fe957',
    '68b64188-b864-4fb4-908e-b7f074f11a3d',
    '8cbe158f-3ec9-4a9c-86f9-a9bd9afe285b',
    'e1eefeb4-c864-40f0-abf4-71555e5f5b7e',
    '404b0eca-de9c-46b5-bef2-bef69cdd8e61',
    'b6c5e083-6965-48dc-9cec-95110e1e0434',
    '801db80d-907e-499a-aa3e-729339b461a8',
    'fa73eb6b-585b-4dbb-a82e-f9a20f9c4cf6',
    '68769975-8c4b-4294-886c-6070b394e201',
    '159fb7ff-7ef3-4219-ba6d-34c46fede3ce',
    '39261e9a-f2be-4419-983c-6efa87b31c19',
    '30ded410-2416-4af4-a15b-694b876a3639',
    '822765b0-3423-45aa-9433-e5d6bd04a72a',
    '635ecb78-d0a0-45c9-9ecb-51d5d443161c',
    '4f0ba3c0-6b5d-4092-a444-e06b844cb834',
    '4a262f46-3c5a-4b1d-8bc3-5127cafdf8d6',
    '4c3c73ce-0c06-49ef-96ab-e9388039d887',
    '9ea032dd-5e8b-44da-b7dc-61c8cc3e6cf6',
    '038a18cd-2e00-4a7c-b0e0-2e7e90cc6d95',
    '48dd0b36-c471-4e9e-a939-044e271466bb',
    'b6160e21-c85a-4d5b-a289-be68edd46bd8',
    '2ea9ac65-01d5-4c35-b099-5249b7429b06',
    '7ad8b81e-24ea-48aa-b3e1-328222068c79',
    '2b7a1921-13fb-450e-b217-b6686e35832e',
    '4d187855-d11a-4921-b77f-c854a98aac97',
    '2d1117c5-424a-4a9a-9825-5bd67a278909',
    '481faad9-3a8f-45f1-beb9-acf29c30c67b',
    '73fb5e12-c158-423f-8acf-9ed5a382f6f1',
    'c941412f-50eb-4395-94a8-211318066a10',
    '6c411ec7-0e25-45d6-980f-46ee08d44a9f',
    '9b116006-5244-423b-86e6-cbabe9f77baf',
    '67363dc6-60dd-444b-8660-a0c9fc6ee5ce',
    '413c5664-b2bc-4941-9fe8-33bc830e488d',
    '034350dc-3f4e-481e-949c-362ef0a31b6d',
    '7e4c3d97-0a86-41de-aa5a-3de766223644'
);
DELETE FROM attributes WHERE "ID" IN (
    'e50751ea-bf83-438f-8a8c-d755796e7925',
    'fba03e8e-8dfb-4b32-b8b8-f5213ac98d46',
    '6c98514c-3374-4be8-88fc-561bc5831cbc',
    '1acbc057-ccf7-47db-afb9-2a67e08f8ebe'
);
DELETE FROM clen_schema_registry WHERE "ID" = 'c030d28e-de16-44b5-bd13-c72562c12d98';
DELETE FROM placements WHERE "ID" IN (
    '28a3eb89-c2bf-42c1-8816-aad1e152897d',
    'b5728563-46e7-4b12-a83b-d090756ed954',
    'dd262082-f8f0-4d6d-87a4-b673f3bfe420',
    '652c8aca-aba3-47e5-8d17-4acf3ab49607'
);
DELETE FROM channels WHERE "ID" IN (
    'c75e7489-516a-409d-8e57-4981b9267613',
    'f7c457b3-9924-41be-956d-1b1579b8e33a',
    '4af7151f-fd29-4eef-82cc-62ee8b0453e4',
    '2717cdb6-9cc0-4af9-b06e-5184386dfe43'
);
