-- +goose Up
-- Insert 10 MASS decision rules with placements and schedules (no conditions/attributes)

INSERT INTO channels ("ID","CHANNEL_NAME","CREATED_AT","UPDATED_AT") VALUES
  ('11111111-1111-1111-1111-111111111111', 'MockChannelMass', NOW(), NOW());

INSERT INTO placements ("ID","PLACEMENT_NAME","CHANNEL_ID","CREATED_AT","UPDATED_AT") VALUES
  ('22222222-2222-2222-2222-222222222221', 'wsaLandingPage', '11111111-1111-1111-1111-111111111111', NOW(), NOW()),
  ('22222222-2222-2222-2222-222222222222', 'wsaSplash', '11111111-1111-1111-1111-111111111111', NOW(), NOW()),
  ('22222222-2222-2222-2222-222222222223', 'wsaHomeBanner', '11111111-1111-1111-1111-111111111111', NOW(), NOW()),
  ('22222222-2222-2222-2222-222222222224', 'wsaPortBanner', '11111111-1111-1111-1111-111111111111', NOW(), NOW());

INSERT INTO decision_rules ("ID","DECISION_RULE_RUNNING","NAME","TYPE","EVALUATE_TYPE","CONTENT_PATH","SCORE","STATUS","CREATED_AT","UPDATED_AT") VALUES ('33333333-3333-3333-3333-333333333331', (SELECT next_decision_rule_id()), 'Mass Rule Example 01', 'MASS', 'SCORING', 'massContent/example01', 0.0, 'ACTIVE', NOW(), NOW());
INSERT INTO decision_rules ("ID","DECISION_RULE_RUNNING","NAME","TYPE","EVALUATE_TYPE","CONTENT_PATH","SCORE","STATUS","CREATED_AT","UPDATED_AT") VALUES ('33333333-3333-3333-3333-333333333332', (SELECT next_decision_rule_id()), 'Mass Rule Example 02', 'MASS', 'SCORING', 'massContent/example02', 0.0, 'ACTIVE', NOW(), NOW());
INSERT INTO decision_rules ("ID","DECISION_RULE_RUNNING","NAME","TYPE","EVALUATE_TYPE","CONTENT_PATH","SCORE","STATUS","CREATED_AT","UPDATED_AT") VALUES ('33333333-3333-3333-3333-333333333333', (SELECT next_decision_rule_id()), 'Mass Rule Example 03', 'MASS', 'SCORING', 'massContent/example03', 0.0, 'ACTIVE', NOW(), NOW());
INSERT INTO decision_rules ("ID","DECISION_RULE_RUNNING","NAME","TYPE","EVALUATE_TYPE","CONTENT_PATH","SCORE","STATUS","CREATED_AT","UPDATED_AT") VALUES ('33333333-3333-3333-3333-333333333334', (SELECT next_decision_rule_id()), 'Mass Rule Example 04', 'MASS', 'SCORING', 'massContent/example04', 0.0, 'ACTIVE', NOW(), NOW());
INSERT INTO decision_rules ("ID","DECISION_RULE_RUNNING","NAME","TYPE","EVALUATE_TYPE","CONTENT_PATH","SCORE","STATUS","CREATED_AT","UPDATED_AT") VALUES ('33333333-3333-3333-3333-333333333335', (SELECT next_decision_rule_id()), 'Mass Rule Example 05', 'MASS', 'SCORING', 'massContent/example05', 0.0, 'ACTIVE', NOW(), NOW());
INSERT INTO decision_rules ("ID","DECISION_RULE_RUNNING","NAME","TYPE","EVALUATE_TYPE","CONTENT_PATH","SCORE","STATUS","CREATED_AT","UPDATED_AT") VALUES ('33333333-3333-3333-3333-333333333336', (SELECT next_decision_rule_id()), 'Mass Rule Example 06', 'MASS', 'SCORING', 'massContent/example06', 0.0, 'ACTIVE', NOW(), NOW());
INSERT INTO decision_rules ("ID","DECISION_RULE_RUNNING","NAME","TYPE","EVALUATE_TYPE","CONTENT_PATH","SCORE","STATUS","CREATED_AT","UPDATED_AT") VALUES ('33333333-3333-3333-3333-333333333337', (SELECT next_decision_rule_id()), 'Mass Rule Example 07', 'MASS', 'SCORING', 'massContent/example07', 0.0, 'ACTIVE', NOW(), NOW());
INSERT INTO decision_rules ("ID","DECISION_RULE_RUNNING","NAME","TYPE","EVALUATE_TYPE","CONTENT_PATH","SCORE","STATUS","CREATED_AT","UPDATED_AT") VALUES ('33333333-3333-3333-3333-333333333338', (SELECT next_decision_rule_id()), 'Mass Rule Example 08', 'MASS', 'SCORING', 'massContent/example08', 0.0, 'ACTIVE', NOW(), NOW());
INSERT INTO decision_rules ("ID","DECISION_RULE_RUNNING","NAME","TYPE","EVALUATE_TYPE","CONTENT_PATH","SCORE","STATUS","CREATED_AT","UPDATED_AT") VALUES ('33333333-3333-3333-3333-333333333339', (SELECT next_decision_rule_id()), 'Mass Rule Example 09', 'MASS', 'SCORING', 'massContent/example09', 0.0, 'ACTIVE', NOW(), NOW());
INSERT INTO decision_rules ("ID","DECISION_RULE_RUNNING","NAME","TYPE","EVALUATE_TYPE","CONTENT_PATH","SCORE","STATUS","CREATED_AT","UPDATED_AT") VALUES ('33333333-3333-3333-3333-333333333340', (SELECT next_decision_rule_id()), 'Mass Rule Example 10', 'MASS', 'SCORING', 'massContent/example10', 0.0, 'ACTIVE', NOW(), NOW());

INSERT INTO schedules ("ID","DECISION_RULE_ID","PLACEMENT_ID","RECURRENCE_TYPE","EFFECTIVE_FROM","EFFECTIVE_UNTIL","IS_ACTIVE","CREATED_AT","UPDATED_AT") VALUES
  ('44444444-4444-4444-4444-444444444441', '33333333-3333-3333-3333-333333333331', '22222222-2222-2222-2222-222222222221', 'ONCE', NOW(), NOW() + interval '30 day', true, NOW(), NOW()),
  ('44444444-4444-4444-4444-444444444442', '33333333-3333-3333-3333-333333333332', '22222222-2222-2222-2222-222222222222', 'ONCE', NOW(), NOW() + interval '30 day', true, NOW(), NOW()),
  ('44444444-4444-4444-4444-444444444443', '33333333-3333-3333-3333-333333333333', '22222222-2222-2222-2222-222222222223', 'ONCE', NOW(), NOW() + interval '30 day', true, NOW(), NOW()),
  ('44444444-4444-4444-4444-444444444444', '33333333-3333-3333-3333-333333333334', '22222222-2222-2222-2222-222222222224', 'ONCE', NOW(), NOW() + interval '30 day', true, NOW(), NOW()),
  ('44444444-4444-4444-4444-444444444445', '33333333-3333-3333-3333-333333333335', '22222222-2222-2222-2222-222222222221', 'ONCE', NOW(), NOW() + interval '30 day', true, NOW(), NOW()),
  ('44444444-4444-4444-4444-444444444446', '33333333-3333-3333-3333-333333333336', '22222222-2222-2222-2222-222222222222', 'ONCE', NOW(), NOW() + interval '30 day', true, NOW(), NOW()),
  ('44444444-4444-4444-4444-444444444447', '33333333-3333-3333-3333-333333333337', '22222222-2222-2222-2222-222222222223', 'ONCE', NOW(), NOW() + interval '30 day', true, NOW(), NOW()),
  ('44444444-4444-4444-4444-444444444448', '33333333-3333-3333-3333-333333333338', '22222222-2222-2222-2222-222222222224', 'ONCE', NOW(), NOW() + interval '30 day', true, NOW(), NOW()),
  ('44444444-4444-4444-4444-444444444449', '33333333-3333-3333-3333-333333333339', '22222222-2222-2222-2222-222222222221', 'ONCE', NOW(), NOW() + interval '30 day', true, NOW(), NOW()),
  ('44444444-4444-4444-4444-444444444450', '33333333-3333-3333-3333-333333333340', '22222222-2222-2222-2222-222222222222', 'ONCE', NOW(), NOW() + interval '30 day', true, NOW(), NOW());

-- +goose Down
DELETE FROM schedules WHERE "ID" IN (
  '44444444-4444-4444-4444-444444444441', '44444444-4444-4444-4444-444444444442', '44444444-4444-4444-4444-444444444443', '44444444-4444-4444-4444-444444444444', '44444444-4444-4444-4444-444444444445',
  '44444444-4444-4444-4444-444444444446', '44444444-4444-4444-4444-444444444447', '44444444-4444-4444-4444-444444444448', '44444444-4444-4444-4444-444444444449', '44444444-4444-4444-4444-444444444450'
);
DELETE FROM decision_rules WHERE "ID" IN (
  '33333333-3333-3333-3333-333333333331', '33333333-3333-3333-3333-333333333332', '33333333-3333-3333-3333-333333333333', '33333333-3333-3333-3333-333333333334',
  '33333333-3333-3333-3333-333333333335', '33333333-3333-3333-3333-333333333336', '33333333-3333-3333-3333-333333333337', '33333333-3333-3333-3333-333333333338',
  '33333333-3333-3333-3333-333333333339', '33333333-3333-3333-3333-333333333340'
);
DELETE FROM placements WHERE "ID" IN (
  '22222222-2222-2222-2222-222222222221','22222222-2222-2222-2222-222222222222','22222222-2222-2222-2222-222222222223','22222222-2222-2222-2222-222222222224'
);
DELETE FROM channels WHERE "ID" IN ('11111111-1111-1111-1111-111111111111');
